specification,weighting,metric,dropped_paper,n_models_dropped,n_effect_sizes_dropped,pct_of_effect_sizes,summary_all_28_papers,summary_without,change_pct,influence_rank
Uncorrected pooled mean,By effect-size count,Statistical power,MA22,3,276,4.8,0.8221,0.8729,+6.2,1
Uncorrected pooled mean,By effect-size count,Statistical power,MA09,1,1297,22.6,0.8221,0.7764,-5.6,2
Uncorrected pooled mean,By effect-size count,Statistical power,MA31,1,734,12.8,0.8221,0.7988,-2.8,3
Uncorrected pooled mean,By effect-size count,Statistical power,MA41,4,527,9.2,0.8221,0.8438,+2.6,4
Uncorrected pooled mean,By effect-size count,Statistical power,MA34,1,555,9.7,0.8221,0.8050,-2.1,5
Uncorrected pooled mean,By effect-size count,Statistical power,MA08,1,531,9.3,0.8221,0.8058,-2.0,6
Uncorrected pooled mean,By effect-size count,Statistical power,MA39,2,52,0.9,0.8221,0.8365,+1.8,7
Uncorrected pooled mean,By effect-size count,Statistical power,MA26,1,459,8.0,0.8221,0.8102,-1.5,8
Uncorrected pooled mean,By effect-size count,Statistical power,MA14,2,271,4.7,0.8221,0.8143,-0.9,9
Uncorrected pooled mean,By effect-size count,Statistical power,MA17,1,66,1.1,0.8221,0.8296,+0.9,10
Uncorrected pooled mean,By effect-size count,Statistical power,MA28,2,168,2.9,0.8221,0.8172,-0.6,11
Uncorrected pooled mean,By effect-size count,Statistical power,MA05,3,37,0.6,0.8221,0.8269,+0.6,12
Uncorrected pooled mean,By effect-size count,Statistical power,MA20,1,29,0.5,0.8221,0.8269,+0.6,13
Uncorrected pooled mean,By effect-size count,Statistical power,MA13,3,94,1.6,0.8221,0.8268,+0.6,14
Uncorrected pooled mean,By effect-size count,Statistical power,MA06,2,46,0.8,0.8221,0.8266,+0.6,15
Uncorrected pooled mean,By effect-size count,Statistical power,MA15,4,36,0.6,0.8221,0.8264,+0.5,16
Uncorrected pooled mean,By effect-size count,Statistical power,MA47,2,103,1.8,0.8221,0.8261,+0.5,17
Uncorrected pooled mean,By effect-size count,Statistical power,MA24,1,139,2.4,0.8221,0.8181,-0.5,18
Uncorrected pooled mean,By effect-size count,Statistical power,MA21,1,11,0.2,0.8221,0.8251,+0.4,19
Uncorrected pooled mean,By effect-size count,Statistical power,MA43,1,13,0.2,0.8221,0.8251,+0.4,20
Uncorrected pooled mean,By effect-size count,Statistical power,MA12,1,70,1.2,0.8221,0.8204,-0.2,21
Uncorrected pooled mean,By effect-size count,Statistical power,MA01,3,52,0.9,0.8221,0.8206,-0.2,22
Uncorrected pooled mean,By effect-size count,Statistical power,MA25,1,43,0.7,0.8221,0.8209,-0.1,23
Uncorrected pooled mean,By effect-size count,Statistical power,MA45,2,39,0.7,0.8221,0.8210,-0.1,24
Uncorrected pooled mean,By effect-size count,Statistical power,MA18,1,23,0.4,0.8221,0.8214,-0.1,25
Uncorrected pooled mean,By effect-size count,Statistical power,MA32,1,13,0.2,0.8221,0.8217,-0.0,26
Uncorrected pooled mean,By effect-size count,Statistical power,MA23,1,24,0.4,0.8221,0.8219,-0.0,27
Uncorrected pooled mean,By effect-size count,Statistical power,MA10,1,32,0.6,0.8221,0.8222,+0.0,28
Uncorrected pooled mean,By effect-size count,Type M error,MA09,1,1297,22.6,1.1086,1.1424,+3.1,1
Uncorrected pooled mean,By effect-size count,Type M error,MA22,3,276,4.8,1.1086,1.0763,-2.9,2
Uncorrected pooled mean,By effect-size count,Type M error,MA31,1,734,12.8,1.1086,1.1254,+1.5,3
Uncorrected pooled mean,By effect-size count,Type M error,MA41,4,527,9.2,1.1086,1.0948,-1.2,4
Uncorrected pooled mean,By effect-size count,Type M error,MA39,2,52,0.9,1.1086,1.0960,-1.1,5
Uncorrected pooled mean,By effect-size count,Type M error,MA34,1,555,9.7,1.1086,1.1209,+1.1,6
Uncorrected pooled mean,By effect-size count,Type M error,MA08,1,531,9.3,1.1086,1.1203,+1.1,7
Uncorrected pooled mean,By effect-size count,Type M error,MA26,1,459,8.0,1.1086,1.1169,+0.8,8
Uncorrected pooled mean,By effect-size count,Type M error,MA14,2,271,4.7,1.1086,1.1141,+0.5,9
Uncorrected pooled mean,By effect-size count,Type M error,MA15,4,36,0.6,1.1086,1.1034,-0.5,10
Uncorrected pooled mean,By effect-size count,Type M error,MA17,1,66,1.1,1.1086,1.1037,-0.4,11
Uncorrected pooled mean,By effect-size count,Type M error,MA28,2,168,2.9,1.1086,1.1120,+0.3,12
Uncorrected pooled mean,By effect-size count,Type M error,MA05,3,37,0.6,1.1086,1.1052,-0.3,13
Uncorrected pooled mean,By effect-size count,Type M error,MA20,1,29,0.5,1.1086,1.1054,-0.3,14
Uncorrected pooled mean,By effect-size count,Type M error,MA13,3,94,1.6,1.1086,1.1055,-0.3,15
Uncorrected pooled mean,By effect-size count,Type M error,MA06,2,46,0.8,1.1086,1.1056,-0.3,16
Uncorrected pooled mean,By effect-size count,Type M error,MA24,1,139,2.4,1.1086,1.1114,+0.3,17
Uncorrected pooled mean,By effect-size count,Type M error,MA47,2,103,1.8,1.1086,1.1060,-0.2,18
Uncorrected pooled mean,By effect-size count,Type M error,MA21,1,11,0.2,1.1086,1.1063,-0.2,19
Uncorrected pooled mean,By effect-size count,Type M error,MA43,1,13,0.2,1.1086,1.1065,-0.2,20
Uncorrected pooled mean,By effect-size count,Type M error,MA12,1,70,1.2,1.1086,1.1097,+0.1,21
Uncorrected pooled mean,By effect-size count,Type M error,MA01,3,52,0.9,1.1086,1.1096,+0.1,22
Uncorrected pooled mean,By effect-size count,Type M error,MA25,1,43,0.7,1.1086,1.1094,+0.1,23
Uncorrected pooled mean,By effect-size count,Type M error,MA45,2,39,0.7,1.1086,1.1093,+0.1,24
Uncorrected pooled mean,By effect-size count,Type M error,MA18,1,23,0.4,1.1086,1.1090,+0.0,25
Uncorrected pooled mean,By effect-size count,Type M error,MA32,1,13,0.2,1.1086,1.1088,+0.0,26
Uncorrected pooled mean,By effect-size count,Type M error,MA23,1,24,0.4,1.1086,1.1087,+0.0,27
Uncorrected pooled mean,By effect-size count,Type M error,MA10,1,32,0.6,1.1086,1.1085,-0.0,28
Uncorrected pooled mean,By effect-size count,Type S error,MA39,2,52,0.9,0.00058,0.00037,-36.6,1
Uncorrected pooled mean,By effect-size count,Type S error,MA09,1,1297,22.6,0.00058,0.00076,+29.6,2
Uncorrected pooled mean,By effect-size count,Type S error,MA15,4,36,0.6,0.00058,0.00046,-21.0,3
Uncorrected pooled mean,By effect-size count,Type S error,MA22,3,276,4.8,0.00058,0.00049,-15.8,4
Uncorrected pooled mean,By effect-size count,Type S error,MA31,1,734,12.8,0.00058,0.00067,+14.9,5
Uncorrected pooled mean,By effect-size count,Type S error,MA34,1,555,9.7,0.00058,0.00065,+10.8,6
Uncorrected pooled mean,By effect-size count,Type S error,MA08,1,531,9.3,0.00058,0.00064,+10.3,7
Uncorrected pooled mean,By effect-size count,Type S error,MA26,1,459,8.0,0.00058,0.00063,+8.8,8
Uncorrected pooled mean,By effect-size count,Type S error,MA41,4,527,9.2,0.00058,0.00063,+8.0,9
Uncorrected pooled mean,By effect-size count,Type S error,MA21,1,11,0.2,0.00058,0.00055,-6.1,10
Uncorrected pooled mean,By effect-size count,Type S error,MA05,3,37,0.6,0.00058,0.00055,-5.3,11
Uncorrected pooled mean,By effect-size count,Type S error,MA14,2,271,4.7,0.00058,0.00061,+5.0,12
Uncorrected pooled mean,By effect-size count,Type S error,MA43,1,13,0.2,0.00058,0.00056,-3.2,13
Uncorrected pooled mean,By effect-size count,Type S error,MA28,2,168,2.9,0.00058,0.0006,+3.1,14
Uncorrected pooled mean,By effect-size count,Type S error,MA24,1,139,2.4,0.00058,0.0006,+2.5,15
Uncorrected pooled mean,By effect-size count,Type S error,MA47,2,103,1.8,0.00058,0.00059,+1.6,16
Uncorrected pooled mean,By effect-size count,Type S error,MA12,1,70,1.2,0.00058,0.00059,+1.2,17
Uncorrected pooled mean,By effect-size count,Type S error,MA20,1,29,0.5,0.00058,0.00058,-1.2,18
Uncorrected pooled mean,By effect-size count,Type S error,MA01,3,52,0.9,0.00058,0.00059,+0.9,19
Uncorrected pooled mean,By effect-size count,Type S error,MA25,1,43,0.7,0.00058,0.00059,+0.8,20
Uncorrected pooled mean,By effect-size count,Type S error,MA13,3,94,1.6,0.00058,0.00059,+0.7,21
Uncorrected pooled mean,By effect-size count,Type S error,MA45,2,39,0.7,0.00058,0.00059,+0.7,22
Uncorrected pooled mean,By effect-size count,Type S error,MA10,1,32,0.6,0.00058,0.00059,+0.6,23
Uncorrected pooled mean,By effect-size count,Type S error,MA23,1,24,0.4,0.00058,0.00059,+0.4,24
Uncorrected pooled mean,By effect-size count,Type S error,MA18,1,23,0.4,0.00058,0.00059,+0.4,25
Uncorrected pooled mean,By effect-size count,Type S error,MA17,1,66,1.1,0.00058,0.00059,+0.3,26
Uncorrected pooled mean,By effect-size count,Type S error,MA32,1,13,0.2,0.00058,0.00058,+0.2,27
Uncorrected pooled mean,By effect-size count,Type S error,MA06,2,46,0.8,0.00058,0.00058,-0.2,28
Yang 2023 bias-corrected,By effect-size count,Statistical power,MA26,1,459,8.0,0.3904,0.4666,+19.5,1
Yang 2023 bias-corrected,By effect-size count,Statistical power,MA31,1,734,12.8,0.3904,0.3401,-12.9,2
Yang 2023 bias-corrected,By effect-size count,Statistical power,MA08,1,531,9.3,0.3904,0.3634,-6.9,3
Yang 2023 bias-corrected,By effect-size count,Statistical power,MA34,1,555,9.7,0.3904,0.3710,-5.0,4
Yang 2023 bias-corrected,By effect-size count,Statistical power,MA41,4,527,9.2,0.3904,0.4084,+4.6,5
Yang 2023 bias-corrected,By effect-size count,Statistical power,MA14,2,271,4.7,0.3904,0.3728,-4.5,6
Yang 2023 bias-corrected,By effect-size count,Statistical power,MA09,1,1297,22.6,0.3904,0.3806,-2.5,7
Yang 2023 bias-corrected,By effect-size count,Statistical power,MA22,3,276,4.8,0.3904,0.3992,+2.3,8
Yang 2023 bias-corrected,By effect-size count,Statistical power,MA39,2,52,0.9,0.3904,0.3977,+1.9,9
Yang 2023 bias-corrected,By effect-size count,Statistical power,MA47,2,103,1.8,0.3904,0.3969,+1.7,10
Yang 2023 bias-corrected,By effect-size count,Statistical power,MA24,1,139,2.4,0.3904,0.3854,-1.3,11
Yang 2023 bias-corrected,By effect-size count,Statistical power,MA06,2,46,0.8,0.3904,0.3951,+1.2,12
Yang 2023 bias-corrected,By effect-size count,Statistical power,MA13,3,94,1.6,0.3904,0.3951,+1.2,13
Yang 2023 bias-corrected,By effect-size count,Statistical power,MA12,1,70,1.2,0.3904,0.3860,-1.1,14
Yang 2023 bias-corrected,By effect-size count,Statistical power,MA28,2,168,2.9,0.3904,0.3869,-0.9,15
Yang 2023 bias-corrected,By effect-size count,Statistical power,MA10,1,32,0.6,0.3904,0.3936,+0.8,16
Yang 2023 bias-corrected,By effect-size count,Statistical power,MA20,1,29,0.5,0.3904,0.3935,+0.8,17
Yang 2023 bias-corrected,By effect-size count,Statistical power,MA01,3,52,0.9,0.3904,0.3934,+0.8,18
Yang 2023 bias-corrected,By effect-size count,Statistical power,MA17,1,66,1.1,0.3904,0.3933,+0.7,19
Yang 2023 bias-corrected,By effect-size count,Statistical power,MA23,1,24,0.4,0.3904,0.3927,+0.6,20
Yang 2023 bias-corrected,By effect-size count,Statistical power,MA45,2,39,0.7,0.3904,0.3886,-0.4,21
Yang 2023 bias-corrected,By effect-size count,Statistical power,MA25,1,43,0.7,0.3904,0.3921,+0.4,22
Yang 2023 bias-corrected,By effect-size count,Statistical power,MA15,4,36,0.6,0.3904,0.3919,+0.4,23
Yang 2023 bias-corrected,By effect-size count,Statistical power,MA43,1,13,0.2,0.3904,0.3917,+0.3,24
Yang 2023 bias-corrected,By effect-size count,Statistical power,MA18,1,23,0.4,0.3904,0.3891,-0.3,25
Yang 2023 bias-corrected,By effect-size count,Statistical power,MA21,1,11,0.2,0.3904,0.3913,+0.2,26
Yang 2023 bias-corrected,By effect-size count,Statistical power,MA32,1,13,0.2,0.3904,0.3895,-0.2,27
Yang 2023 bias-corrected,By effect-size count,Statistical power,MA05,3,37,0.6,0.3904,0.3908,+0.1,28
Yang 2023 bias-corrected,By effect-size count,Type M error,MA26,1,459,8.0,2.1771,1.5960,-26.7,1
Yang 2023 bias-corrected,By effect-size count,Type M error,MA31,1,734,12.8,2.1771,2.4401,+12.1,2
Yang 2023 bias-corrected,By effect-size count,Type M error,MA09,1,1297,22.6,2.1771,2.4181,+11.1,3
Yang 2023 bias-corrected,By effect-size count,Type M error,MA08,1,531,9.3,2.1771,2.3268,+6.9,4
Yang 2023 bias-corrected,By effect-size count,Type M error,MA34,1,555,9.7,2.1771,2.3077,+6.0,5
Yang 2023 bias-corrected,By effect-size count,Type M error,MA39,2,52,0.9,2.1771,2.0633,-5.2,6
Yang 2023 bias-corrected,By effect-size count,Type M error,MA14,2,271,4.7,2.1771,2.2620,+3.9,7
Yang 2023 bias-corrected,By effect-size count,Type M error,MA47,2,103,1.8,2.1771,2.1429,-1.6,8
Yang 2023 bias-corrected,By effect-size count,Type M error,MA24,1,139,2.4,2.1771,2.2077,+1.4,9
Yang 2023 bias-corrected,By effect-size count,Type M error,MA28,2,168,2.9,2.1771,2.2073,+1.4,10
Yang 2023 bias-corrected,By effect-size count,Type M error,MA12,1,70,1.2,2.1771,2.1976,+0.9,11
Yang 2023 bias-corrected,By effect-size count,Type M error,MA06,2,46,0.8,2.1771,2.1639,-0.6,12
Yang 2023 bias-corrected,By effect-size count,Type M error,MA13,3,94,1.6,2.1771,2.1660,-0.5,13
Yang 2023 bias-corrected,By effect-size count,Type M error,MA22,3,276,4.8,2.1771,2.1870,+0.5,14
Yang 2023 bias-corrected,By effect-size count,Type M error,MA45,2,39,0.7,2.1771,2.1866,+0.4,15
Yang 2023 bias-corrected,By effect-size count,Type M error,MA01,3,52,0.9,2.1771,2.1686,-0.4,16
Yang 2023 bias-corrected,By effect-size count,Type M error,MA20,1,29,0.5,2.1771,2.1687,-0.4,17
Yang 2023 bias-corrected,By effect-size count,Type M error,MA10,1,32,0.6,2.1771,2.1695,-0.3,18
Yang 2023 bias-corrected,By effect-size count,Type M error,MA41,4,527,9.2,2.1771,2.1840,+0.3,19
Yang 2023 bias-corrected,By effect-size count,Type M error,MA18,1,23,0.4,2.1771,2.1834,+0.3,20
Yang 2023 bias-corrected,By effect-size count,Type M error,MA15,4,36,0.6,2.1771,2.1714,-0.3,21
Yang 2023 bias-corrected,By effect-size count,Type M error,MA23,1,24,0.4,2.1771,2.1717,-0.2,22
Yang 2023 bias-corrected,By effect-size count,Type M error,MA32,1,13,0.2,2.1771,2.1809,+0.2,23
Yang 2023 bias-corrected,By effect-size count,Type M error,MA43,1,13,0.2,2.1771,2.1739,-0.1,24
Yang 2023 bias-corrected,By effect-size count,Type M error,MA05,3,37,0.6,2.1771,2.1800,+0.1,25
Yang 2023 bias-corrected,By effect-size count,Type M error,MA21,1,11,0.2,2.1771,2.1754,-0.1,26
Yang 2023 bias-corrected,By effect-size count,Type M error,MA17,1,66,1.1,2.1771,2.1767,-0.0,27
Yang 2023 bias-corrected,By effect-size count,Type M error,MA25,1,43,0.7,2.1771,2.1772,+0.0,28
Yang 2023 bias-corrected,By effect-size count,Type S error,MA26,1,459,8.0,0.0122,0.0048,-61.1,1
Yang 2023 bias-corrected,By effect-size count,Type S error,MA09,1,1297,22.6,0.0122,0.0167,+36.6,2
Yang 2023 bias-corrected,By effect-size count,Type S error,MA31,1,734,12.8,0.0122,0.0145,+18.3,3
Yang 2023 bias-corrected,By effect-size count,Type S error,MA34,1,555,9.7,0.0122,0.0138,+13.2,4
Yang 2023 bias-corrected,By effect-size count,Type S error,MA08,1,531,9.3,0.0122,0.0138,+12.6,5
Yang 2023 bias-corrected,By effect-size count,Type S error,MA39,2,52,0.9,0.0122,0.0114,-6.8,6
Yang 2023 bias-corrected,By effect-size count,Type S error,MA47,2,103,1.8,0.0122,0.0114,-6.8,7
Yang 2023 bias-corrected,By effect-size count,Type S error,MA14,2,271,4.7,0.0122,0.0130,+6.1,8
Yang 2023 bias-corrected,By effect-size count,Type S error,MA22,3,276,4.8,0.0122,0.0128,+4.7,9
Yang 2023 bias-corrected,By effect-size count,Type S error,MA28,2,168,2.9,0.0122,0.0127,+3.6,10
Yang 2023 bias-corrected,By effect-size count,Type S error,MA24,1,139,2.4,0.0122,0.0126,+3.0,11
Yang 2023 bias-corrected,By effect-size count,Type S error,MA06,2,46,0.8,0.0122,0.0119,-2.3,12
Yang 2023 bias-corrected,By effect-size count,Type S error,MA20,1,29,0.5,0.0122,0.0120,-1.6,13
Yang 2023 bias-corrected,By effect-size count,Type S error,MA12,1,70,1.2,0.0122,0.0124,+1.5,14
Yang 2023 bias-corrected,By effect-size count,Type S error,MA10,1,32,0.6,0.0122,0.0121,-1.4,15
Yang 2023 bias-corrected,By effect-size count,Type S error,MA15,4,36,0.6,0.0122,0.0121,-1.3,16
Yang 2023 bias-corrected,By effect-size count,Type S error,MA01,3,52,0.9,0.0122,0.0121,-1.1,17
Yang 2023 bias-corrected,By effect-size count,Type S error,MA23,1,24,0.4,0.0122,0.0121,-1.0,18
Yang 2023 bias-corrected,By effect-size count,Type S error,MA45,2,39,0.7,0.0122,0.0123,+0.8,19
Yang 2023 bias-corrected,By effect-size count,Type S error,MA17,1,66,1.1,0.0122,0.0123,+0.8,20
Yang 2023 bias-corrected,By effect-size count,Type S error,MA13,3,94,1.6,0.0122,0.0121,-0.7,21
Yang 2023 bias-corrected,By effect-size count,Type S error,MA43,1,13,0.2,0.0122,0.0122,-0.6,22
Yang 2023 bias-corrected,By effect-size count,Type S error,MA25,1,43,0.7,0.0122,0.0123,+0.6,23
Yang 2023 bias-corrected,By effect-size count,Type S error,MA18,1,23,0.4,0.0122,0.0123,+0.5,24
Yang 2023 bias-corrected,By effect-size count,Type S error,MA05,3,37,0.6,0.0122,0.0123,+0.4,25
Yang 2023 bias-corrected,By effect-size count,Type S error,MA32,1,13,0.2,0.0122,0.0123,+0.3,26
Yang 2023 bias-corrected,By effect-size count,Type S error,MA21,1,11,0.2,0.0122,0.0122,-0.2,27
Yang 2023 bias-corrected,By effect-size count,Type S error,MA41,4,527,9.2,0.0122,0.0122,-0.2,28
Yang 2024 bias-robust (FE + VCV),By effect-size count,Statistical power,MA09,1,1297,22.6,0.4789,0.6931,+44.7,1
Yang 2024 bias-robust (FE + VCV),By effect-size count,Statistical power,MA31,1,734,12.8,0.4789,0.4299,-10.2,2
Yang 2024 bias-robust (FE + VCV),By effect-size count,Statistical power,MA08,1,531,9.3,0.4789,0.4443,-7.2,3
Yang 2024 bias-robust (FE + VCV),By effect-size count,Statistical power,MA34,1,555,9.7,0.4789,0.4523,-5.6,4
Yang 2024 bias-robust (FE + VCV),By effect-size count,Statistical power,MA26,1,459,8.0,0.4789,0.4566,-4.7,5
Yang 2024 bias-robust (FE + VCV),By effect-size count,Statistical power,MA22,3,276,4.8,0.4789,0.5012,+4.6,6
Yang 2024 bias-robust (FE + VCV),By effect-size count,Statistical power,MA14,2,271,4.7,0.4789,0.4619,-3.6,7
Yang 2024 bias-robust (FE + VCV),By effect-size count,Statistical power,MA28,2,168,2.9,0.4789,0.4684,-2.2,8
Yang 2024 bias-robust (FE + VCV),By effect-size count,Statistical power,MA24,1,139,2.4,0.4789,0.4703,-1.8,9
Yang 2024 bias-robust (FE + VCV),By effect-size count,Statistical power,MA39,2,52,0.9,0.4789,0.4863,+1.5,10
Yang 2024 bias-robust (FE + VCV),By effect-size count,Statistical power,MA47,2,103,1.8,0.4789,0.4824,+0.7,11
Yang 2024 bias-robust (FE + VCV),By effect-size count,Statistical power,MA17,1,66,1.1,0.4789,0.4824,+0.7,12
Yang 2024 bias-robust (FE + VCV),By effect-size count,Statistical power,MA13,3,94,1.6,0.4789,0.4755,-0.7,13
Yang 2024 bias-robust (FE + VCV),By effect-size count,Statistical power,MA20,1,29,0.5,0.4789,0.4822,+0.7,14
Yang 2024 bias-robust (FE + VCV),By effect-size count,Statistical power,MA01,3,52,0.9,0.4789,0.4757,-0.7,15
Yang 2024 bias-robust (FE + VCV),By effect-size count,Statistical power,MA25,1,43,0.7,0.4789,0.4764,-0.5,16
Yang 2024 bias-robust (FE + VCV),By effect-size count,Statistical power,MA45,2,39,0.7,0.4789,0.4766,-0.5,17
Yang 2024 bias-robust (FE + VCV),By effect-size count,Statistical power,MA23,1,24,0.4,0.4789,0.4775,-0.3,18
Yang 2024 bias-robust (FE + VCV),By effect-size count,Statistical power,MA18,1,23,0.4,0.4789,0.4775,-0.3,19
Yang 2024 bias-robust (FE + VCV),By effect-size count,Statistical power,MA10,1,32,0.6,0.4789,0.4776,-0.3,20
Yang 2024 bias-robust (FE + VCV),By effect-size count,Statistical power,MA41,4,527,9.2,0.4789,0.4777,-0.3,21
Yang 2024 bias-robust (FE + VCV),By effect-size count,Statistical power,MA43,1,13,0.2,0.4789,0.4801,+0.2,22
Yang 2024 bias-robust (FE + VCV),By effect-size count,Statistical power,MA05,3,37,0.6,0.4789,0.4800,+0.2,23
Yang 2024 bias-robust (FE + VCV),By effect-size count,Statistical power,MA32,1,13,0.2,0.4789,0.4782,-0.2,24
Yang 2024 bias-robust (FE + VCV),By effect-size count,Statistical power,MA21,1,11,0.2,0.4789,0.4797,+0.2,25
Yang 2024 bias-robust (FE + VCV),By effect-size count,Statistical power,MA15,4,36,0.6,0.4789,0.4782,-0.2,26
Yang 2024 bias-robust (FE + VCV),By effect-size count,Statistical power,MA12,1,70,1.2,0.4789,0.4784,-0.1,27
Yang 2024 bias-robust (FE + VCV),By effect-size count,Statistical power,MA06,2,46,0.8,0.4789,0.4788,-0.0,28
Yang 2024 bias-robust (FE + VCV),By effect-size count,Type M error,MA09,1,1297,22.6,1.5257,1.2637,-17.2,1
Yang 2024 bias-robust (FE + VCV),By effect-size count,Type M error,MA31,1,734,12.8,1.5257,1.6232,+6.4,2
Yang 2024 bias-robust (FE + VCV),By effect-size count,Type M error,MA22,3,276,4.8,1.5257,1.4428,-5.4,3
Yang 2024 bias-robust (FE + VCV),By effect-size count,Type M error,MA08,1,531,9.3,1.5257,1.5929,+4.4,4
Yang 2024 bias-robust (FE + VCV),By effect-size count,Type M error,MA34,1,555,9.7,1.5257,1.5781,+3.4,5
Yang 2024 bias-robust (FE + VCV),By effect-size count,Type M error,MA26,1,459,8.0,1.5257,1.5692,+2.8,6
Yang 2024 bias-robust (FE + VCV),By effect-size count,Type M error,MA14,2,271,4.7,1.5257,1.5578,+2.1,7
Yang 2024 bias-robust (FE + VCV),By effect-size count,Type M error,MA28,2,168,2.9,1.5257,1.5453,+1.3,8
Yang 2024 bias-robust (FE + VCV),By effect-size count,Type M error,MA24,1,139,2.4,1.5257,1.5418,+1.1,9
Yang 2024 bias-robust (FE + VCV),By effect-size count,Type M error,MA39,2,52,0.9,1.5257,1.5117,-0.9,10
Yang 2024 bias-robust (FE + VCV),By effect-size count,Type M error,MA41,4,527,9.2,1.5257,1.5344,+0.6,11
Yang 2024 bias-robust (FE + VCV),By effect-size count,Type M error,MA13,3,94,1.6,1.5257,1.5325,+0.4,12
Yang 2024 bias-robust (FE + VCV),By effect-size count,Type M error,MA01,3,52,0.9,1.5257,1.5316,+0.4,13
Yang 2024 bias-robust (FE + VCV),By effect-size count,Type M error,MA20,1,29,0.5,1.5257,1.5204,-0.3,14
Yang 2024 bias-robust (FE + VCV),By effect-size count,Type M error,MA25,1,43,0.7,1.5257,1.5304,+0.3,15
Yang 2024 bias-robust (FE + VCV),By effect-size count,Type M error,MA47,2,103,1.8,1.5257,1.5212,-0.3,16
Yang 2024 bias-robust (FE + VCV),By effect-size count,Type M error,MA17,1,66,1.1,1.5257,1.5213,-0.3,17
Yang 2024 bias-robust (FE + VCV),By effect-size count,Type M error,MA45,2,39,0.7,1.5257,1.5301,+0.3,18
Yang 2024 bias-robust (FE + VCV),By effect-size count,Type M error,MA23,1,24,0.4,1.5257,1.5284,+0.2,19
Yang 2024 bias-robust (FE + VCV),By effect-size count,Type M error,MA18,1,23,0.4,1.5257,1.5283,+0.2,20
Yang 2024 bias-robust (FE + VCV),By effect-size count,Type M error,MA10,1,32,0.6,1.5257,1.5283,+0.2,21
Yang 2024 bias-robust (FE + VCV),By effect-size count,Type M error,MA12,1,70,1.2,1.5257,1.5277,+0.1,22
Yang 2024 bias-robust (FE + VCV),By effect-size count,Type M error,MA15,4,36,0.6,1.5257,1.5275,+0.1,23
Yang 2024 bias-robust (FE + VCV),By effect-size count,Type M error,MA43,1,13,0.2,1.5257,1.5241,-0.1,24
Yang 2024 bias-robust (FE + VCV),By effect-size count,Type M error,MA32,1,13,0.2,1.5257,1.5272,+0.1,25
Yang 2024 bias-robust (FE + VCV),By effect-size count,Type M error,MA05,3,37,0.6,1.5257,1.5245,-0.1,26
Yang 2024 bias-robust (FE + VCV),By effect-size count,Type M error,MA21,1,11,0.2,1.5257,1.5246,-0.1,27
Yang 2024 bias-robust (FE + VCV),By effect-size count,Type M error,MA06,2,46,0.8,1.5257,1.5267,+0.1,28
Yang 2024 bias-robust (FE + VCV),By effect-size count,Type S error,MA09,1,1297,22.6,0.0056,0.0026,-53.4,1
Yang 2024 bias-robust (FE + VCV),By effect-size count,Type S error,MA22,3,276,4.8,0.0056,0.0044,-20.9,2
Yang 2024 bias-robust (FE + VCV),By effect-size count,Type S error,MA31,1,734,12.8,0.0056,0.0065,+16.4,3
Yang 2024 bias-robust (FE + VCV),By effect-size count,Type S error,MA34,1,555,9.7,0.0056,0.0063,+12.0,4
Yang 2024 bias-robust (FE + VCV),By effect-size count,Type S error,MA08,1,531,9.3,0.0056,0.0063,+11.4,5
Yang 2024 bias-robust (FE + VCV),By effect-size count,Type S error,MA26,1,459,8.0,0.0056,0.0062,+9.7,6
Yang 2024 bias-robust (FE + VCV),By effect-size count,Type S error,MA41,4,527,9.2,0.0056,0.0060,+5.9,7
Yang 2024 bias-robust (FE + VCV),By effect-size count,Type S error,MA14,2,271,4.7,0.0056,0.0059,+5.5,8
Yang 2024 bias-robust (FE + VCV),By effect-size count,Type S error,MA39,2,52,0.9,0.0056,0.0053,-5.1,9
Yang 2024 bias-robust (FE + VCV),By effect-size count,Type S error,MA28,2,168,2.9,0.0056,0.0058,+3.3,10
Yang 2024 bias-robust (FE + VCV),By effect-size count,Type S error,MA24,1,139,2.4,0.0056,0.0058,+2.7,11
Yang 2024 bias-robust (FE + VCV),By effect-size count,Type S error,MA13,3,94,1.6,0.0056,0.0057,+1.8,12
Yang 2024 bias-robust (FE + VCV),By effect-size count,Type S error,MA12,1,70,1.2,0.0056,0.0057,+1.3,13
Yang 2024 bias-robust (FE + VCV),By effect-size count,Type S error,MA20,1,29,0.5,0.0056,0.0056,-1.2,14
Yang 2024 bias-robust (FE + VCV),By effect-size count,Type S error,MA01,3,52,0.9,0.0056,0.0057,+1.0,15
Yang 2024 bias-robust (FE + VCV),By effect-size count,Type S error,MA06,2,46,0.8,0.0056,0.0057,+0.8,16
Yang 2024 bias-robust (FE + VCV),By effect-size count,Type S error,MA25,1,43,0.7,0.0056,0.0057,+0.8,17
Yang 2024 bias-robust (FE + VCV),By effect-size count,Type S error,MA17,1,66,1.1,0.0056,0.0057,+0.8,18
Yang 2024 bias-robust (FE + VCV),By effect-size count,Type S error,MA45,2,39,0.7,0.0056,0.0057,+0.8,19
Yang 2024 bias-robust (FE + VCV),By effect-size count,Type S error,MA15,4,36,0.6,0.0056,0.0057,+0.6,20
Yang 2024 bias-robust (FE + VCV),By effect-size count,Type S error,MA10,1,32,0.6,0.0056,0.0057,+0.6,21
Yang 2024 bias-robust (FE + VCV),By effect-size count,Type S error,MA23,1,24,0.4,0.0056,0.0056,+0.5,22
Yang 2024 bias-robust (FE + VCV),By effect-size count,Type S error,MA18,1,23,0.4,0.0056,0.0056,+0.4,23
Yang 2024 bias-robust (FE + VCV),By effect-size count,Type S error,MA32,1,13,0.2,0.0056,0.0056,+0.3,24
Yang 2024 bias-robust (FE + VCV),By effect-size count,Type S error,MA05,3,37,0.6,0.0056,0.0056,+0.2,25
Yang 2024 bias-robust (FE + VCV),By effect-size count,Type S error,MA43,1,13,0.2,0.0056,0.0056,-0.1,26
Yang 2024 bias-robust (FE + VCV),By effect-size count,Type S error,MA47,2,103,1.8,0.0056,0.0056,-0.0,27
Yang 2024 bias-robust (FE + VCV),By effect-size count,Type S error,MA21,1,11,0.2,0.0056,0.0056,+0.0,28
Yang 2024 bias-robust (UWLS),By effect-size count,Statistical power,MA09,1,1297,22.6,0.3827,0.6609,+72.7,1
Yang 2024 bias-robust (UWLS),By effect-size count,Statistical power,MA31,1,734,12.8,0.3827,0.3328,-13.0,2
Yang 2024 bias-robust (UWLS),By effect-size count,Statistical power,MA34,1,555,9.7,0.3827,0.3453,-9.8,3
Yang 2024 bias-robust (UWLS),By effect-size count,Statistical power,MA08,1,531,9.3,0.3827,0.3470,-9.3,4
Yang 2024 bias-robust (UWLS),By effect-size count,Statistical power,MA26,1,459,8.0,0.3827,0.3522,-8.0,5
Yang 2024 bias-robust (UWLS),By effect-size count,Statistical power,MA22,3,276,4.8,0.3827,0.4004,+4.6,6
Yang 2024 bias-robust (UWLS),By effect-size count,Statistical power,MA14,2,271,4.7,0.3827,0.3650,-4.6,7
Yang 2024 bias-robust (UWLS),By effect-size count,Statistical power,MA41,4,527,9.2,0.3827,0.3987,+4.2,8
Yang 2024 bias-robust (UWLS),By effect-size count,Statistical power,MA28,2,168,2.9,0.3827,0.3718,-2.9,9
Yang 2024 bias-robust (UWLS),By effect-size count,Statistical power,MA24,1,139,2.4,0.3827,0.3737,-2.3,10
Yang 2024 bias-robust (UWLS),By effect-size count,Statistical power,MA13,3,94,1.6,0.3827,0.3788,-1.0,11
Yang 2024 bias-robust (UWLS),By effect-size count,Statistical power,MA01,3,52,0.9,0.3827,0.3793,-0.9,12
Yang 2024 bias-robust (UWLS),By effect-size count,Statistical power,MA47,2,103,1.8,0.3827,0.3859,+0.8,13
Yang 2024 bias-robust (UWLS),By effect-size count,Statistical power,MA12,1,70,1.2,0.3827,0.3795,-0.8,14
Yang 2024 bias-robust (UWLS),By effect-size count,Statistical power,MA25,1,43,0.7,0.3827,0.3801,-0.7,15
Yang 2024 bias-robust (UWLS),By effect-size count,Statistical power,MA39,2,52,0.9,0.3827,0.3852,+0.7,16
Yang 2024 bias-robust (UWLS),By effect-size count,Statistical power,MA45,2,39,0.7,0.3827,0.3802,-0.7,17
Yang 2024 bias-robust (UWLS),By effect-size count,Statistical power,MA15,4,36,0.6,0.3827,0.3806,-0.6,18
Yang 2024 bias-robust (UWLS),By effect-size count,Statistical power,MA20,1,29,0.5,0.3827,0.3846,+0.5,19
Yang 2024 bias-robust (UWLS),By effect-size count,Statistical power,MA10,1,32,0.6,0.3827,0.3811,-0.4,20
Yang 2024 bias-robust (UWLS),By effect-size count,Statistical power,MA23,1,24,0.4,0.3827,0.3812,-0.4,21
Yang 2024 bias-robust (UWLS),By effect-size count,Statistical power,MA18,1,23,0.4,0.3827,0.3812,-0.4,22
Yang 2024 bias-robust (UWLS),By effect-size count,Statistical power,MA06,2,46,0.8,0.3827,0.3841,+0.4,23
Yang 2024 bias-robust (UWLS),By effect-size count,Statistical power,MA21,1,11,0.2,0.3827,0.3840,+0.4,24
Yang 2024 bias-robust (UWLS),By effect-size count,Statistical power,MA05,3,37,0.6,0.3827,0.3840,+0.3,25
Yang 2024 bias-robust (UWLS),By effect-size count,Statistical power,MA43,1,13,0.2,0.3827,0.3838,+0.3,26
Yang 2024 bias-robust (UWLS),By effect-size count,Statistical power,MA32,1,13,0.2,0.3827,0.3819,-0.2,27
Yang 2024 bias-robust (UWLS),By effect-size count,Statistical power,MA17,1,66,1.1,0.3827,0.3825,-0.1,28
Yang 2024 bias-robust (UWLS),By effect-size count,Type M error,MA09,1,1297,22.6,2.0113,1.3211,-34.3,1
Yang 2024 bias-robust (UWLS),By effect-size count,Type M error,MA31,1,734,12.8,2.0113,2.2266,+10.7,2
Yang 2024 bias-robust (UWLS),By effect-size count,Type M error,MA34,1,555,9.7,2.0113,2.1675,+7.8,3
Yang 2024 bias-robust (UWLS),By effect-size count,Type M error,MA08,1,531,9.3,2.0113,2.1597,+7.4,4
Yang 2024 bias-robust (UWLS),By effect-size count,Type M error,MA26,1,459,8.0,2.0113,2.1364,+6.2,5
Yang 2024 bias-robust (UWLS),By effect-size count,Type M error,MA41,4,527,9.2,2.0113,1.9136,-4.9,6
Yang 2024 bias-robust (UWLS),By effect-size count,Type M error,MA14,2,271,4.7,2.0113,2.0818,+3.5,7
Yang 2024 bias-robust (UWLS),By effect-size count,Type M error,MA28,2,168,2.9,2.0113,2.0541,+2.1,8
Yang 2024 bias-robust (UWLS),By effect-size count,Type M error,MA24,1,139,2.4,2.0113,2.0463,+1.7,9
Yang 2024 bias-robust (UWLS),By effect-size count,Type M error,MA22,3,276,4.8,2.0113,1.9817,-1.5,10
Yang 2024 bias-robust (UWLS),By effect-size count,Type M error,MA13,3,94,1.6,2.0113,2.0289,+0.9,11
Yang 2024 bias-robust (UWLS),By effect-size count,Type M error,MA12,1,70,1.2,2.0113,2.0249,+0.7,12
Yang 2024 bias-robust (UWLS),By effect-size count,Type M error,MA01,3,52,0.9,2.0113,2.0241,+0.6,13
Yang 2024 bias-robust (UWLS),By effect-size count,Type M error,MA25,1,43,0.7,2.0113,2.0214,+0.5,14
Yang 2024 bias-robust (UWLS),By effect-size count,Type M error,MA45,2,39,0.7,2.0113,2.0209,+0.5,15
Yang 2024 bias-robust (UWLS),By effect-size count,Type M error,MA15,4,36,0.6,2.0113,2.0196,+0.4,16
Yang 2024 bias-robust (UWLS),By effect-size count,Type M error,MA10,1,32,0.6,2.0113,2.0178,+0.3,17
Yang 2024 bias-robust (UWLS),By effect-size count,Type M error,MA17,1,66,1.1,2.0113,2.0171,+0.3,18
Yang 2024 bias-robust (UWLS),By effect-size count,Type M error,MA23,1,24,0.4,2.0113,2.0171,+0.3,19
Yang 2024 bias-robust (UWLS),By effect-size count,Type M error,MA18,1,23,0.4,2.0113,2.0169,+0.3,20
Yang 2024 bias-robust (UWLS),By effect-size count,Type M error,MA21,1,11,0.2,2.0113,2.0061,-0.3,21
Yang 2024 bias-robust (UWLS),By effect-size count,Type M error,MA39,2,52,0.9,2.0113,2.0075,-0.2,22
Yang 2024 bias-robust (UWLS),By effect-size count,Type M error,MA47,2,103,1.8,2.0113,2.0075,-0.2,23
Yang 2024 bias-robust (UWLS),By effect-size count,Type M error,MA20,1,29,0.5,2.0113,2.0078,-0.2,24
Yang 2024 bias-robust (UWLS),By effect-size count,Type M error,MA32,1,13,0.2,2.0113,2.0144,+0.2,25
Yang 2024 bias-robust (UWLS),By effect-size count,Type M error,MA43,1,13,0.2,2.0113,2.0088,-0.1,26
Yang 2024 bias-robust (UWLS),By effect-size count,Type M error,MA05,3,37,0.6,2.0113,2.0088,-0.1,27
Yang 2024 bias-robust (UWLS),By effect-size count,Type M error,MA06,2,46,0.8,2.0113,2.0104,-0.0,28
Yang 2024 bias-robust (UWLS),By effect-size count,Type S error,MA09,1,1297,22.6,0.0230,0.0051,-78.0,1
Yang 2024 bias-robust (UWLS),By effect-size count,Type S error,MA31,1,734,12.8,0.0230,0.0279,+21.0,2
Yang 2024 bias-robust (UWLS),By effect-size count,Type S error,MA34,1,555,9.7,0.0230,0.0265,+15.1,3
Yang 2024 bias-robust (UWLS),By effect-size count,Type S error,MA08,1,531,9.3,0.0230,0.0263,+14.4,4
Yang 2024 bias-robust (UWLS),By effect-size count,Type S error,MA26,1,459,8.0,0.0230,0.0258,+12.2,5
Yang 2024 bias-robust (UWLS),By effect-size count,Type S error,MA14,2,271,4.7,0.0230,0.0246,+6.9,6
Yang 2024 bias-robust (UWLS),By effect-size count,Type S error,MA41,4,527,9.2,0.0230,0.0216,-6.3,7
Yang 2024 bias-robust (UWLS),By effect-size count,Type S error,MA28,2,168,2.9,0.0230,0.0240,+4.1,8
Yang 2024 bias-robust (UWLS),By effect-size count,Type S error,MA24,1,139,2.4,0.0230,0.0238,+3.4,9
Yang 2024 bias-robust (UWLS),By effect-size count,Type S error,MA13,3,94,1.6,0.0230,0.0236,+2.3,10
Yang 2024 bias-robust (UWLS),By effect-size count,Type S error,MA12,1,70,1.2,0.0230,0.0234,+1.7,11
Yang 2024 bias-robust (UWLS),By effect-size count,Type S error,MA22,3,276,4.8,0.0230,0.0234,+1.6,12
Yang 2024 bias-robust (UWLS),By effect-size count,Type S error,MA17,1,66,1.1,0.0230,0.0234,+1.6,13
Yang 2024 bias-robust (UWLS),By effect-size count,Type S error,MA01,3,52,0.9,0.0230,0.0233,+1.2,14
Yang 2024 bias-robust (UWLS),By effect-size count,Type S error,MA25,1,43,0.7,0.0230,0.0233,+1.0,15
Yang 2024 bias-robust (UWLS),By effect-size count,Type S error,MA45,2,39,0.7,0.0230,0.0233,+0.9,16
Yang 2024 bias-robust (UWLS),By effect-size count,Type S error,MA15,4,36,0.6,0.0230,0.0232,+0.9,17
Yang 2024 bias-robust (UWLS),By effect-size count,Type S error,MA10,1,32,0.6,0.0230,0.0232,+0.8,18
Yang 2024 bias-robust (UWLS),By effect-size count,Type S error,MA21,1,11,0.2,0.0230,0.0229,-0.6,19
Yang 2024 bias-robust (UWLS),By effect-size count,Type S error,MA23,1,24,0.4,0.0230,0.0232,+0.6,20
Yang 2024 bias-robust (UWLS),By effect-size count,Type S error,MA18,1,23,0.4,0.0230,0.0232,+0.5,21
Yang 2024 bias-robust (UWLS),By effect-size count,Type S error,MA06,2,46,0.8,0.0230,0.0232,+0.5,22
Yang 2024 bias-robust (UWLS),By effect-size count,Type S error,MA39,2,52,0.9,0.0230,0.0231,+0.4,23
Yang 2024 bias-robust (UWLS),By effect-size count,Type S error,MA32,1,13,0.2,0.0230,0.0231,+0.3,24
Yang 2024 bias-robust (UWLS),By effect-size count,Type S error,MA47,2,103,1.8,0.0230,0.0231,+0.2,25
Yang 2024 bias-robust (UWLS),By effect-size count,Type S error,MA20,1,29,0.5,0.0230,0.0231,+0.2,26
Yang 2024 bias-robust (UWLS),By effect-size count,Type S error,MA43,1,13,0.2,0.0230,0.0230,-0.1,27
Yang 2024 bias-robust (UWLS),By effect-size count,Type S error,MA05,3,37,0.6,0.0230,0.0230,-0.1,28
Uncorrected pooled mean,Each meta-analysis weighted equally,Statistical power,MA39,2,52,0.9,0.5693,0.6150,+8.0,1
Uncorrected pooled mean,Each meta-analysis weighted equally,Statistical power,MA22,3,276,4.8,0.5693,0.6014,+5.6,2
Uncorrected pooled mean,Each meta-analysis weighted equally,Statistical power,MA01,3,52,0.9,0.5693,0.5484,-3.7,3
Uncorrected pooled mean,Each meta-analysis weighted equally,Statistical power,MA15,4,36,0.6,0.5693,0.5902,+3.7,4
Uncorrected pooled mean,Each meta-analysis weighted equally,Statistical power,MA21,1,11,0.2,0.5693,0.5887,+3.4,5
Uncorrected pooled mean,Each meta-analysis weighted equally,Statistical power,MA43,1,13,0.2,0.5693,0.5847,+2.7,6
Uncorrected pooled mean,Each meta-analysis weighted equally,Statistical power,MA28,2,168,2.9,0.5693,0.5556,-2.4,7
Uncorrected pooled mean,Each meta-analysis weighted equally,Statistical power,MA45,2,39,0.7,0.5693,0.5556,-2.4,8
Uncorrected pooled mean,Each meta-analysis weighted equally,Statistical power,MA05,3,37,0.6,0.5693,0.5831,+2.4,9
Uncorrected pooled mean,Each meta-analysis weighted equally,Statistical power,MA14,2,271,4.7,0.5693,0.5557,-2.4,10
Uncorrected pooled mean,Each meta-analysis weighted equally,Statistical power,MA41,4,527,9.2,0.5693,0.5595,-1.7,11
Uncorrected pooled mean,Each meta-analysis weighted equally,Statistical power,MA20,1,29,0.5,0.5693,0.5788,+1.7,12
Uncorrected pooled mean,Each meta-analysis weighted equally,Statistical power,MA08,1,531,9.3,0.5693,0.5626,-1.2,13
Uncorrected pooled mean,Each meta-analysis weighted equally,Statistical power,MA31,1,734,12.8,0.5693,0.5626,-1.2,14
Uncorrected pooled mean,Each meta-analysis weighted equally,Statistical power,MA18,1,23,0.4,0.5693,0.5626,-1.2,15
Uncorrected pooled mean,Each meta-analysis weighted equally,Statistical power,MA34,1,555,9.7,0.5693,0.5626,-1.2,16
Uncorrected pooled mean,Each meta-analysis weighted equally,Statistical power,MA09,1,1297,22.6,0.5693,0.5626,-1.2,17
Uncorrected pooled mean,Each meta-analysis weighted equally,Statistical power,MA24,1,139,2.4,0.5693,0.5626,-1.2,18
Uncorrected pooled mean,Each meta-analysis weighted equally,Statistical power,MA25,1,43,0.7,0.5693,0.5626,-1.2,19
Uncorrected pooled mean,Each meta-analysis weighted equally,Statistical power,MA32,1,13,0.2,0.5693,0.5626,-1.2,20
Uncorrected pooled mean,Each meta-analysis weighted equally,Statistical power,MA26,1,459,8.0,0.5693,0.5629,-1.1,21
Uncorrected pooled mean,Each meta-analysis weighted equally,Statistical power,MA12,1,70,1.2,0.5693,0.5629,-1.1,22
Uncorrected pooled mean,Each meta-analysis weighted equally,Statistical power,MA23,1,24,0.4,0.5693,0.5642,-0.9,23
Uncorrected pooled mean,Each meta-analysis weighted equally,Statistical power,MA17,1,66,1.1,0.5693,0.5744,+0.9,24
Uncorrected pooled mean,Each meta-analysis weighted equally,Statistical power,MA47,2,103,1.8,0.5693,0.5646,-0.8,25
Uncorrected pooled mean,Each meta-analysis weighted equally,Statistical power,MA10,1,32,0.6,0.5693,0.5652,-0.7,26
Uncorrected pooled mean,Each meta-analysis weighted equally,Statistical power,MA13,3,94,1.6,0.5693,0.5655,-0.7,27
Uncorrected pooled mean,Each meta-analysis weighted equally,Statistical power,MA06,2,46,0.8,0.5693,0.5715,+0.4,28
Uncorrected pooled mean,Each meta-analysis weighted equally,Type M error,MA39,2,52,0.9,1.3891,1.3102,-5.7,1
Uncorrected pooled mean,Each meta-analysis weighted equally,Type M error,MA15,4,36,0.6,1.3891,1.3373,-3.7,2
Uncorrected pooled mean,Each meta-analysis weighted equally,Type M error,MA22,3,276,4.8,1.3891,1.3562,-2.4,3
Uncorrected pooled mean,Each meta-analysis weighted equally,Type M error,MA01,3,52,0.9,1.3891,1.4198,+2.2,4
Uncorrected pooled mean,Each meta-analysis weighted equally,Type M error,MA21,1,11,0.2,1.3891,1.3645,-1.8,5
Uncorrected pooled mean,Each meta-analysis weighted equally,Type M error,MA28,2,168,2.9,1.3891,1.4091,+1.4,6
Uncorrected pooled mean,Each meta-analysis weighted equally,Type M error,MA45,2,39,0.7,1.3891,1.4091,+1.4,7
Uncorrected pooled mean,Each meta-analysis weighted equally,Type M error,MA14,2,271,4.7,1.3891,1.4089,+1.4,8
Uncorrected pooled mean,Each meta-analysis weighted equally,Type M error,MA41,4,527,9.2,1.3891,1.4071,+1.3,9
Uncorrected pooled mean,Each meta-analysis weighted equally,Type M error,MA43,1,13,0.2,1.3891,1.3712,-1.3,10
Uncorrected pooled mean,Each meta-analysis weighted equally,Type M error,MA05,3,37,0.6,1.3891,1.3752,-1.0,11
Uncorrected pooled mean,Each meta-analysis weighted equally,Type M error,MA20,1,29,0.5,1.3891,1.3792,-0.7,12
Uncorrected pooled mean,Each meta-analysis weighted equally,Type M error,MA08,1,531,9.3,1.3891,1.3988,+0.7,13
Uncorrected pooled mean,Each meta-analysis weighted equally,Type M error,MA31,1,734,12.8,1.3891,1.3988,+0.7,14
Uncorrected pooled mean,Each meta-analysis weighted equally,Type M error,MA18,1,23,0.4,1.3891,1.3988,+0.7,15
Uncorrected pooled mean,Each meta-analysis weighted equally,Type M error,MA34,1,555,9.7,1.3891,1.3988,+0.7,16
Uncorrected pooled mean,Each meta-analysis weighted equally,Type M error,MA09,1,1297,22.6,1.3891,1.3988,+0.7,17
Uncorrected pooled mean,Each meta-analysis weighted equally,Type M error,MA24,1,139,2.4,1.3891,1.3988,+0.7,18
Uncorrected pooled mean,Each meta-analysis weighted equally,Type M error,MA25,1,43,0.7,1.3891,1.3988,+0.7,19
Uncorrected pooled mean,Each meta-analysis weighted equally,Type M error,MA32,1,13,0.2,1.3891,1.3987,+0.7,20
Uncorrected pooled mean,Each meta-analysis weighted equally,Type M error,MA26,1,459,8.0,1.3891,1.3983,+0.7,21
Uncorrected pooled mean,Each meta-analysis weighted equally,Type M error,MA12,1,70,1.2,1.3891,1.3983,+0.7,22
Uncorrected pooled mean,Each meta-analysis weighted equally,Type M error,MA13,3,94,1.6,1.3891,1.3981,+0.7,23
Uncorrected pooled mean,Each meta-analysis weighted equally,Type M error,MA47,2,103,1.8,1.3891,1.3979,+0.6,24
Uncorrected pooled mean,Each meta-analysis weighted equally,Type M error,MA23,1,24,0.4,1.3891,1.3966,+0.5,25
Uncorrected pooled mean,Each meta-analysis weighted equally,Type M error,MA10,1,32,0.6,1.3891,1.3954,+0.5,26
Uncorrected pooled mean,Each meta-analysis weighted equally,Type M error,MA17,1,66,1.1,1.3891,1.3847,-0.3,27
Uncorrected pooled mean,Each meta-analysis weighted equally,Type M error,MA06,2,46,0.8,1.3891,1.3894,+0.0,28
Uncorrected pooled mean,Each meta-analysis weighted equally,Type S error,MA39,2,52,0.9,0.0042,0.0026,-37.0,1
Uncorrected pooled mean,Each meta-analysis weighted equally,Type S error,MA15,4,36,0.6,0.0042,0.0029,-30.4,2
Uncorrected pooled mean,Each meta-analysis weighted equally,Type S error,MA41,4,527,9.2,0.0042,0.0046,+9.6,3
Uncorrected pooled mean,Each meta-analysis weighted equally,Type S error,MA21,1,11,0.2,0.0042,0.0038,-8.8,4
Uncorrected pooled mean,Each meta-analysis weighted equally,Type S error,MA01,3,52,0.9,0.0042,0.0045,+7.2,5
Uncorrected pooled mean,Each meta-analysis weighted equally,Type S error,MA13,3,94,1.6,0.0042,0.0044,+6.7,6
Uncorrected pooled mean,Each meta-analysis weighted equally,Type S error,MA28,2,168,2.9,0.0042,0.0044,+4.7,7
Uncorrected pooled mean,Each meta-analysis weighted equally,Type S error,MA45,2,39,0.7,0.0042,0.0044,+4.7,8
Uncorrected pooled mean,Each meta-analysis weighted equally,Type S error,MA14,2,271,4.7,0.0042,0.0044,+4.7,9
Uncorrected pooled mean,Each meta-analysis weighted equally,Type S error,MA47,2,103,1.8,0.0042,0.0043,+4.6,10
Uncorrected pooled mean,Each meta-analysis weighted equally,Type S error,MA06,2,46,0.8,0.0042,0.0043,+4.1,11
Uncorrected pooled mean,Each meta-analysis weighted equally,Type S error,MA43,1,13,0.2,0.0042,0.0040,-2.8,12
Uncorrected pooled mean,Each meta-analysis weighted equally,Type S error,MA22,3,276,4.8,0.0042,0.0043,+2.8,13
Uncorrected pooled mean,Each meta-analysis weighted equally,Type S error,MA08,1,531,9.3,0.0042,0.0043,+2.3,14
Uncorrected pooled mean,Each meta-analysis weighted equally,Type S error,MA18,1,23,0.4,0.0042,0.0043,+2.3,14
Uncorrected pooled mean,Each meta-analysis weighted equally,Type S error,MA31,1,734,12.8,0.0042,0.0043,+2.3,14
Uncorrected pooled mean,Each meta-analysis weighted equally,Type S error,MA34,1,555,9.7,0.0042,0.0043,+2.3,14
Uncorrected pooled mean,Each meta-analysis weighted equally,Type S error,MA09,1,1297,22.6,0.0042,0.0043,+2.3,18
Uncorrected pooled mean,Each meta-analysis weighted equally,Type S error,MA24,1,139,2.4,0.0042,0.0043,+2.3,19
Uncorrected pooled mean,Each meta-analysis weighted equally,Type S error,MA25,1,43,0.7,0.0042,0.0043,+2.3,20
Uncorrected pooled mean,Each meta-analysis weighted equally,Type S error,MA32,1,13,0.2,0.0042,0.0043,+2.3,21
Uncorrected pooled mean,Each meta-analysis weighted equally,Type S error,MA26,1,459,8.0,0.0042,0.0043,+2.3,22
Uncorrected pooled mean,Each meta-analysis weighted equally,Type S error,MA12,1,70,1.2,0.0042,0.0043,+2.3,23
Uncorrected pooled mean,Each meta-analysis weighted equally,Type S error,MA23,1,24,0.4,0.0042,0.0043,+2.3,24
Uncorrected pooled mean,Each meta-analysis weighted equally,Type S error,MA10,1,32,0.6,0.0042,0.0043,+2.3,25
Uncorrected pooled mean,Each meta-analysis weighted equally,Type S error,MA17,1,66,1.1,0.0042,0.0042,+2.1,26
Uncorrected pooled mean,Each meta-analysis weighted equally,Type S error,MA20,1,29,0.5,0.0042,0.0042,+1.2,27
Uncorrected pooled mean,Each meta-analysis weighted equally,Type S error,MA05,3,37,0.6,0.0042,0.0042,+0.1,28
Yang 2023 bias-corrected,Each meta-analysis weighted equally,Statistical power,MA39,2,52,0.9,0.2505,0.2681,+7.0,1
Yang 2023 bias-corrected,Each meta-analysis weighted equally,Statistical power,MA14,2,271,4.7,0.2505,0.2360,-5.8,2
Yang 2023 bias-corrected,Each meta-analysis weighted equally,Statistical power,MA06,2,46,0.8,0.2505,0.2636,+5.2,3
Yang 2023 bias-corrected,Each meta-analysis weighted equally,Statistical power,MA45,2,39,0.7,0.2505,0.2411,-3.8,4
Yang 2023 bias-corrected,Each meta-analysis weighted equally,Statistical power,MA13,3,94,1.6,0.2505,0.2598,+3.7,5
Yang 2023 bias-corrected,Each meta-analysis weighted equally,Statistical power,MA01,3,52,0.9,0.2505,0.2594,+3.6,6
Yang 2023 bias-corrected,Each meta-analysis weighted equally,Statistical power,MA26,1,459,8.0,0.2505,0.2592,+3.5,7
Yang 2023 bias-corrected,Each meta-analysis weighted equally,Statistical power,MA28,2,168,2.9,0.2505,0.2426,-3.2,8
Yang 2023 bias-corrected,Each meta-analysis weighted equally,Statistical power,MA05,3,37,0.6,0.2505,0.2429,-3.0,9
Yang 2023 bias-corrected,Each meta-analysis weighted equally,Statistical power,MA31,1,734,12.8,0.2505,0.2432,-2.9,10
Yang 2023 bias-corrected,Each meta-analysis weighted equally,Statistical power,MA15,4,36,0.6,0.2505,0.2577,+2.9,11
Yang 2023 bias-corrected,Each meta-analysis weighted equally,Statistical power,MA32,1,13,0.2,0.2505,0.2432,-2.9,12
Yang 2023 bias-corrected,Each meta-analysis weighted equally,Statistical power,MA12,1,70,1.2,0.2505,0.2434,-2.8,13
Yang 2023 bias-corrected,Each meta-analysis weighted equally,Statistical power,MA18,1,23,0.4,0.2505,0.2438,-2.7,14
Yang 2023 bias-corrected,Each meta-analysis weighted equally,Statistical power,MA20,1,29,0.5,0.2505,0.2566,+2.4,15
Yang 2023 bias-corrected,Each meta-analysis weighted equally,Statistical power,MA08,1,531,9.3,0.2505,0.2444,-2.4,16
Yang 2023 bias-corrected,Each meta-analysis weighted equally,Statistical power,MA43,1,13,0.2,0.2505,0.2560,+2.2,17
Yang 2023 bias-corrected,Each meta-analysis weighted equally,Statistical power,MA10,1,32,0.6,0.2505,0.2559,+2.2,18
Yang 2023 bias-corrected,Each meta-analysis weighted equally,Statistical power,MA23,1,24,0.4,0.2505,0.2557,+2.1,19
Yang 2023 bias-corrected,Each meta-analysis weighted equally,Statistical power,MA24,1,139,2.4,0.2505,0.2454,-2.0,20
Yang 2023 bias-corrected,Each meta-analysis weighted equally,Statistical power,MA34,1,555,9.7,0.2505,0.2456,-1.9,21
Yang 2023 bias-corrected,Each meta-analysis weighted equally,Statistical power,MA21,1,11,0.2,0.2505,0.2545,+1.6,22
Yang 2023 bias-corrected,Each meta-analysis weighted equally,Statistical power,MA41,4,527,9.2,0.2505,0.2468,-1.5,23
Yang 2023 bias-corrected,Each meta-analysis weighted equally,Statistical power,MA09,1,1297,22.6,0.2505,0.2477,-1.1,24
Yang 2023 bias-corrected,Each meta-analysis weighted equally,Statistical power,MA17,1,66,1.1,0.2505,0.2515,+0.4,25
Yang 2023 bias-corrected,Each meta-analysis weighted equally,Statistical power,MA47,2,103,1.8,0.2505,0.2514,+0.4,26
Yang 2023 bias-corrected,Each meta-analysis weighted equally,Statistical power,MA25,1,43,0.7,0.2505,0.2513,+0.3,27
Yang 2023 bias-corrected,Each meta-analysis weighted equally,Statistical power,MA22,3,276,4.8,0.2505,0.2505,-0.0,28
Yang 2023 bias-corrected,Each meta-analysis weighted equally,Type M error,MA39,2,52,0.9,2.9364,2.4338,-17.1,1
Yang 2023 bias-corrected,Each meta-analysis weighted equally,Type M error,MA26,1,459,8.0,2.9364,2.7388,-6.7,2
Yang 2023 bias-corrected,Each meta-analysis weighted equally,Type M error,MA14,2,271,4.7,2.9364,3.0761,+4.8,3
Yang 2023 bias-corrected,Each meta-analysis weighted equally,Type M error,MA05,3,37,0.6,2.9364,3.0558,+4.1,4
Yang 2023 bias-corrected,Each meta-analysis weighted equally,Type M error,MA41,4,527,9.2,2.9364,3.0513,+3.9,5
Yang 2023 bias-corrected,Each meta-analysis weighted equally,Type M error,MA45,2,39,0.7,2.9364,3.0444,+3.7,6
Yang 2023 bias-corrected,Each meta-analysis weighted equally,Type M error,MA28,2,168,2.9,2.9364,3.0347,+3.3,7
Yang 2023 bias-corrected,Each meta-analysis weighted equally,Type M error,MA13,3,94,1.6,2.9364,2.8477,-3.0,8
Yang 2023 bias-corrected,Each meta-analysis weighted equally,Type M error,MA06,2,46,0.8,2.9364,2.8568,-2.7,9
Yang 2023 bias-corrected,Each meta-analysis weighted equally,Type M error,MA22,3,276,4.8,2.9364,3.0135,+2.6,10
Yang 2023 bias-corrected,Each meta-analysis weighted equally,Type M error,MA31,1,734,12.8,2.9364,3.0044,+2.3,11
Yang 2023 bias-corrected,Each meta-analysis weighted equally,Type M error,MA32,1,13,0.2,2.9364,3.0042,+2.3,12
Yang 2023 bias-corrected,Each meta-analysis weighted equally,Type M error,MA12,1,70,1.2,2.9364,3.0032,+2.3,13
Yang 2023 bias-corrected,Each meta-analysis weighted equally,Type M error,MA18,1,23,0.4,2.9364,3.0005,+2.2,14
Yang 2023 bias-corrected,Each meta-analysis weighted equally,Type M error,MA08,1,531,9.3,2.9364,2.9964,+2.0,15
Yang 2023 bias-corrected,Each meta-analysis weighted equally,Type M error,MA24,1,139,2.4,2.9364,2.9907,+1.9,16
Yang 2023 bias-corrected,Each meta-analysis weighted equally,Type M error,MA34,1,555,9.7,2.9364,2.9895,+1.8,17
Yang 2023 bias-corrected,Each meta-analysis weighted equally,Type M error,MA15,4,36,0.6,2.9364,2.8844,-1.8,18
Yang 2023 bias-corrected,Each meta-analysis weighted equally,Type M error,MA01,3,52,0.9,2.9364,2.8848,-1.8,19
Yang 2023 bias-corrected,Each meta-analysis weighted equally,Type M error,MA09,1,1297,22.6,2.9364,2.9778,+1.4,20
Yang 2023 bias-corrected,Each meta-analysis weighted equally,Type M error,MA47,2,103,1.8,2.9364,2.9076,-1.0,21
Yang 2023 bias-corrected,Each meta-analysis weighted equally,Type M error,MA20,1,29,0.5,2.9364,2.9078,-1.0,22
Yang 2023 bias-corrected,Each meta-analysis weighted equally,Type M error,MA43,1,13,0.2,2.9364,2.9149,-0.7,23
Yang 2023 bias-corrected,Each meta-analysis weighted equally,Type M error,MA10,1,32,0.6,2.9364,2.9163,-0.7,24
Yang 2023 bias-corrected,Each meta-analysis weighted equally,Type M error,MA25,1,43,0.7,2.9364,2.9556,+0.7,25
Yang 2023 bias-corrected,Each meta-analysis weighted equally,Type M error,MA23,1,24,0.4,2.9364,2.9181,-0.6,26
Yang 2023 bias-corrected,Each meta-analysis weighted equally,Type M error,MA17,1,66,1.1,2.9364,2.9541,+0.6,27
Yang 2023 bias-corrected,Each meta-analysis weighted equally,Type M error,MA21,1,11,0.2,2.9364,2.9306,-0.2,28
Yang 2023 bias-corrected,Each meta-analysis weighted equally,Type S error,MA39,2,52,0.9,0.0249,0.0206,-17.3,1
Yang 2023 bias-corrected,Each meta-analysis weighted equally,Type S error,MA26,1,459,8.0,0.0249,0.0226,-9.5,2
Yang 2023 bias-corrected,Each meta-analysis weighted equally,Type S error,MA15,4,36,0.6,0.0249,0.0228,-8.7,3
Yang 2023 bias-corrected,Each meta-analysis weighted equally,Type S error,MA22,3,276,4.8,0.0249,0.0270,+8.1,4
Yang 2023 bias-corrected,Each meta-analysis weighted equally,Type S error,MA06,2,46,0.8,0.0249,0.0230,-7.9,5
Yang 2023 bias-corrected,Each meta-analysis weighted equally,Type S error,MA05,3,37,0.6,0.0249,0.0268,+7.3,6
Yang 2023 bias-corrected,Each meta-analysis weighted equally,Type S error,MA41,4,527,9.2,0.0249,0.0266,+6.5,7
Yang 2023 bias-corrected,Each meta-analysis weighted equally,Type S error,MA14,2,271,4.7,0.0249,0.0265,+6.1,8
Yang 2023 bias-corrected,Each meta-analysis weighted equally,Type S error,MA28,2,168,2.9,0.0249,0.0265,+6.1,9
Yang 2023 bias-corrected,Each meta-analysis weighted equally,Type S error,MA45,2,39,0.7,0.0249,0.0264,+6.0,10
Yang 2023 bias-corrected,Each meta-analysis weighted equally,Type S error,MA47,2,103,1.8,0.0249,0.0236,-5.2,11
Yang 2023 bias-corrected,Each meta-analysis weighted equally,Type S error,MA13,3,94,1.6,0.0249,0.0239,-4.3,12
Yang 2023 bias-corrected,Each meta-analysis weighted equally,Type S error,MA01,3,52,0.9,0.0249,0.0241,-3.4,13
Yang 2023 bias-corrected,Each meta-analysis weighted equally,Type S error,MA20,1,29,0.5,0.0249,0.0241,-3.2,14
Yang 2023 bias-corrected,Each meta-analysis weighted equally,Type S error,MA31,1,734,12.8,0.0249,0.0257,+3.0,15
Yang 2023 bias-corrected,Each meta-analysis weighted equally,Type S error,MA32,1,13,0.2,0.0249,0.0257,+3.0,16
Yang 2023 bias-corrected,Each meta-analysis weighted equally,Type S error,MA12,1,70,1.2,0.0249,0.0257,+3.0,17
Yang 2023 bias-corrected,Each meta-analysis weighted equally,Type S error,MA18,1,23,0.4,0.0249,0.0257,+3.0,18
Yang 2023 bias-corrected,Each meta-analysis weighted equally,Type S error,MA08,1,531,9.3,0.0249,0.0257,+3.0,19
Yang 2023 bias-corrected,Each meta-analysis weighted equally,Type S error,MA24,1,139,2.4,0.0249,0.0257,+3.0,20
Yang 2023 bias-corrected,Each meta-analysis weighted equally,Type S error,MA34,1,555,9.7,0.0249,0.0257,+3.0,21
Yang 2023 bias-corrected,Each meta-analysis weighted equally,Type S error,MA09,1,1297,22.6,0.0249,0.0257,+2.9,22
Yang 2023 bias-corrected,Each meta-analysis weighted equally,Type S error,MA43,1,13,0.2,0.0249,0.0244,-2.3,23
Yang 2023 bias-corrected,Each meta-analysis weighted equally,Type S error,MA25,1,43,0.7,0.0249,0.0255,+2.3,24
Yang 2023 bias-corrected,Each meta-analysis weighted equally,Type S error,MA17,1,66,1.1,0.0249,0.0255,+2.2,25
Yang 2023 bias-corrected,Each meta-analysis weighted equally,Type S error,MA10,1,32,0.6,0.0249,0.0244,-2.2,26
Yang 2023 bias-corrected,Each meta-analysis weighted equally,Type S error,MA23,1,24,0.4,0.0249,0.0245,-1.9,27
Yang 2023 bias-corrected,Each meta-analysis weighted equally,Type S error,MA21,1,11,0.2,0.0249,0.0249,-0.2,28
Yang 2024 bias-robust (FE + VCV),Each meta-analysis weighted equally,Statistical power,MA39,2,52,0.9,0.5308,0.5753,+8.4,1
Yang 2024 bias-robust (FE + VCV),Each meta-analysis weighted equally,Statistical power,MA22,3,276,4.8,0.5308,0.5675,+6.9,2
Yang 2024 bias-robust (FE + VCV),Each meta-analysis weighted equally,Statistical power,MA01,3,52,0.9,0.5308,0.5089,-4.1,3
Yang 2024 bias-robust (FE + VCV),Each meta-analysis weighted equally,Statistical power,MA20,1,29,0.5,0.5308,0.5472,+3.1,4
Yang 2024 bias-robust (FE + VCV),Each meta-analysis weighted equally,Statistical power,MA09,1,1297,22.6,0.5308,0.5465,+3.0,5
Yang 2024 bias-robust (FE + VCV),Each meta-analysis weighted equally,Statistical power,MA28,2,168,2.9,0.5308,0.5164,-2.7,6
Yang 2024 bias-robust (FE + VCV),Each meta-analysis weighted equally,Statistical power,MA14,2,271,4.7,0.5308,0.5165,-2.7,7
Yang 2024 bias-robust (FE + VCV),Each meta-analysis weighted equally,Statistical power,MA45,2,39,0.7,0.5308,0.5165,-2.7,8
Yang 2024 bias-robust (FE + VCV),Each meta-analysis weighted equally,Statistical power,MA13,3,94,1.6,0.5308,0.5176,-2.5,9
Yang 2024 bias-robust (FE + VCV),Each meta-analysis weighted equally,Statistical power,MA43,1,13,0.2,0.5308,0.5437,+2.4,10
Yang 2024 bias-robust (FE + VCV),Each meta-analysis weighted equally,Statistical power,MA21,1,11,0.2,0.5308,0.5416,+2.0,11
Yang 2024 bias-robust (FE + VCV),Each meta-analysis weighted equally,Statistical power,MA05,3,37,0.6,0.5308,0.5406,+1.8,12
Yang 2024 bias-robust (FE + VCV),Each meta-analysis weighted equally,Statistical power,MA17,1,66,1.1,0.5308,0.5391,+1.6,13
Yang 2024 bias-robust (FE + VCV),Each meta-analysis weighted equally,Statistical power,MA15,4,36,0.6,0.5308,0.5233,-1.4,14
Yang 2024 bias-robust (FE + VCV),Each meta-analysis weighted equally,Statistical power,MA08,1,531,9.3,0.5308,0.5237,-1.3,15
Yang 2024 bias-robust (FE + VCV),Each meta-analysis weighted equally,Statistical power,MA31,1,734,12.8,0.5308,0.5237,-1.3,16
Yang 2024 bias-robust (FE + VCV),Each meta-analysis weighted equally,Statistical power,MA18,1,23,0.4,0.5308,0.5237,-1.3,17
Yang 2024 bias-robust (FE + VCV),Each meta-analysis weighted equally,Statistical power,MA24,1,139,2.4,0.5308,0.5237,-1.3,18
Yang 2024 bias-robust (FE + VCV),Each meta-analysis weighted equally,Statistical power,MA32,1,13,0.2,0.5308,0.5237,-1.3,19
Yang 2024 bias-robust (FE + VCV),Each meta-analysis weighted equally,Statistical power,MA25,1,43,0.7,0.5308,0.5240,-1.3,20
Yang 2024 bias-robust (FE + VCV),Each meta-analysis weighted equally,Statistical power,MA23,1,24,0.4,0.5308,0.5240,-1.3,21
Yang 2024 bias-robust (FE + VCV),Each meta-analysis weighted equally,Statistical power,MA47,2,103,1.8,0.5308,0.5370,+1.2,22
Yang 2024 bias-robust (FE + VCV),Each meta-analysis weighted equally,Statistical power,MA26,1,459,8.0,0.5308,0.5258,-0.9,23
Yang 2024 bias-robust (FE + VCV),Each meta-analysis weighted equally,Statistical power,MA34,1,555,9.7,0.5308,0.5260,-0.9,24
Yang 2024 bias-robust (FE + VCV),Each meta-analysis weighted equally,Statistical power,MA10,1,32,0.6,0.5308,0.5263,-0.9,25
Yang 2024 bias-robust (FE + VCV),Each meta-analysis weighted equally,Statistical power,MA41,4,527,9.2,0.5308,0.5271,-0.7,26
Yang 2024 bias-robust (FE + VCV),Each meta-analysis weighted equally,Statistical power,MA06,2,46,0.8,0.5308,0.5277,-0.6,27
Yang 2024 bias-robust (FE + VCV),Each meta-analysis weighted equally,Statistical power,MA12,1,70,1.2,0.5308,0.5310,+0.0,28
Yang 2024 bias-robust (FE + VCV),Each meta-analysis weighted equally,Type M error,MA22,3,276,4.8,1.4619,1.3541,-7.4,1
Yang 2024 bias-robust (FE + VCV),Each meta-analysis weighted equally,Type M error,MA39,2,52,0.9,1.4619,1.3897,-4.9,2
Yang 2024 bias-robust (FE + VCV),Each meta-analysis weighted equally,Type M error,MA01,3,52,0.9,1.4619,1.4994,+2.6,3
Yang 2024 bias-robust (FE + VCV),Each meta-analysis weighted equally,Type M error,MA13,3,94,1.6,1.4619,1.4862,+1.7,4
Yang 2024 bias-robust (FE + VCV),Each meta-analysis weighted equally,Type M error,MA28,2,168,2.9,1.4619,1.4862,+1.7,5
Yang 2024 bias-robust (FE + VCV),Each meta-analysis weighted equally,Type M error,MA14,2,271,4.7,1.4619,1.4860,+1.7,6
Yang 2024 bias-robust (FE + VCV),Each meta-analysis weighted equally,Type M error,MA45,2,39,0.7,1.4619,1.4860,+1.6,7
Yang 2024 bias-robust (FE + VCV),Each meta-analysis weighted equally,Type M error,MA20,1,29,0.5,1.4619,1.4393,-1.5,8
Yang 2024 bias-robust (FE + VCV),Each meta-analysis weighted equally,Type M error,MA09,1,1297,22.6,1.4619,1.4406,-1.5,9
Yang 2024 bias-robust (FE + VCV),Each meta-analysis weighted equally,Type M error,MA15,4,36,0.6,1.4619,1.4810,+1.3,10
Yang 2024 bias-robust (FE + VCV),Each meta-analysis weighted equally,Type M error,MA43,1,13,0.2,1.4619,1.4456,-1.1,11
Yang 2024 bias-robust (FE + VCV),Each meta-analysis weighted equally,Type M error,MA21,1,11,0.2,1.4619,1.4489,-0.9,12
Yang 2024 bias-robust (FE + VCV),Each meta-analysis weighted equally,Type M error,MA41,4,527,9.2,1.4619,1.4742,+0.8,13
Yang 2024 bias-robust (FE + VCV),Each meta-analysis weighted equally,Type M error,MA08,1,531,9.3,1.4619,1.4737,+0.8,14
Yang 2024 bias-robust (FE + VCV),Each meta-analysis weighted equally,Type M error,MA31,1,734,12.8,1.4619,1.4737,+0.8,15
Yang 2024 bias-robust (FE + VCV),Each meta-analysis weighted equally,Type M error,MA18,1,23,0.4,1.4619,1.4737,+0.8,16
Yang 2024 bias-robust (FE + VCV),Each meta-analysis weighted equally,Type M error,MA24,1,139,2.4,1.4619,1.4737,+0.8,17
Yang 2024 bias-robust (FE + VCV),Each meta-analysis weighted equally,Type M error,MA32,1,13,0.2,1.4619,1.4737,+0.8,18
Yang 2024 bias-robust (FE + VCV),Each meta-analysis weighted equally,Type M error,MA25,1,43,0.7,1.4619,1.4733,+0.8,19
Yang 2024 bias-robust (FE + VCV),Each meta-analysis weighted equally,Type M error,MA23,1,24,0.4,1.4619,1.4733,+0.8,20
Yang 2024 bias-robust (FE + VCV),Each meta-analysis weighted equally,Type M error,MA17,1,66,1.1,1.4619,1.4527,-0.6,21
Yang 2024 bias-robust (FE + VCV),Each meta-analysis weighted equally,Type M error,MA26,1,459,8.0,1.4619,1.4706,+0.6,22
Yang 2024 bias-robust (FE + VCV),Each meta-analysis weighted equally,Type M error,MA06,2,46,0.8,1.4619,1.4704,+0.6,23
Yang 2024 bias-robust (FE + VCV),Each meta-analysis weighted equally,Type M error,MA34,1,555,9.7,1.4619,1.4704,+0.6,24
Yang 2024 bias-robust (FE + VCV),Each meta-analysis weighted equally,Type M error,MA10,1,32,0.6,1.4619,1.4700,+0.6,25
Yang 2024 bias-robust (FE + VCV),Each meta-analysis weighted equally,Type M error,MA05,3,37,0.6,1.4619,1.4539,-0.5,26
Yang 2024 bias-robust (FE + VCV),Each meta-analysis weighted equally,Type M error,MA47,2,103,1.8,1.4619,1.4565,-0.4,27
Yang 2024 bias-robust (FE + VCV),Each meta-analysis weighted equally,Type M error,MA12,1,70,1.2,1.4619,1.4637,+0.1,28
Yang 2024 bias-robust (FE + VCV),Each meta-analysis weighted equally,Type S error,MA39,2,52,0.9,0.0049,0.0033,-32.5,1
Yang 2024 bias-robust (FE + VCV),Each meta-analysis weighted equally,Type S error,MA22,3,276,4.8,0.0049,0.0033,-32.0,2
Yang 2024 bias-robust (FE + VCV),Each meta-analysis weighted equally,Type S error,MA15,4,36,0.6,0.0049,0.0053,+9.0,3
Yang 2024 bias-robust (FE + VCV),Each meta-analysis weighted equally,Type S error,MA01,3,52,0.9,0.0049,0.0052,+7.3,4
Yang 2024 bias-robust (FE + VCV),Each meta-analysis weighted equally,Type S error,MA13,3,94,1.6,0.0049,0.0052,+7.3,5
Yang 2024 bias-robust (FE + VCV),Each meta-analysis weighted equally,Type S error,MA41,4,527,9.2,0.0049,0.0052,+6.1,6
Yang 2024 bias-robust (FE + VCV),Each meta-analysis weighted equally,Type S error,MA20,1,29,0.5,0.0049,0.0046,-6.0,7
Yang 2024 bias-robust (FE + VCV),Each meta-analysis weighted equally,Type S error,MA09,1,1297,22.6,0.0049,0.0046,-4.9,8
Yang 2024 bias-robust (FE + VCV),Each meta-analysis weighted equally,Type S error,MA28,2,168,2.9,0.0049,0.0051,+4.8,9
Yang 2024 bias-robust (FE + VCV),Each meta-analysis weighted equally,Type S error,MA14,2,271,4.7,0.0049,0.0051,+4.8,10
Yang 2024 bias-robust (FE + VCV),Each meta-analysis weighted equally,Type S error,MA45,2,39,0.7,0.0049,0.0051,+4.8,11
Yang 2024 bias-robust (FE + VCV),Each meta-analysis weighted equally,Type S error,MA06,2,46,0.8,0.0049,0.0051,+4.6,12
Yang 2024 bias-robust (FE + VCV),Each meta-analysis weighted equally,Type S error,MA05,3,37,0.6,0.0049,0.0050,+3.3,13
Yang 2024 bias-robust (FE + VCV),Each meta-analysis weighted equally,Type S error,MA31,1,734,12.8,0.0049,0.0050,+2.3,14
Yang 2024 bias-robust (FE + VCV),Each meta-analysis weighted equally,Type S error,MA08,1,531,9.3,0.0049,0.0050,+2.3,15
Yang 2024 bias-robust (FE + VCV),Each meta-analysis weighted equally,Type S error,MA18,1,23,0.4,0.0049,0.0050,+2.3,16
Yang 2024 bias-robust (FE + VCV),Each meta-analysis weighted equally,Type S error,MA24,1,139,2.4,0.0049,0.0050,+2.3,17
Yang 2024 bias-robust (FE + VCV),Each meta-analysis weighted equally,Type S error,MA32,1,13,0.2,0.0049,0.0050,+2.3,18
Yang 2024 bias-robust (FE + VCV),Each meta-analysis weighted equally,Type S error,MA25,1,43,0.7,0.0049,0.0050,+2.3,19
Yang 2024 bias-robust (FE + VCV),Each meta-analysis weighted equally,Type S error,MA23,1,24,0.4,0.0049,0.0050,+2.3,20
Yang 2024 bias-robust (FE + VCV),Each meta-analysis weighted equally,Type S error,MA26,1,459,8.0,0.0049,0.0050,+2.3,21
Yang 2024 bias-robust (FE + VCV),Each meta-analysis weighted equally,Type S error,MA34,1,555,9.7,0.0049,0.0050,+2.3,22
Yang 2024 bias-robust (FE + VCV),Each meta-analysis weighted equally,Type S error,MA10,1,32,0.6,0.0049,0.0050,+2.3,23
Yang 2024 bias-robust (FE + VCV),Each meta-analysis weighted equally,Type S error,MA12,1,70,1.2,0.0049,0.0050,+2.3,24
Yang 2024 bias-robust (FE + VCV),Each meta-analysis weighted equally,Type S error,MA43,1,13,0.2,0.0049,0.0048,-1.6,25
Yang 2024 bias-robust (FE + VCV),Each meta-analysis weighted equally,Type S error,MA17,1,66,1.1,0.0049,0.0049,+1.3,26
Yang 2024 bias-robust (FE + VCV),Each meta-analysis weighted equally,Type S error,MA47,2,103,1.8,0.0049,0.0049,+0.4,27
Yang 2024 bias-robust (FE + VCV),Each meta-analysis weighted equally,Type S error,MA21,1,11,0.2,0.0049,0.0049,+0.0,28
Yang 2024 bias-robust (UWLS),Each meta-analysis weighted equally,Statistical power,MA22,3,276,4.8,0.4880,0.5265,+7.9,1
Yang 2024 bias-robust (UWLS),Each meta-analysis weighted equally,Statistical power,MA15,4,36,0.6,0.4880,0.4605,-5.6,2
Yang 2024 bias-robust (UWLS),Each meta-analysis weighted equally,Statistical power,MA39,2,52,0.9,0.4880,0.5139,+5.3,3
Yang 2024 bias-robust (UWLS),Each meta-analysis weighted equally,Statistical power,MA01,3,52,0.9,0.4880,0.4652,-4.7,4
Yang 2024 bias-robust (UWLS),Each meta-analysis weighted equally,Statistical power,MA09,1,1297,22.6,0.4880,0.5104,+4.6,5
Yang 2024 bias-robust (UWLS),Each meta-analysis weighted equally,Statistical power,MA21,1,11,0.2,0.4880,0.5101,+4.5,6
Yang 2024 bias-robust (UWLS),Each meta-analysis weighted equally,Statistical power,MA41,4,527,9.2,0.4880,0.5068,+3.9,7
Yang 2024 bias-robust (UWLS),Each meta-analysis weighted equally,Statistical power,MA05,3,37,0.6,0.4880,0.5045,+3.4,8
Yang 2024 bias-robust (UWLS),Each meta-analysis weighted equally,Statistical power,MA43,1,13,0.2,0.4880,0.5039,+3.3,9
Yang 2024 bias-robust (UWLS),Each meta-analysis weighted equally,Statistical power,MA28,2,168,2.9,0.4880,0.4730,-3.1,10
Yang 2024 bias-robust (UWLS),Each meta-analysis weighted equally,Statistical power,MA45,2,39,0.7,0.4880,0.4731,-3.0,11
Yang 2024 bias-robust (UWLS),Each meta-analysis weighted equally,Statistical power,MA14,2,271,4.7,0.4880,0.4731,-3.0,12
Yang 2024 bias-robust (UWLS),Each meta-analysis weighted equally,Statistical power,MA13,3,94,1.6,0.4880,0.4744,-2.8,13
Yang 2024 bias-robust (UWLS),Each meta-analysis weighted equally,Statistical power,MA20,1,29,0.5,0.4880,0.5010,+2.7,14
Yang 2024 bias-robust (UWLS),Each meta-analysis weighted equally,Statistical power,MA47,2,103,1.8,0.4880,0.4968,+1.8,15
Yang 2024 bias-robust (UWLS),Each meta-analysis weighted equally,Statistical power,MA34,1,555,9.7,0.4880,0.4806,-1.5,16
Yang 2024 bias-robust (UWLS),Each meta-analysis weighted equally,Statistical power,MA08,1,531,9.3,0.4880,0.4806,-1.5,17
Yang 2024 bias-robust (UWLS),Each meta-analysis weighted equally,Statistical power,MA18,1,23,0.4,0.4880,0.4806,-1.5,18
Yang 2024 bias-robust (UWLS),Each meta-analysis weighted equally,Statistical power,MA32,1,13,0.2,0.4880,0.4806,-1.5,19
Yang 2024 bias-robust (UWLS),Each meta-analysis weighted equally,Statistical power,MA24,1,139,2.4,0.4880,0.4806,-1.5,20
Yang 2024 bias-robust (UWLS),Each meta-analysis weighted equally,Statistical power,MA26,1,459,8.0,0.4880,0.4807,-1.5,21
Yang 2024 bias-robust (UWLS),Each meta-analysis weighted equally,Statistical power,MA31,1,734,12.8,0.4880,0.4807,-1.5,22
Yang 2024 bias-robust (UWLS),Each meta-analysis weighted equally,Statistical power,MA23,1,24,0.4,0.4880,0.4808,-1.5,23
Yang 2024 bias-robust (UWLS),Each meta-analysis weighted equally,Statistical power,MA25,1,43,0.7,0.4880,0.4812,-1.4,24
Yang 2024 bias-robust (UWLS),Each meta-analysis weighted equally,Statistical power,MA06,2,46,0.8,0.4880,0.4945,+1.3,25
Yang 2024 bias-robust (UWLS),Each meta-analysis weighted equally,Statistical power,MA10,1,32,0.6,0.4880,0.4829,-1.0,26
Yang 2024 bias-robust (UWLS),Each meta-analysis weighted equally,Statistical power,MA12,1,70,1.2,0.4880,0.4836,-0.9,27
Yang 2024 bias-robust (UWLS),Each meta-analysis weighted equally,Statistical power,MA17,1,66,1.1,0.4880,0.4901,+0.4,28
Yang 2024 bias-robust (UWLS),Each meta-analysis weighted equally,Type M error,MA41,4,527,9.2,1.5548,1.4871,-4.4,1
Yang 2024 bias-robust (UWLS),Each meta-analysis weighted equally,Type M error,MA15,4,36,0.6,1.5548,1.6120,+3.7,2
Yang 2024 bias-robust (UWLS),Each meta-analysis weighted equally,Type M error,MA22,3,276,4.8,1.5548,1.4987,-3.6,3
Yang 2024 bias-robust (UWLS),Each meta-analysis weighted equally,Type M error,MA09,1,1297,22.6,1.5548,1.4996,-3.5,4
Yang 2024 bias-robust (UWLS),Each meta-analysis weighted equally,Type M error,MA21,1,11,0.2,1.5548,1.5029,-3.3,5
Yang 2024 bias-robust (UWLS),Each meta-analysis weighted equally,Type M error,MA01,3,52,0.9,1.5548,1.6012,+3.0,6
Yang 2024 bias-robust (UWLS),Each meta-analysis weighted equally,Type M error,MA39,2,52,0.9,1.5548,1.5127,-2.7,7
Yang 2024 bias-robust (UWLS),Each meta-analysis weighted equally,Type M error,MA13,3,94,1.6,1.5548,1.5853,+2.0,8
Yang 2024 bias-robust (UWLS),Each meta-analysis weighted equally,Type M error,MA28,2,168,2.9,1.5548,1.5849,+1.9,9
Yang 2024 bias-robust (UWLS),Each meta-analysis weighted equally,Type M error,MA45,2,39,0.7,1.5548,1.5846,+1.9,10
Yang 2024 bias-robust (UWLS),Each meta-analysis weighted equally,Type M error,MA14,2,271,4.7,1.5548,1.5846,+1.9,11
Yang 2024 bias-robust (UWLS),Each meta-analysis weighted equally,Type M error,MA05,3,37,0.6,1.5548,1.5271,-1.8,12
Yang 2024 bias-robust (UWLS),Each meta-analysis weighted equally,Type M error,MA43,1,13,0.2,1.5548,1.5285,-1.7,13
Yang 2024 bias-robust (UWLS),Each meta-analysis weighted equally,Type M error,MA20,1,29,0.5,1.5548,1.5352,-1.3,14
Yang 2024 bias-robust (UWLS),Each meta-analysis weighted equally,Type M error,MA34,1,555,9.7,1.5548,1.5694,+0.9,15
Yang 2024 bias-robust (UWLS),Each meta-analysis weighted equally,Type M error,MA08,1,531,9.3,1.5548,1.5694,+0.9,16
Yang 2024 bias-robust (UWLS),Each meta-analysis weighted equally,Type M error,MA18,1,23,0.4,1.5548,1.5694,+0.9,17
Yang 2024 bias-robust (UWLS),Each meta-analysis weighted equally,Type M error,MA32,1,13,0.2,1.5548,1.5694,+0.9,18
Yang 2024 bias-robust (UWLS),Each meta-analysis weighted equally,Type M error,MA24,1,139,2.4,1.5548,1.5693,+0.9,19
Yang 2024 bias-robust (UWLS),Each meta-analysis weighted equally,Type M error,MA26,1,459,8.0,1.5548,1.5693,+0.9,20
Yang 2024 bias-robust (UWLS),Each meta-analysis weighted equally,Type M error,MA31,1,734,12.8,1.5548,1.5693,+0.9,21
Yang 2024 bias-robust (UWLS),Each meta-analysis weighted equally,Type M error,MA23,1,24,0.4,1.5548,1.5691,+0.9,22
Yang 2024 bias-robust (UWLS),Each meta-analysis weighted equally,Type M error,MA25,1,43,0.7,1.5548,1.5683,+0.9,23
Yang 2024 bias-robust (UWLS),Each meta-analysis weighted equally,Type M error,MA47,2,103,1.8,1.5548,1.5417,-0.8,24
Yang 2024 bias-robust (UWLS),Each meta-analysis weighted equally,Type M error,MA10,1,32,0.6,1.5548,1.5654,+0.7,25
Yang 2024 bias-robust (UWLS),Each meta-analysis weighted equally,Type M error,MA12,1,70,1.2,1.5548,1.5644,+0.6,26
Yang 2024 bias-robust (UWLS),Each meta-analysis weighted equally,Type M error,MA06,2,46,0.8,1.5548,1.5481,-0.4,27
Yang 2024 bias-robust (UWLS),Each meta-analysis weighted equally,Type M error,MA17,1,66,1.1,1.5548,1.5545,-0.0,28
Yang 2024 bias-robust (UWLS),Each meta-analysis weighted equally,Type S error,MA09,1,1297,22.6,0.0088,0.0074,-15.7,1
Yang 2024 bias-robust (UWLS),Each meta-analysis weighted equally,Type S error,MA21,1,11,0.2,0.0088,0.0075,-14.9,2
Yang 2024 bias-robust (UWLS),Each meta-analysis weighted equally,Type S error,MA41,4,527,9.2,0.0088,0.0076,-13.3,3
Yang 2024 bias-robust (UWLS),Each meta-analysis weighted equally,Type S error,MA15,4,36,0.6,0.0088,0.0097,+10.7,4
Yang 2024 bias-robust (UWLS),Each meta-analysis weighted equally,Type S error,MA01,3,52,0.9,0.0088,0.0095,+7.8,5
Yang 2024 bias-robust (UWLS),Each meta-analysis weighted equally,Type S error,MA13,3,94,1.6,0.0088,0.0095,+7.8,6
Yang 2024 bias-robust (UWLS),Each meta-analysis weighted equally,Type S error,MA39,2,52,0.9,0.0088,0.0082,-6.8,7
Yang 2024 bias-robust (UWLS),Each meta-analysis weighted equally,Type S error,MA05,3,37,0.6,0.0088,0.0083,-5.4,8
Yang 2024 bias-robust (UWLS),Each meta-analysis weighted equally,Type S error,MA28,2,168,2.9,0.0088,0.0092,+5.1,9
Yang 2024 bias-robust (UWLS),Each meta-analysis weighted equally,Type S error,MA45,2,39,0.7,0.0088,0.0092,+5.1,10
Yang 2024 bias-robust (UWLS),Each meta-analysis weighted equally,Type S error,MA14,2,271,4.7,0.0088,0.0092,+5.1,11
Yang 2024 bias-robust (UWLS),Each meta-analysis weighted equally,Type S error,MA22,3,276,4.8,0.0088,0.0083,-5.0,12
Yang 2024 bias-robust (UWLS),Each meta-analysis weighted equally,Type S error,MA43,1,13,0.2,0.0088,0.0084,-4.8,13
Yang 2024 bias-robust (UWLS),Each meta-analysis weighted equally,Type S error,MA47,2,103,1.8,0.0088,0.0085,-2.8,14
Yang 2024 bias-robust (UWLS),Each meta-analysis weighted equally,Type S error,MA08,1,531,9.3,0.0088,0.0090,+2.5,15
Yang 2024 bias-robust (UWLS),Each meta-analysis weighted equally,Type S error,MA34,1,555,9.7,0.0088,0.0090,+2.5,15
Yang 2024 bias-robust (UWLS),Each meta-analysis weighted equally,Type S error,MA18,1,23,0.4,0.0088,0.0090,+2.5,17
Yang 2024 bias-robust (UWLS),Each meta-analysis weighted equally,Type S error,MA32,1,13,0.2,0.0088,0.0090,+2.5,17
Yang 2024 bias-robust (UWLS),Each meta-analysis weighted equally,Type S error,MA24,1,139,2.4,0.0088,0.0090,+2.5,19
Yang 2024 bias-robust (UWLS),Each meta-analysis weighted equally,Type S error,MA26,1,459,8.0,0.0088,0.0090,+2.5,20
Yang 2024 bias-robust (UWLS),Each meta-analysis weighted equally,Type S error,MA31,1,734,12.8,0.0088,0.0090,+2.5,21
Yang 2024 bias-robust (UWLS),Each meta-analysis weighted equally,Type S error,MA23,1,24,0.4,0.0088,0.0090,+2.5,22
Yang 2024 bias-robust (UWLS),Each meta-analysis weighted equally,Type S error,MA25,1,43,0.7,0.0088,0.0090,+2.5,23
Yang 2024 bias-robust (UWLS),Each meta-analysis weighted equally,Type S error,MA10,1,32,0.6,0.0088,0.0090,+2.5,24
Yang 2024 bias-robust (UWLS),Each meta-analysis weighted equally,Type S error,MA12,1,70,1.2,0.0088,0.0090,+2.5,25
Yang 2024 bias-robust (UWLS),Each meta-analysis weighted equally,Type S error,MA17,1,66,1.1,0.0088,0.0090,+2.4,26
Yang 2024 bias-robust (UWLS),Each meta-analysis weighted equally,Type S error,MA20,1,29,0.5,0.0088,0.0086,-1.6,27
Yang 2024 bias-robust (UWLS),Each meta-analysis weighted equally,Type S error,MA06,2,46,0.8,0.0088,0.0089,+1.0,28
