obs_ID,study_ID,year,es,var,meta_ID,research_aim
obs_001,113891,2010,0.325657672,0.173638007,ma31_01,human
obs_002,9560276,1998,6.102189737,1.430314154,ma31_01,human
obs_003,9560276,1998,2.53269838,0.481675846,ma31_01,human
obs_004,10336157,1999,2.465491353,0.414894864,ma31_01,human
obs_005,10336157,1999,0.802581556,0.240114921,ma31_01,human
obs_006,10336157,1999,-0.047485139,0.23617743,ma31_01,human
obs_007,10336157,1999,-0.346506904,0.225557418,ma31_01,human
obs_008,10593193,1999,-0.117941529,0.166956463,ma31_01,human
obs_009,10593193,1999,0.209729844,0.167583054,ma31_01,human
obs_010,10593193,1999,-0.635537428,0.175081413,ma31_01,human
obs_011,10593193,1999,-0.01698879,0.16667268,ma31_01,human
obs_012,10593193,1999,-0.074250487,0.250172285,ma31_01,human
obs_013,10593193,1999,0.448996503,0.256299933,ma31_01,human
obs_014,10593193,1999,1.008061917,0.281755901,ma31_01,human
obs_015,10593193,1999,0.222108044,0.251541624,ma31_01,human
obs_016,10693149,2000,-0.474187774,0.242724465,ma31_01,human
obs_017,10693149,2000,-0.86894388,0.243196207,ma31_01,human
obs_018,11797057,2001,3.172399572,0.361538791,ma31_01,human
obs_019,12076730,2002,-0.095750617,0.129314541,ma31_01,human
obs_020,12076731,2002,-0.997397749,0.172976967,ma31_01,human
obs_021,12231228,2002,4.223741063,1.308666095,ma31_01,human
obs_022,12366727,2002,-0.160225163,0.236866173,ma31_01,human
obs_023,12543234,2003,-0.73658149,0.252068531,ma31_01,human
obs_024,12699791,2003,1.337067261,0.271881913,ma31_01,human
obs_025,12699791,2003,-0.381372655,0.226262364,ma31_01,human
obs_026,12799173,2003,0.747503526,0.156098466,ma31_01,human
obs_027,12799173,2003,-0.963933325,0.36073721,ma31_01,human
obs_028,12799173,2003,-0.257670061,0.294037876,ma31_01,human
obs_029,14570539,2003,0.253821595,0.252013294,ma31_01,human
obs_030,14570539,2003,-0.84174384,0.272141647,ma31_01,human
obs_031,14570539,2003,0.713618034,0.354552112,ma31_01,human
obs_032,14570539,2003,0.512340042,0.344270513,ma31_01,human
obs_033,14570539,2003,-0.914284765,0.368163193,ma31_01,human
obs_034,14570539,2003,-0.415432333,0.340524334,ma31_01,human
obs_035,14570539,2003,0.438441198,0.341342945,ma31_01,human
obs_036,14570539,2003,-0.863319495,0.364388356,ma31_01,human
obs_037,14570539,2003,0.247380126,0.335883205,ma31_01,human
obs_038,14570539,2003,-0.050213963,0.333438393,ma31_01,human
obs_039,14638381,2003,-0.805712138,0.240254779,ma31_01,human
obs_040,14638381,2003,-0.070415178,0.222359953,ma31_01,human
obs_041,14638381,2003,1.973777617,0.297394952,ma31_01,human
obs_042,14638381,2003,0.618615836,0.209567139,ma31_01,human
obs_043,15234259,2004,0.125094285,0.106862274,ma31_01,human
obs_044,15251255,2004,-0.346420986,0.338333646,ma31_01,human
obs_045,15251255,2004,-0.365440727,0.338897789,ma31_01,human
obs_046,15251255,2004,-0.63636658,0.350206768,ma31_01,human
obs_047,15251255,2004,-0.024234576,0.333357805,ma31_01,human
obs_048,15582116,2005,0.025156295,0.250019776,ma31_01,human
obs_049,15582116,2005,-0.552129935,0.259526483,ma31_01,human
obs_050,15582116,2005,-0.16196671,0.250819788,ma31_01,human
obs_051,15582116,2005,0.921655536,0.276545279,ma31_01,human
obs_052,15582116,2005,-0.524351289,0.258592009,ma31_01,human
obs_053,15582116,2005,-0.567172638,0.26005265,ma31_01,human
obs_054,15582116,2005,-0.605158457,0.261444274,ma31_01,human
obs_055,15582116,2005,-0.442887422,0.256129665,ma31_01,human
obs_056,15582116,2005,-0.293033244,0.25268339,ma31_01,human
obs_057,15582116,2005,-0.86521287,0.273393541,ma31_01,human
obs_058,15582116,2005,0.723186691,0.266343718,ma31_01,human
obs_059,15582116,2005,0.134314957,0.250563766,ma31_01,human
obs_060,15582116,2005,0.300083829,0.252814072,ma31_01,human
obs_061,15582116,2005,0.032192479,0.250032386,ma31_01,human
obs_062,15582116,2005,0.854590031,0.272822629,ma31_01,human
obs_063,15582116,2005,0.949945055,0.278199863,ma31_01,human
obs_064,15582117,2005,0,0.25,ma31_01,human
obs_065,15582117,2005,-0.610632424,0.261652249,ma31_01,human
obs_066,15639174,2005,0.191582875,0.212077006,ma31_01,human
obs_067,15639174,2005,-0.172197837,0.211891429,ma31_01,human
obs_068,15639174,2005,0.020925051,0.211122634,ma31_01,human
obs_069,15639174,2005,-0.739200167,0.225490503,ma31_01,human
obs_070,15639174,2005,-0.265507912,0.212966228,ma31_01,human
obs_071,15639174,2005,-0.447625034,0.216383958,ma31_01,human
obs_072,15677441,2004,1.113841849,0.309211932,ma31_01,human
obs_073,15755522,2005,1.891782323,0.482451682,ma31_01,human
obs_074,15764017,2004,-0.445680472,0.248699234,ma31_01,human
obs_075,15764017,2004,-0.243165801,0.230510521,ma31_01,human
obs_076,15939444,2005,0.857005684,0.27692009,ma31_01,human
obs_077,15939444,2005,-0.399616497,0.242087572,ma31_01,human
obs_078,15939444,2005,-0.407042487,0.24773019,ma31_01,human
obs_079,15939444,2005,-0.262589893,0.230733791,ma31_01,human
obs_080,16171878,2006,0.045742642,0.133368206,ma31_01,human
obs_081,16171878,2006,0.414464343,0.142384813,ma31_01,human
obs_082,16221841,2005,-0.237931504,0.217398865,ma31_01,human
obs_083,16221841,2005,-0.200982486,0.21697209,ma31_01,human
obs_084,16221841,2005,0.88118124,0.236342785,ma31_01,human
obs_085,16221841,2005,0.177595744,0.178434866,ma31_01,human
obs_086,16626646,2006,0.134829651,0.292315918,ma31_01,human
obs_087,16626646,2006,-0.906474384,0.321012946,ma31_01,human
obs_088,16626646,2006,0.183218036,0.292865554,ma31_01,human
obs_089,16626646,2006,-0.669874142,0.307692787,ma31_01,human
obs_090,16626646,2006,-0.32793112,0.295507339,ma31_01,human
obs_091,16626646,2006,0.333723558,0.295644217,ma31_01,human
obs_092,16730678,2006,0.143158286,0.093311899,ma31_01,human
obs_093,16730678,2006,0.541112893,0.084654454,ma31_01,human
obs_094,16876800,2006,0.125604996,0.133596277,ma31_01,human
obs_095,16938473,2007,-0.43994454,0.227598644,ma31_01,human
obs_096,16938473,2007,0.021114328,0.222234606,ma31_01,human
obs_097,16938473,2007,0.060913226,0.236220241,ma31_01,human
obs_098,16938473,2007,-0.037637463,0.222261572,ma31_01,human
obs_099,16950513,2007,-0.314296292,0.155745811,ma31_01,human
obs_100,16950513,2007,-0.878901418,0.168701302,ma31_01,human
obs_101,16950513,2007,0.279988903,0.155353727,ma31_01,human
obs_102,16950513,2007,1.031704532,0.174315658,ma31_01,human
obs_103,16950513,2007,1.053442497,0.175187329,ma31_01,human
obs_104,16950513,2007,-0.658011672,0.16217268,ma31_01,human
obs_105,16950513,2007,0.068843063,0.153937296,ma31_01,human
obs_106,16950513,2007,-0.518321822,0.159012644,ma31_01,human
obs_107,16950513,2007,-0.171180498,0.154409669,ma31_01,human
obs_108,16950513,2007,-0.37414062,0.1565381,ma31_01,human
obs_109,16950513,2007,-0.308770379,0.139739016,ma31_01,human
obs_110,16950513,2007,-0.652213152,0.14542941,ma31_01,human
obs_111,16950513,2007,0.244567457,0.139126501,ma31_01,human
obs_112,16950513,2007,0.443544804,0.141487169,ma31_01,human
obs_113,16950513,2007,0.26410751,0.139297872,ma31_01,human
obs_114,16950513,2007,-0.126583807,0.138371505,ma31_01,human
obs_115,16950513,2007,-0.080454703,0.138206841,ma31_01,human
obs_116,16950513,2007,-0.858822247,0.15081206,ma31_01,human
obs_117,16950513,2007,-0.113589705,0.138317697,ma31_01,human
obs_118,16950513,2007,0.164397029,0.13856121,ma31_01,human
obs_119,16950513,2007,0.086618818,0.138224597,ma31_01,human
obs_120,16950513,2007,-0.549483461,0.143300964,ma31_01,human
obs_121,16950513,2007,-0.254860163,0.13921513,ma31_01,human
obs_122,16950513,2007,-0.606851329,0.144444696,ma31_01,human
obs_123,16950513,2007,-0.538564935,0.143096138,ma31_01,human
obs_124,16950513,2007,-0.259581835,0.139257009,ma31_01,human
obs_125,16950513,2007,-0.137394229,0.138420707,ma31_01,human
obs_126,16950513,2007,-0.410255001,0.14099712,ma31_01,human
obs_127,16950513,2007,-0.325285048,0.139919555,ma31_01,human
obs_128,16950513,2007,0.721999887,0.14708289,ma31_01,human
obs_129,16950513,2007,-0.236661852,0.139060908,ma31_01,human
obs_130,16950513,2007,0.298324454,0.139629677,ma31_01,human
obs_131,16950513,2007,0.061344446,0.13816012,ma31_01,human
obs_132,16950513,2007,-0.308375174,0.139734811,ma31_01,human
obs_133,16950513,2007,0.361726365,0.140351203,ma31_01,human
obs_134,16950513,2007,-0.51407699,0.142651706,ma31_01,human
obs_135,16950513,2007,-0.282273296,0.139469,ma31_01,human
obs_136,16950513,2007,-0.131887353,0.138395139,ma31_01,human
obs_137,16950513,2007,-0.157923571,0.138525236,ma31_01,human
obs_138,16950513,2007,-0.334678577,0.140026441,ma31_01,human
obs_139,17004935,2006,1.103726902,0.24796733,ma31_01,human
obs_140,17004935,2006,1.524463854,0.289555279,ma31_01,human
obs_141,17004935,2006,1.111146182,0.248399771,ma31_01,human
obs_142,17156212,2006,-0.181428113,0.25102863,ma31_01,human
obs_143,17156212,2006,2.929063517,0.518106659,ma31_01,human
obs_144,17307298,2007,0.459442519,0.205277186,ma31_01,human
obs_145,17307298,2007,-1.1189948,0.231303734,ma31_01,human
obs_146,17307298,2007,0.652816888,0.210654247,ma31_01,human
obs_147,17307298,2007,1.330788676,0.244274963,ma31_01,human
obs_148,17307298,2007,1.217779439,0.197562224,ma31_01,human
obs_149,17335785,2007,0.086934037,0.166824115,ma31_01,human
obs_150,17335785,2007,0.022137309,0.166676876,ma31_01,human
obs_151,17335785,2007,0.707267546,0.17708807,ma31_01,human
obs_152,17335785,2007,-0.313386315,0.168712729,ma31_01,human
obs_153,17335785,2007,0.333128445,0.168978637,ma31_01,human
obs_154,17335785,2007,-0.435471248,0.1706174,ma31_01,human
obs_155,17433558,2007,0.884389795,0.098359009,ma31_01,human
obs_156,17433558,2007,1.189798978,0.124182156,ma31_01,human
obs_157,17433558,2007,0.070224513,0.090090777,ma31_01,human
obs_158,17433558,2007,1.263084244,0.126547421,ma31_01,human
obs_159,17433558,2007,-0.700400483,0.112010303,ma31_01,human
obs_160,17468977,2007,0.677158283,0.211463583,ma31_01,human
obs_161,17468977,2007,0.350786397,0.203076277,ma31_01,human
obs_162,17543553,2007,1.110246196,0.256462406,ma31_01,human
obs_163,17543553,2007,0.853969715,0.218231607,ma31_01,human
obs_164,17543553,2007,-0.241127783,0.143895404,ma31_01,human
obs_165,17543553,2007,0.309526301,0.112441757,ma31_01,human
obs_166,17543553,2007,0.636253739,0.165360735,ma31_01,human
obs_167,17543553,2007,0.760829214,0.164128741,ma31_01,human
obs_168,17577226,2007,0.658220929,0.222512553,ma31_01,human
obs_169,17577226,2007,1.001315232,0.265600293,ma31_01,human
obs_170,17692317,2007,-0.310210406,0.293916294,ma31_01,human
obs_171,17692317,2007,-0.378307297,0.295381479,ma31_01,human
obs_172,17692317,2007,0.078986891,0.300207964,ma31_01,human
obs_173,17692317,2007,-0.06564243,0.300143631,ma31_01,human
obs_174,17692317,2007,0.398744154,0.295877744,ma31_01,human
obs_175,17692317,2007,-0.175939025,0.29187642,ma31_01,human
obs_176,17692317,2007,0.669730891,0.314951316,ma31_01,human
obs_177,17692317,2007,-0.109486796,0.300399579,ma31_01,human
obs_178,17692317,2007,-0.076165524,0.300193373,ma31_01,human
obs_179,17692317,2007,-1.449956422,0.370079121,ma31_01,human
obs_180,17692317,2007,-0.15405732,0.300791122,ma31_01,human
obs_181,17692317,2007,-0.432998764,0.306249598,ma31_01,human
obs_182,17697719,2007,-0.601962354,0.090891917,ma31_01,human
obs_183,17697719,2007,-0.649663207,0.107647101,ma31_01,human
obs_184,17697719,2007,-0.600826862,0.261281029,ma31_01,human
obs_185,17716698,2007,-0.273263675,0.252333532,ma31_01,human
obs_186,17716698,2007,-1.495390108,0.319880987,ma31_01,human
obs_187,17854917,2008,0.72591939,0.152267124,ma31_01,human
obs_188,17854917,2008,2.431127313,0.224495377,ma31_01,human
obs_189,17854917,2008,0.343393604,0.147939033,ma31_01,human
obs_190,17854917,2008,1.44182236,0.201833445,ma31_01,human
obs_191,17931714,2008,0.40288488,0.204057906,ma31_01,human
obs_192,17931714,2008,0.360493299,0.203248885,ma31_01,human
obs_193,18308845,2008,-0.409120433,0.163604001,ma31_01,human
obs_194,18308845,2008,-0.165085737,0.129606236,ma31_01,human
obs_195,18329744,2008,0.850744608,0.311563085,ma31_01,human
obs_196,18329744,2008,0.26508456,0.288223922,ma31_01,human
obs_197,18367262,2008,-1.182492053,0.234957186,ma31_01,human
obs_198,18367262,2008,1.47590214,0.254457178,ma31_01,human
obs_199,18367262,2008,-6.366331081,1.213254286,ma31_01,human
obs_200,18367262,2008,-6.010670127,1.103203884,ma31_01,human
obs_201,18367262,2008,1.853191402,0.285857959,ma31_01,human
obs_202,18367262,2008,0.163634512,0.200669406,ma31_01,human
obs_203,18398848,2008,-0.169369653,0.211866008,ma31_01,human
obs_204,18398848,2008,0.077522593,0.211269262,ma31_01,human
obs_205,18398848,2008,0.782202696,0.269120033,ma31_01,human
obs_206,18468700,2008,0.283224832,0.240100646,ma31_01,human
obs_207,18524909,2008,1.573862804,0.404794737,ma31_01,human
obs_208,18524909,2008,-0.136416911,0.292331294,ma31_01,human
obs_209,18554808,2008,0.706662568,0.2124843,ma31_01,human
obs_210,18554808,2008,-0.400580592,0.20401162,ma31_01,human
obs_211,18554808,2008,1.526912223,0.21523877,ma31_01,human
obs_212,18566122,2008,-0.423344874,0.180819183,ma31_01,human
obs_213,18566122,2008,1.574079637,0.380156906,ma31_01,human
obs_214,18566122,2008,-0.281592458,0.178646866,ma31_01,human
obs_215,18948184,2009,2.427651047,0.317276279,ma31_01,human
obs_216,18948184,2009,1.131706226,0.232018975,ma31_01,human
obs_217,18948184,2009,1.519588774,0.257728751,ma31_01,human
obs_218,18948184,2009,0.188208286,0.200885559,ma31_01,human
obs_219,19051121,2009,0.186947697,0.202893938,ma31_01,human
obs_220,19111592,2009,1.477874509,0.318253533,ma31_01,human
obs_221,19111592,2009,0.706700704,0.144070371,ma31_01,human
obs_222,19283592,2009,1.027888476,0.263114976,ma31_01,human
obs_223,19283592,2009,-0.590835717,0.199220682,ma31_01,human
obs_224,19292996,2009,0.782932862,0.197264785,ma31_01,human
obs_225,19292996,2009,-0.309980623,0.185517151,ma31_01,human
obs_226,19309038,2009,1.756472884,0.277129925,ma31_01,human
obs_227,19398029,2009,-0.649214899,0.161951538,ma31_01,human
obs_228,19398029,2009,0.776111565,0.165429792,ma31_01,human
obs_229,19398029,2009,-20.63251861,8.340400462,ma31_01,human
obs_230,19505767,2009,-1.677898073,0.270383549,ma31_01,human
obs_231,19682501,2009,0.010135956,0.097620301,ma31_01,human
obs_232,19821018,2009,0.331483323,0.170121359,ma31_01,human
obs_233,19821018,2009,0.010928588,0.188036902,ma31_01,human
obs_234,19821018,2009,0.842779756,0.18262962,ma31_01,human
obs_235,19922351,2009,-0.017682148,0.222230907,ma31_01,human
obs_236,19922351,2009,-0.051841496,0.25405224,ma31_01,human
obs_237,19922359,2009,0.326911966,0.506679465,ma31_01,human
obs_238,19939573,2010,-1.649337195,0.2826983,ma31_01,human
obs_239,19939573,2010,-0.013959891,0.211116239,ma31_01,human
obs_240,19939573,2010,-1.364397631,0.260100082,ma31_01,human
obs_241,19939573,2010,-0.118844029,0.211482793,ma31_01,human
obs_242,20214436,2010,1.075277691,0.457811106,ma31_01,human
obs_243,20463226,2010,0.551380554,0.207600513,ma31_01,human
obs_244,20463226,2010,0.92171369,0.221238903,ma31_01,human
obs_245,20463226,2010,1.322155488,0.243702378,ma31_01,human
obs_246,20463226,2010,-0.246022912,0.201513182,ma31_01,human
obs_247,20488211,2010,-0.220875335,0.201219648,ma31_01,human
obs_248,20488211,2010,0.09290535,0.200215785,ma31_01,human
obs_249,20488211,2010,-0.359785221,0.169363446,ma31_01,human
obs_250,20488211,2010,0.235720687,0.167824255,ma31_01,human
obs_251,20488211,2010,-0.05287991,0.166724923,ma31_01,human
obs_252,20488211,2010,0.375235946,0.169600042,ma31_01,human
obs_253,20589492,2011,0.395234231,0.203905252,ma31_01,human
obs_254,20589492,2011,0.809959738,0.216400869,ma31_01,human
obs_255,20589492,2011,0.169444773,0.200717788,ma31_01,human
obs_256,20589492,2011,-0.478462552,0.20572316,ma31_01,human
obs_257,20673872,2010,0.725332737,0.11202886,ma31_01,human
obs_258,20696216,2010,1.402558153,0.288409827,ma31_01,human
obs_259,20816703,2011,0.405503771,0.510277082,ma31_01,human
obs_260,20816703,2011,-0.157697708,0.501554285,ma31_01,human
obs_261,20816703,2011,-0.046728648,0.250068236,ma31_01,human
obs_262,20816703,2011,-1.11459929,0.288822862,ma31_01,human
obs_263,20816703,2011,0.030955627,0.250029945,ma31_01,human
obs_264,20816703,2011,-0.090791384,0.250257596,ma31_01,human
obs_265,20816703,2011,0.516701993,0.258343155,ma31_01,human
obs_266,20816703,2011,-0.98246078,0.280163412,ma31_01,human
obs_267,20816703,2011,-0.023215164,0.250016842,ma31_01,human
obs_268,20816703,2011,0.606513249,0.261495573,ma31_01,human
obs_269,20848608,2012,0.65765834,0.091822457,ma31_01,human
obs_270,20848608,2012,0.65765834,0.091822457,ma31_01,human
obs_271,20848608,2012,0.217636554,0.167653451,ma31_01,human
obs_272,20848608,2012,1.039003152,0.189156824,ma31_01,human
obs_273,20881118,2010,1.536181995,0.162678458,ma31_01,human
obs_274,20881118,2010,1.620507349,0.144698139,ma31_01,human
obs_275,20881118,2010,-0.823000651,0.137185654,ma31_01,human
obs_276,20881118,2010,-1.079283548,0.144572364,ma31_01,human
obs_277,20881118,2010,-0.536398212,0.113930757,ma31_01,human
obs_278,20881118,2010,-1.194717386,0.128925844,ma31_01,human
obs_279,21068306,2010,-0.544541844,0.159548573,ma31_01,human
obs_280,21068306,2010,1.016069322,0.17369994,ma31_01,human
obs_281,21068306,2010,0.668560697,0.162441796,ma31_01,human
obs_282,21068306,2010,1.003321081,0.173204869,ma31_01,human
obs_283,21094217,2011,0.195245515,0.140080332,ma31_01,human
obs_284,21094217,2011,1.35030355,0.170859623,ma31_01,human
obs_285,21094217,2011,-0.507567956,0.143864891,ma31_01,human
obs_286,21094217,2011,-0.380675967,0.141921597,ma31_01,human
obs_287,21161589,2011,3.288704352,0.391991173,ma31_01,human
obs_288,21185124,2011,0.512488968,0.206566124,ma31_01,human
obs_289,21185124,2011,0.855781708,0.218309058,ma31_01,human
obs_290,21185124,2011,0.372336433,0.240188594,ma31_01,human
obs_291,21319884,2011,0.879856609,0.219353691,ma31_01,human
obs_292,21319884,2011,1.373901526,0.247190135,ma31_01,human
obs_293,21319884,2011,0.890593087,0.219828901,ma31_01,human
obs_294,21319884,2011,-0.788044277,0.215525345,ma31_01,human
obs_295,21319884,2011,0.353579601,0.253906829,ma31_01,human
obs_296,21319884,2011,0.289709249,0.252622858,ma31_01,human
obs_297,21319884,2011,0.353579601,0.253906829,ma31_01,human
obs_298,21319884,2011,0.289709249,0.252622858,ma31_01,human
obs_299,21319884,2011,0.223451206,0.251560326,ma31_01,human
obs_300,21319884,2011,0.17690488,0.250977979,ma31_01,human
obs_301,21319884,2011,0.17088475,0.25091255,ma31_01,human
obs_302,21319884,2011,0,0.25,ma31_01,human
obs_303,21319884,2011,-0.102191375,0.500652692,ma31_01,human
obs_304,21319884,2011,0.471535183,0.513896589,ma31_01,human
obs_305,21319884,2011,0.890711989,0.549585491,ma31_01,human
obs_306,21319884,2011,1.443085881,0.630156054,ma31_01,human
obs_307,21331159,2011,-0.906101885,0.320988832,ma31_01,human
obs_308,21331159,2011,-0.172381888,0.310666714,ma31_01,human
obs_309,21331159,2011,-0.470711886,0.143243244,ma31_01,human
obs_310,21331159,2011,0.406239301,0.291608227,ma31_01,human
obs_311,21403582,2011,-0.900788104,0.142233081,ma31_01,human
obs_312,21403582,2011,-0.673987127,0.136652447,ma31_01,human
obs_313,21519375,2011,-0.282434774,0.134662823,ma31_01,human
obs_314,21519375,2011,0.336665842,0.135222398,ma31_01,human
obs_315,21519375,2011,0.351698613,0.135394865,ma31_01,human
obs_316,21519375,2011,-0.213050075,0.134089839,ma31_01,human
obs_317,21519375,2011,-0.270273729,0.134550798,ma31_01,human
obs_318,21519375,2011,-0.258492949,0.134446977,ma31_01,human
obs_319,21519375,2011,0.006967312,0.133334142,ma31_01,human
obs_320,21519375,2011,-0.37383553,0.13566255,ma31_01,human
obs_321,21519375,2011,-0.258492949,0.134446977,ma31_01,human
obs_322,21519375,2011,0.130942377,0.133619098,ma31_01,human
obs_323,21519375,2011,-0.656805089,0.140523215,ma31_01,human
obs_324,21519375,2011,-0.041723709,0.133362348,ma31_01,human
obs_325,21519375,2011,-0.562347797,0.138603917,ma31_01,human
obs_326,21519375,2011,-0.218111353,0.134126209,ma31_01,human
obs_327,21519375,2011,0.31973812,0.135037208,ma31_01,human
obs_328,21519375,2011,-0.644395064,0.140254083,ma31_01,human
obs_329,21519375,2011,-0.136429844,0.133643552,ma31_01,human
obs_330,21519375,2011,-0.608655198,0.139507686,ma31_01,human
obs_331,21519375,2011,0.22127338,0.134149365,ma31_01,human
obs_332,21519375,2011,-0.210388368,0.134071054,ma31_01,human
obs_333,21521421,2011,-1.342633081,0.175047564,ma31_01,human
obs_334,21521421,2011,0.063755048,0.142929727,ma31_01,human
obs_335,21596067,2011,0.272130227,0.118736101,ma31_01,human
obs_336,21596067,2011,-0.147731339,0.159227688,ma31_01,human
obs_337,21596067,2011,0.088672428,0.117762688,ma31_01,human
obs_338,21596067,2011,0.016987813,0.158828874,ma31_01,human
obs_339,21819999,2012,0.916585114,0.184169339,ma31_01,human
obs_340,21819999,2012,0.732288228,0.177838459,ma31_01,human
obs_341,21819999,2012,-0.431693595,0.170549153,ma31_01,human
obs_342,21819999,2012,0.151394743,0.167144174,ma31_01,human
obs_343,21862224,2012,1.108918845,0.279024819,ma31_01,human
obs_344,21862224,2012,0.717839506,0.157894122,ma31_01,human
obs_345,21940453,2011,-0.269633269,0.134545035,ma31_01,human
obs_346,21940453,2011,0.831119667,0.144845998,ma31_01,human
obs_347,21945413,2012,-0.376867742,0.203550732,ma31_01,human
obs_348,21945413,2012,-0.978256802,0.309677323,ma31_01,human
obs_349,21959103,2011,1.759962601,0.507460683,ma31_01,human
obs_350,21959103,2011,1.217801451,0.434077593,ma31_01,human
obs_351,21979429,2012,-7.698857253,1.868677861,ma31_01,human
obs_352,21979429,2012,-0.494067727,0.229002859,ma31_01,human
obs_353,22108759,2012,-0.320196892,0.239126583,ma31_01,human
obs_354,22108759,2012,0.15811416,0.236846408,ma31_01,human
obs_355,22155491,2012,0.264322332,0.168122214,ma31_01,human
obs_356,22178986,2012,-0.349556418,0.214326629,ma31_01,human
obs_357,22178986,2012,0.91352791,0.233072512,ma31_01,human
obs_358,22178986,2012,-0.173203475,0.21190057,ma31_01,human
obs_359,22178986,2012,-0.144963555,0.211664122,ma31_01,human
obs_360,22178986,2012,0.92371769,0.233565173,ma31_01,human
obs_361,22178986,2012,1.399244864,0.262634432,ma31_01,human
obs_362,22245561,2012,1.276736892,0.240751427,ma31_01,human
obs_363,22245561,2012,1.16442148,0.233896935,ma31_01,human
obs_364,22306746,2012,1.175796447,0.142270458,ma31_01,human
obs_365,22371048,2013,-1.143973062,0.332452656,ma31_01,human
obs_366,22371048,2013,1.41189355,0.263570148,ma31_01,human
obs_367,22476924,2012,0.613221487,0.190364559,ma31_01,human
obs_368,22476924,2012,0.770760883,0.195319826,ma31_01,human
obs_369,22476924,2012,-0.102415692,0.182056568,ma31_01,human
obs_370,22476924,2012,-0.392036203,0.185311191,ma31_01,human
obs_371,22476924,2012,-0.199906833,0.182726426,ma31_01,human
obs_372,22476924,2012,0.102189421,0.182055515,ma31_01,human
obs_373,22488044,2013,1.442221416,0.504000131,ma31_01,human
obs_374,22488044,2013,2.400215261,0.688051665,ma31_01,human
obs_375,22488044,2013,-0.422296806,0.292083378,ma31_01,human
obs_376,22488044,2013,-0.598100978,0.298490171,ma31_01,human
obs_377,22488044,2013,-0.628295885,0.419737786,ma31_01,human
obs_378,22522466,2012,0.265533116,0.201762696,ma31_01,human
obs_379,22543011,2012,2.0546724,0.25938021,ma31_01,human
obs_380,22543011,2012,-0.55070747,0.143324182,ma31_01,human
obs_381,22543011,2012,-0.153395568,0.171918784,ma31_01,human
obs_382,22543011,2012,0.401426564,0.140873571,ma31_01,human
obs_383,22543011,2012,0.278337385,0.173042565,ma31_01,human
obs_384,22543011,2012,-0.077829628,0.138199677,ma31_01,human
obs_385,22543011,2012,0.833107217,0.185888314,ma31_01,human
obs_386,22543011,2012,-0.021045305,0.138102874,ma31_01,human
obs_387,22610052,2012,0.503165646,0.187572174,ma31_01,human
obs_388,22610052,2012,-0.034122022,0.181844643,ma31_01,human
obs_389,22610052,2012,-0.335071363,0.184369837,ma31_01,human
obs_390,22610052,2012,-0.4814715,0.1870867,ma31_01,human
obs_391,22610052,2012,-0.151682594,0.182341082,ma31_01,human
obs_392,22610052,2012,0.210069867,0.182821122,ma31_01,human
obs_393,22672268,2012,0.989488542,0.226497391,ma31_01,human
obs_394,22672268,2012,1.504497026,0.256587783,ma31_01,human
obs_395,22672268,2012,0.478862715,0.24960154,ma31_01,human
obs_396,22750582,2012,3.460572791,0.526257533,ma31_01,human
obs_397,22922490,2012,0,0.166666667,ma31_01,human
obs_398,22922490,2012,1.262618417,0.21805012,ma31_01,human
obs_399,22950049,2012,-0.703228213,0.181731278,ma31_01,human
obs_400,22950049,2012,0.56885913,0.233988909,ma31_01,human
obs_401,22950049,2012,-0.270444019,0.172952321,ma31_01,human
obs_402,22950049,2012,0.156564409,0.2256809,ma31_01,human
obs_403,22950049,2012,-0.471993483,0.205569446,ma31_01,human
obs_404,22950049,2012,0.734056413,0.19557967,ma31_01,human
obs_405,22950049,2012,-0.159072644,0.200632603,ma31_01,human
obs_406,22950049,2012,0.322699415,0.185700036,ma31_01,human
obs_407,22975437,2012,2.010470258,0.317479286,ma31_01,human
obs_408,22975437,2012,-1.176901924,0.247561062,ma31_01,human
obs_409,22982556,2012,-1.174779181,0.195418878,ma31_01,human
obs_410,23056528,2012,1.101812752,0.383916306,ma31_01,human
obs_411,23168995,2012,1.132369017,0.186640183,ma31_01,human
obs_412,23168995,2012,-0.057695681,0.122272658,ma31_01,human
obs_413,23195113,2013,-0.358125634,0.237328844,ma31_01,human
obs_414,23195113,2013,-1.481708016,0.322576337,ma31_01,human
obs_415,23195752,2013,-0.257040427,0.270059469,ma31_01,human
obs_416,23195752,2013,-0.056586192,0.267963876,ma31_01,human
obs_417,23195752,2013,-0.323841952,0.068704851,ma31_01,human
obs_418,23195752,2013,-0.306205141,0.068610682,ma31_01,human
obs_419,23195752,2013,-0.350057045,0.068854566,ma31_01,human
obs_420,23195752,2013,-0.062377638,0.067849066,ma31_01,human
obs_421,23237316,2013,0.254523042,0.192451519,ma31_01,human
obs_422,23237316,2013,0.563561806,0.198471041,ma31_01,human
obs_423,23237316,2013,0.022971651,0.108194266,ma31_01,human
obs_424,23237316,2013,0.081544739,0.108276993,ma31_01,human
obs_425,23305081,2013,1.343858366,0.245148883,ma31_01,human
obs_426,23325329,2013,1.002121532,0.166948825,ma31_01,human
obs_427,23410958,2013,-0.579916346,0.198916304,ma31_01,human
obs_428,23763285,2013,-0.275847676,0.201902299,ma31_01,human
obs_429,23763285,2013,2.157043849,0.316320954,ma31_01,human
obs_430,23763285,2013,-0.018538955,0.166673827,ma31_01,human
obs_431,23769892,2013,-0.172062033,0.334566889,ma31_01,human
obs_432,23775283,2014,0.339434202,0.276218654,ma31_01,human
obs_433,23775283,2014,0.892184393,0.296848272,ma31_01,human
obs_434,23775283,2014,0.093066231,0.272989737,ma31_01,human
obs_435,23775283,2014,-0.114868342,0.273127113,ma31_01,human
obs_436,23781957,2013,0.296713383,0.168500809,ma31_01,human
obs_437,23922862,2013,0.273715691,0.098999786,ma31_01,human
obs_438,23922862,2013,1.158373298,0.133548066,ma31_01,human
obs_439,24004850,2013,0.84637202,0.161617308,ma31_01,human
obs_440,24025219,2014,0.289300118,0.183720331,ma31_01,human
obs_441,24025219,2014,-0.197356125,0.182703396,ma31_01,human
obs_442,24025219,2014,0.05520002,0.23620073,ma31_01,human
obs_443,24140426,2013,1.42941357,0.251080579,ma31_01,human
obs_444,24271510,2014,0.674151752,0.14090801,ma31_01,human
obs_445,24271510,2014,-0.091485283,0.133472826,ma31_01,human
obs_446,24271510,2014,-0.141641829,0.133667707,ma31_01,human
obs_447,24271510,2014,-0.141641829,0.133667707,ma31_01,human
obs_448,24271510,2014,1.00654074,0.150218738,ma31_01,human
obs_449,24271510,2014,0.173005267,0.13383218,ma31_01,human
obs_450,24271510,2014,0.603324067,0.139399999,ma31_01,human
obs_451,24271510,2014,0.476637447,0.137119721,ma31_01,human
obs_452,24275003,2014,-0.313717943,0.165943649,ma31_01,human
obs_453,24275003,2014,-0.796605737,0.176059908,ma31_01,human
obs_454,24275003,2014,-0.050005817,0.167812189,ma31_01,human
obs_455,24275003,2014,0.278008494,0.169278623,ma31_01,human
obs_456,24280707,2013,0.351094843,0.338469483,ma31_01,human
obs_457,24280707,2013,-0.221875921,0.335384539,ma31_01,human
obs_458,24338028,2014,-0.132070806,0.125762738,ma31_01,human
obs_459,24338028,2014,0.641595947,0.131922155,ma31_01,human
obs_460,24368626,2014,2.814455794,0.531895857,ma31_01,human
obs_461,24368626,2014,4.662428875,0.992465243,ma31_01,human
obs_462,24462609,2014,-0.1479766,0.367661988,ma31_01,human
obs_463,24462609,2014,-1.408073672,0.333946192,ma31_01,human
obs_464,24462609,2014,-1.243608275,0.298330048,ma31_01,human
obs_465,24462609,2014,1.822274802,0.378546658,ma31_01,human
obs_466,24503116,2014,-0.214391009,0.142949337,ma31_01,human
obs_467,24503116,2014,-0.56636357,0.14768734,ma31_01,human
obs_468,24503116,2014,-0.060775203,0.142220546,ma31_01,human
obs_469,24503116,2014,0.777124349,0.152569315,ma31_01,human
obs_470,24667363,2014,0.463930799,0.293401135,ma31_01,human
obs_471,24667363,2014,-0.098345218,0.286059706,ma31_01,human
obs_472,24667363,2014,-0.321059083,0.289395676,ma31_01,human
obs_473,24667363,2014,0.199536989,0.28713625,ma31_01,human
obs_474,24667363,2014,0.317027694,0.257109084,ma31_01,human
obs_475,24667363,2014,-0.578346396,0.264420896,ma31_01,human
obs_476,24667363,2014,-0.534691593,0.262902476,ma31_01,human
obs_477,24667363,2014,-0.428092242,0.259695222,ma31_01,human
obs_478,24746487,2014,-0.286171852,0.252559198,ma31_01,human
obs_479,24746487,2014,0.442288521,0.256113098,ma31_01,human
obs_480,24746487,2014,-0.397356612,0.240755002,ma31_01,human
obs_481,24746487,2014,-0.429244822,0.241530262,ma31_01,human
obs_482,24747276,2014,0.873909127,0.141484685,ma31_01,human
obs_483,24747276,2014,-2.939422844,0.24009819,ma31_01,human
obs_484,24747276,2014,0.676601449,0.132643157,ma31_01,human
obs_485,24747276,2014,3.363311836,0.460239246,ma31_01,human
obs_486,24802968,2014,-0.552441763,0.20965,ma31_01,human
obs_487,24802968,2014,-0.097967579,0.202260143,ma31_01,human
obs_488,24802968,2014,-0.149097315,0.202575952,ma31_01,human
obs_489,24802968,2014,-0.215431473,0.168799058,ma31_01,human
obs_490,24802968,2014,-0.197601433,0.168645633,ma31_01,human
obs_491,24802968,2014,-0.069671174,0.167933294,ma31_01,human
obs_492,24831231,2014,0.525692406,0.188098921,ma31_01,human
obs_493,24831231,2014,0.837821369,0.197771469,ma31_01,human
obs_494,24831231,2014,-0.069778445,0.181928842,ma31_01,human
obs_495,24904343,2014,0.694591341,0.136948233,ma31_01,human
obs_496,24904343,2014,0.033985973,0.129185296,ma31_01,human
obs_497,24904343,2014,1.087624744,0.217382484,ma31_01,human
obs_498,24904343,2014,0.587124862,0.199160484,ma31_01,human
obs_499,24930801,2014,-0.220231572,0.154778884,ma31_01,human
obs_500,24930801,2014,-0.369265547,0.156468405,ma31_01,human
obs_501,24930801,2014,1.067504906,0.228489168,ma31_01,human
obs_502,24930801,2014,0.824779965,0.21700655,ma31_01,human
obs_503,24940813,2014,-0.059758954,0.183414495,ma31_01,human
obs_504,25084041,2014,1.020750232,0.174161467,ma31_01,human
obs_505,25092246,2015,0.538315807,0.183222727,ma31_01,human
obs_506,25092246,2015,0.911457224,0.210688955,ma31_01,human
obs_507,25092246,2015,0.990027923,0.198230801,ma31_01,human
obs_508,25092246,2015,-0.947838119,0.196453449,ma31_01,human
obs_509,25100956,2014,0.194942618,0.144268362,ma31_01,human
obs_510,25100956,2014,-0.068757564,0.134007365,ma31_01,human
obs_511,25157962,2014,0.783605417,0.180624615,ma31_01,human
obs_512,25157962,2014,0.096514281,0.222480972,ma31_01,human
obs_513,25157962,2014,-1.390008627,0.275892333,ma31_01,human
obs_514,25157962,2014,-0.147151231,0.154262567,ma31_01,human
obs_515,25157962,2014,-0.317376043,0.271214728,ma31_01,human
obs_516,25157962,2014,-1.374547818,0.206028786,ma31_01,human
obs_517,25228857,2014,0.613541117,0.290325535,ma31_01,human
obs_518,25228857,2014,0.49980083,0.286104473,ma31_01,human
obs_519,25233278,2014,5.457888774,1.180892183,ma31_01,human
obs_520,25257105,2015,-0.309801581,0.185514629,ma31_01,human
obs_521,25257105,2015,0.068543344,0.200117455,ma31_01,human
obs_522,25288769,2014,-0.058351634,0.166737602,ma31_01,human
obs_523,25288769,2014,0.583572717,0.208513928,ma31_01,human
obs_524,25288769,2014,0.068840133,0.166765395,ma31_01,human
obs_525,25288769,2014,-0.398285337,0.20396578,ma31_01,human
obs_526,25288769,2014,-0.306688755,0.155654961,ma31_01,human
obs_527,25288769,2014,0.254620457,0.201620789,ma31_01,human
obs_528,25394875,2015,0.215434216,0.182872998,ma31_01,human
obs_529,25394875,2015,1.142021435,0.211459385,ma31_01,human
obs_530,25394875,2015,0,0.181818182,ma31_01,human
obs_531,25394875,2015,-0.682571672,0.192406911,ma31_01,human
obs_532,25433094,2015,-0.939410471,0.624851092,ma31_01,human
obs_533,25433094,2015,-1.129650031,0.358604932,ma31_01,human
obs_534,25433094,2015,0.814994321,0.61645585,ma31_01,human
obs_535,25433094,2015,0.672478599,0.326917174,ma31_01,human
obs_536,25433094,2015,1.619793414,0.69182181,ma31_01,human
obs_537,25433094,2015,-0.119585363,0.310073835,ma31_01,human
obs_538,25443141,2015,0.495855034,0.243342647,ma31_01,human
obs_539,25443141,2015,0.594448816,0.246504329,ma31_01,human
obs_540,25459283,2015,0.845211809,0.198054159,ma31_01,human
obs_541,25462910,2015,0.684158547,0.192456203,ma31_01,human
obs_542,25576374,2015,0.67804026,0.141590881,ma31_01,human
obs_543,25576374,2015,0.436588155,0.137105392,ma31_01,human
obs_544,25576374,2015,0.591117208,0.231928321,ma31_01,human
obs_545,25576374,2015,0.20383352,0.223376336,ma31_01,human
obs_546,25602134,2015,0.489072211,0.165040243,ma31_01,human
obs_547,25602134,2015,-1.223991709,0.215867175,ma31_01,human
obs_548,25602134,2015,-0.107150875,0.09103956,ma31_01,human
obs_549,25602134,2015,0.424538875,0.092957196,ma31_01,human
obs_550,25728399,2015,0.876289094,0.199270059,ma31_01,human
obs_551,25765754,2015,0.538988228,0.20928291,ma31_01,human
obs_552,25765754,2015,-0.19452193,0.202966172,ma31_01,human
obs_553,25765754,2015,1.835849679,0.286278803,ma31_01,human
obs_554,25765754,2015,1.975701465,0.299605109,ma31_01,human
obs_555,25765754,2015,0.337646753,0.135233422,ma31_01,human
obs_556,25765754,2015,0.402633188,0.136035225,ma31_01,human
obs_557,25765754,2015,0.390620425,0.135876405,ma31_01,human
obs_558,25765754,2015,-0.567051498,0.219572885,ma31_01,human
obs_559,25765754,2015,0.310988951,0.139762723,ma31_01,human
obs_560,25765754,2015,0.086817663,0.133458955,ma31_01,human
obs_561,25849981,2015,-0.934267282,0.170631834,ma31_01,human
obs_562,25849981,2015,-0.647979812,0.168653967,ma31_01,human
obs_563,25849981,2015,-0.298448405,0.162037839,ma31_01,human
obs_564,25849981,2015,-0.917539066,0.177093969,ma31_01,human
obs_565,25849981,2015,-0.212328123,0.154713139,ma31_01,human
obs_566,25964750,2015,1.098171975,0.115074771,ma31_01,human
obs_567,25964750,2015,1.07451711,0.114432338,ma31_01,human
obs_568,25964750,2015,1.186266889,0.117590364,ma31_01,human
obs_569,25965872,2015,-0.208960228,0.201091609,ma31_01,human
obs_570,25965872,2015,-0.643233258,0.210343726,ma31_01,human
obs_571,25965872,2015,-0.668849277,0.211183984,ma31_01,human
obs_572,25965872,2015,0.621398946,0.209653416,ma31_01,human
obs_573,25980793,2015,-1.642441701,0.243127608,ma31_01,human
obs_574,25980793,2015,0.125773341,0.182177703,ma31_01,human
obs_575,26051818,2015,1.398877125,0.24892143,ma31_01,human
obs_576,26051818,2015,1.224153721,0.237463808,ma31_01,human
obs_577,26216027,2015,5.891737759,1.334767932,ma31_01,human
obs_578,26300221,2015,-1.985136232,0.288272203,ma31_01,human
obs_579,26300221,2015,1.146622449,0.22574785,ma31_01,human
obs_580,26300221,2015,0.603259829,0.203109264,ma31_01,human
obs_581,26344502,2016,-0.446120948,0.093358944,ma31_01,human
obs_582,26344502,2016,-0.384181766,0.097211636,ma31_01,human
obs_583,26344502,2016,-0.138434901,0.091315084,ma31_01,human
obs_584,26344502,2016,-0.391940816,0.097283326,ma31_01,human
obs_585,26382238,2015,0.493117591,0.275962641,ma31_01,human
obs_586,26382238,2015,-0.543682882,0.207389777,ma31_01,human
obs_587,26382238,2015,-0.082591197,0.200170533,ma31_01,human
obs_588,26403760,2015,0.757712888,0.214353221,ma31_01,human
obs_589,26403760,2015,0.140415117,0.20049291,ma31_01,human
obs_590,26403760,2015,0.480232211,0.205765574,ma31_01,human
obs_591,26403760,2015,-0.240168897,0.223824475,ma31_01,human
obs_592,26452320,2016,0.595869124,0.144216962,ma31_01,human
obs_593,26452320,2016,0.176797385,0.1463915,ma31_01,human
obs_594,26497106,2016,0.60066781,0.246722929,ma31_01,human
obs_595,26497106,2016,0.428951772,0.170499992,ma31_01,human
obs_596,26497106,2016,-0.173153251,0.167291293,ma31_01,human
obs_597,26497106,2016,-0.08799749,0.166827991,ma31_01,human
obs_598,26497106,2016,-0.51894273,0.172277116,ma31_01,human
obs_599,26497106,2016,-0.487727798,0.171622467,ma31_01,human
obs_600,26497106,2016,0.280262965,0.168303069,ma31_01,human
obs_601,26548415,2015,0.136009439,0.108437115,ma31_01,human
obs_602,26548415,2015,0.454222268,0.110975214,ma31_01,human
obs_603,26548415,2015,1.720371824,0.1481828,ma31_01,human
obs_604,26548415,2015,1.598359638,0.142710831,ma31_01,human
obs_605,26548415,2015,0.811004101,0.117075346,ma31_01,human
obs_606,26548415,2015,0.584271772,0.11280029,ma31_01,human
obs_607,26555398,2016,1.677879385,0.216561995,ma31_01,human
obs_608,26555398,2016,1.927429146,0.225288137,ma31_01,human
obs_609,26555398,2016,0.041557084,0.16029095,ma31_01,human
obs_610,26555398,2016,0.023988475,0.15385722,ma31_01,human
obs_611,26620542,2016,1.712151701,0.249957503,ma31_01,human
obs_612,26620542,2016,0.623635772,0.19217246,ma31_01,human
obs_613,26628207,2016,1.32903008,0.30519753,ma31_01,human
obs_614,26628207,2016,1.358712007,0.307690572,ma31_01,human
obs_615,26836417,2016,4.719939031,0.635549914,ma31_01,human
obs_616,26858618,2016,0.450802952,0.170900485,ma31_01,human
obs_617,26858618,2016,-0.724516119,0.177602575,ma31_01,human
obs_618,26858618,2016,0.731527915,0.142252218,ma31_01,human
obs_619,26858618,2016,0.029351689,0.133347692,ma31_01,human
obs_620,26858618,2016,0.205416646,0.1340366,ma31_01,human
obs_621,26877199,2016,0.685861134,0.352933562,ma31_01,human
obs_622,26877199,2016,1.299721815,0.403719866,ma31_01,human
obs_623,26999723,2016,-0.286432513,0.213270153,ma31_01,human
obs_624,26999723,2016,0.225557555,0.212449959,ma31_01,human
obs_625,26999723,2016,0.849447644,0.257333502,ma31_01,human
obs_626,27165447,2016,-1.085382712,0.636218923,ma31_01,human
obs_627,27165447,2016,1.665795349,0.69763502,ma31_01,human
obs_628,27165447,2016,1.013612729,0.63042489,ma31_01,human
obs_629,27165447,2016,0.61804572,0.324215368,ma31_01,human
obs_630,27165447,2016,0.618650235,0.324244122,ma31_01,human
obs_631,27165447,2016,0.950965882,0.344305968,ma31_01,human
obs_632,27184238,2016,1.996921029,0.374615425,ma31_01,human
obs_633,27211062,2016,1.126859497,0.231745308,ma31_01,human
obs_634,27211062,2016,0.651263002,0.210603587,ma31_01,human
obs_635,27246249,2016,-0.189221966,0.234185832,ma31_01,human
obs_636,27246249,2016,0.698365305,0.244945574,ma31_01,human
obs_637,27246249,2016,-0.26688266,0.144129042,ma31_01,human
obs_638,27246249,2016,-0.216115261,0.143691175,ma31_01,human
obs_639,27246249,2016,0.304739207,0.185680849,ma31_01,human
obs_640,27246249,2016,1.295227639,0.217375822,ma31_01,human
obs_641,27317195,2016,1.447503018,0.315477031,ma31_01,human
obs_642,27317195,2016,0.388564448,0.254718198,ma31_01,human
obs_643,27317195,2016,1.503943568,0.320682695,ma31_01,human
obs_644,27317195,2016,0.454161983,0.256445722,ma31_01,human
obs_645,27317195,2016,0.528334219,0.258723033,ma31_01,human
obs_646,27317195,2016,0.421576101,0.25555395,ma31_01,human
obs_647,27317195,2016,0.113832054,0.250404929,ma31_01,human
obs_648,27317195,2016,0.040671383,0.250051693,ma31_01,human
obs_649,27546213,2016,0.316412681,0.168669006,ma31_01,human
obs_650,27546213,2016,0.320495957,0.213814207,ma31_01,human
obs_651,27604299,2016,-0.133961213,0.108429643,ma31_01,human
obs_652,27604299,2016,-0.399692215,0.110345971,ma31_01,human
obs_653,27604299,2016,1.519132524,0.163042934,ma31_01,human
obs_654,27604299,2016,0.508040757,0.131017024,ma31_01,human
obs_655,27611197,2016,1.191479179,0.294363207,ma31_01,human
obs_656,27611197,2016,1.405467138,0.333701739,ma31_01,human
obs_657,27611197,2016,0.052224675,0.267948057,ma31_01,human
obs_658,27664716,2016,0.832546726,0.197571228,ma31_01,human
obs_659,27664716,2016,1.256663206,0.399133434,ma31_01,human
obs_660,27664716,2016,0.993708774,0.204260389,ma31_01,human
obs_661,27771383,2017,-1.08610022,0.208627584,ma31_01,human
obs_662,27898075,2016,0.833413358,0.150070718,ma31_01,human
obs_663,27898075,2016,2.287492743,0.47259368,ma31_01,human
obs_664,27898075,2016,-0.447300034,0.141544847,ma31_01,human
obs_665,27913254,2017,0.587320714,0.199122082,ma31_01,human
obs_666,28035183,2016,5.658497821,2.000929879,ma31_01,human
obs_667,28086911,2017,0.955663036,0.222832296,ma31_01,human
obs_668,28086911,2017,-0.30929214,0.202391541,ma31_01,human
obs_669,28088658,2017,0.649782304,0.325762927,ma31_01,human
obs_670,28088658,2017,0.631410083,0.305905191,ma31_01,human
obs_671,28094810,2017,2.570217004,0.608583977,ma31_01,human
obs_672,28094810,2017,2.001552107,0.434745625,ma31_01,human
obs_673,28184190,2017,1.83862827,0.274933823,ma31_01,human
obs_674,28184190,2017,1.434146633,0.243415315,ma31_01,human
obs_675,28184190,2017,1.963844981,0.286270328,ma31_01,human
obs_676,28184190,2017,0.497403664,0.200335168,ma31_01,human
obs_677,28185885,2017,0.465076035,0.307209857,ma31_01,human
obs_678,28185885,2017,-1.183807162,0.235034985,ma31_01,human
obs_679,28185885,2017,0.12637546,0.300532359,ma31_01,human
obs_680,28185885,2017,-1.429313198,0.368097874,ma31_01,human
obs_681,28185885,2017,0.097730817,0.300318377,ma31_01,human
obs_682,28185885,2017,0.383411804,0.304900154,ma31_01,human
obs_683,28259722,2017,0.833803246,0.310543852,ma31_01,human
obs_684,28259722,2017,1.129501604,0.331277638,ma31_01,human
obs_685,28284951,2017,2.110733296,0.311379876,ma31_01,human
obs_686,28284951,2017,2.638158611,0.373997021,ma31_01,human
obs_687,28284951,2017,3.02676951,0.429033342,ma31_01,human
obs_688,28284951,2017,1.920051741,0.292164967,ma31_01,human
obs_689,28284951,2017,2.636947533,0.373837307,ma31_01,human
obs_690,28284951,2017,3.192154757,0.4547463,ma31_01,human
obs_691,28450265,2017,-0.432518105,0.341127996,ma31_01,human
obs_692,28450265,2017,0.054452775,0.333456879,ma31_01,human
obs_693,28462362,2017,0.007583229,0.153410156,ma31_01,human
obs_694,28462362,2017,-0.574693478,0.198772724,ma31_01,human
obs_695,28611594,2017,0.477079381,0.217100709,ma31_01,human
obs_696,28611594,2017,-0.036314066,0.211145814,ma31_01,human
obs_697,28611594,2017,0.031430076,0.181840633,ma31_01,human
obs_698,28611594,2017,0.739377202,0.194242697,ma31_01,human
obs_699,28611594,2017,3.220380062,0.417519267,ma31_01,human
obs_700,28704274,2017,1.56917651,0.261557873,ma31_01,human
obs_701,28704274,2017,0.930044714,0.221624579,ma31_01,human
obs_702,28778811,2017,1.212713835,0.338238387,ma31_01,human
obs_703,28778811,2017,1.483635123,0.364327613,ma31_01,human
obs_704,28858406,2017,0.437483872,0.292549719,ma31_01,human
obs_705,28893662,2017,0.174185321,0.301011351,ma31_01,human
obs_706,28893662,2017,-0.596431423,0.311857681,ma31_01,human
obs_707,29031548,2017,-2.004905212,0.273173748,ma31_01,human
obs_708,29031548,2017,-0.108557588,0.182086017,ma31_01,human
obs_709,29033027,2017,0.173971636,0.3680424,ma31_01,human
obs_710,29033027,2017,1.338719218,0.448128901,ma31_01,human
obs_711,29061441,2018,0.819740539,0.361332273,ma31_01,human
obs_712,29098176,2017,1.40447475,0.333608787,ma31_01,human
obs_713,29098176,2017,-0.34501023,0.169146501,ma31_01,human
obs_714,29154366,2017,-0.393700661,0.177611994,ma31_01,human
obs_715,10.1016/j.ejphar.2012.08.020,2012,1.267010544,0.400221488,ma31_01,human
obs_716,10.1016/j.ejphar.2012.08.020,2012,-0.670117865,0.352044081,ma31_01,human
obs_717,10.1016/j.ijdevneu.2008.03.004,2008,1.33224029,0.233167762,ma31_01,human
obs_718,10.1016/j.ijdevneu.2008.03.004,2008,-0.587274766,0.199120797,ma31_01,human
obs_719,10.1016/j.ijdevneu.2008.03.004,2008,-0.053432757,0.174304491,ma31_01,human
obs_720,10.1016/j.ijdevneu.2008.03.004,2008,0.129678866,0.250525519,ma31_01,human
obs_721,10.1371/journal.pone.0068010,2013,-1.644855359,0.255326928,ma31_01,human
obs_722,10.1371/journal.pone.0068010,2013,0.079019658,0.153524723,ma31_01,human
obs_723,10.2298/ABS141002015D,2015,-1.105758172,0.28820941,ma31_01,human
obs_724,10.2298/ABS141002015D,2015,0.711219141,0.265807271,ma31_01,human
obs_725,10.2298/ABS141002015D,2015,-4.792736363,0.967822558,ma31_01,human
obs_726,10.2298/ABS141002015D,2015,1.324747653,0.304842386,ma31_01,human
obs_727,10.3758/BF03331999,2000,1.085611886,0.848212764,ma31_01,human
obs_728,10.3758/BF03331999,2000,0.476216754,0.768898533,ma31_01,human
obs_729,10.3758/BF03331999,2000,1.149453431,0.860103599,ma31_01,human
obs_730,10.3758/BF03331999,2000,0.705906012,0.791525275,ma31_01,human
obs_731,10.3758/BF03331999,2000,-4.523859799,2.45544229,ma31_01,human
obs_732,10.3758/BF03331999,2000,1.239731627,0.878077875,ma31_01,human
obs_733,10.3758/BF03331999,2000,1.273584878,0.885168203,ma31_01,human
obs_734,10.3758/BF03331999,2000,-0.537058002,0.774035942,ma31_01,human