"Table S2. Statistical power, Type M error and Type S error under each assumed underlying effect. Part A gives the results reported in the main text at the primary-study level (5,740 effect-size estimates) and at the meta-analysis level (48 models).

At the primary-study level, the main summary is fitted with a study-cluster random intercept. Because that model gives observations in large clusters less individual weight, it describes the experience of a typical study cluster rather than of a typical effect-size observation. Two alternative summaries are also reported: one giving each of the 48 meta-analytic models equal influence while retaining the study-cluster random-intercept structure, and one treating meta-analysis identity as a random effect. These alternatives describe the experience of a typical meta-analytic model.
Part B gives sensitivity analyses at the primary-study level. These include an optimistic assumed effect, defined as the limit of the 95% confidence interval of the uncorrected pooled mean lying farther from zero, and externally specified assumed effect magnitudes. Part C gives the corresponding meta-analysis-level analyses under the externally specified effect magnitudes.
 For the external scenarios, standardised mean differences were evaluated at d = 0.2, 0.5, and 0.8, correlations at r = 0.1, 0.3, and 0.5 after transformation to Fisher's z scale, and log response ratios at magnitudes corresponding to 10%, 25%, and 50% changes. The three sets are reported separately because they are metric-specific and not directly equivalent. The log response ratio values are reference scenarios, not conventional small, medium, and large benchmarks.
Model-based summary estimates were obtained on the log scale and back-transformed for reporting.
For the alternative primary-study summary giving each meta-analysis equal influence, the 48 model-specific fixed-effect estimates were averaged with equal weight on the log scale before back-transformation; uncertainty was obtained from the corresponding linear combination of their variance-covariance matrix. Raw medians and interquartile ranges are reported alongside the model-based summaries. Type S error was modelled after adding an offset of 0.025 because it can be exactly zero.
Where observed Type S values were small relative to this offset, the model-based summary was sensitive to the offset; these rows are flagged, and the raw median and interquartile range should be treated as the main descriptive summary, with the model-based estimate retained for comparability.
Model-based confidence intervals are back-transformed from the log scale and do not automatically respect the natural bounds of the metrics. Confidence limits falling outside the allowable range were constrained to the relevant bound and are marked with an asterisk, as in the original supplement. Statistical power lies between 0 and 1, Type S error between 0 and 0.5, and Type M error is at least 1. No point estimate required constraining.
All power, Type M error, and Type S error calculations use a common normal-theory two-sided threshold of α = 0.05.",,,,,,,,,,
,,,,,,,,,,
part,level,assumed_effect,weighting,metric,n_unit,summary_estimate,ci,n_constrained_limits,raw_median_iqr,offset_note
A. Reported results,Primary-study level,Uncorrected pooled mean,Study cluster as a random effect,Statistical power,5740,0.1735,"[0.1664, 0.1810]",0,"0.1358 [0.0919, 0.2614]",
A. Reported results,Primary-study level,Uncorrected pooled mean,Each meta-analysis weighted equally,Statistical power,5740,0.2237,"[0.2152, 0.2326]",0,"0.1358 [0.0919, 0.2614]",
A. Reported results,Primary-study level,Uncorrected pooled mean,Meta-analysis as a random effect,Statistical power,5740,0.2226,"[0.1733, 0.2861]",0,"0.1358 [0.0919, 0.2614]",
A. Reported results,Primary-study level,Uncorrected pooled mean,Study cluster as a random effect,Type M error,5740,2.8913,"[2.7947, 2.9913]",0,"2.8974 [1.9437, 4.0342]",
A. Reported results,Primary-study level,Uncorrected pooled mean,Each meta-analysis weighted equally,Type M error,5740,2.6038,"[2.5206, 2.6897]",0,"2.8974 [1.9437, 4.0342]",
A. Reported results,Primary-study level,Uncorrected pooled mean,Meta-analysis as a random effect,Type M error,5740,2.6107,"[2.1180, 3.2180]",0,"2.8974 [1.9437, 4.0342]",
A. Reported results,Primary-study level,Uncorrected pooled mean,Study cluster as a random effect,Type S error,5740,0.0276,"[0.0257, 0.0297]",0,"0.0183 [0.0020, 0.0573]",summary sensitive to the 0.025 offset
A. Reported results,Primary-study level,Uncorrected pooled mean,Each meta-analysis weighted equally,Type S error,5740,0.0239,"[0.0220, 0.0259]",0,"0.0183 [0.0020, 0.0573]",summary sensitive to the 0.025 offset
A. Reported results,Primary-study level,Uncorrected pooled mean,Meta-analysis as a random effect,Type S error,5740,0.024,"[0.0142, 0.0363]",0,"0.0183 [0.0020, 0.0573]",summary sensitive to the 0.025 offset
A. Reported results,Primary-study level,Yang 2023 bias-corrected,Study cluster as a random effect,Statistical power,5740,0.0899,"[0.0869, 0.0930]",0,"0.0681 [0.0559, 0.1040]",
A. Reported results,Primary-study level,Yang 2023 bias-corrected,Each meta-analysis weighted equally,Statistical power,5740,0.1054,"[0.1026, 0.1083]",0,"0.0681 [0.0559, 0.1040]",
A. Reported results,Primary-study level,Yang 2023 bias-corrected,Meta-analysis as a random effect,Statistical power,5740,0.1052,"[0.0838, 0.1322]",0,"0.0681 [0.0559, 0.1040]",
A. Reported results,Primary-study level,Yang 2023 bias-corrected,Study cluster as a random effect,Type M error,5740,7.8787,"[7.2511, 8.5605]",0,"6.0090 [3.5827, 10.4151]",
A. Reported results,Primary-study level,Yang 2023 bias-corrected,Each meta-analysis weighted equally,Type M error,5740,6.994,"[6.7461, 7.2511]",0,"6.0090 [3.5827, 10.4151]",
A. Reported results,Primary-study level,Yang 2023 bias-corrected,Meta-analysis as a random effect,Type M error,5740,7.0031,"[4.4348, 11.0588]",0,"6.0090 [3.5827, 10.4151]",
A. Reported results,Primary-study level,Yang 2023 bias-corrected,Study cluster as a random effect,Type S error,5740,0.1021,"[0.0961, 0.1083]",0,"0.1358 [0.0402, 0.2580]",
A. Reported results,Primary-study level,Yang 2023 bias-corrected,Each meta-analysis weighted equally,Type S error,5740,0.0897,"[0.0853, 0.0943]",0,"0.1358 [0.0402, 0.2580]",
A. Reported results,Primary-study level,Yang 2023 bias-corrected,Meta-analysis as a random effect,Type S error,5740,0.0899,"[0.0627, 0.1255]",0,"0.1358 [0.0402, 0.2580]",
A. Reported results,Primary-study level,Yang 2024 bias-robust (FE + VCV),Study cluster as a random effect,Statistical power,5740,0.1339,"[0.1284, 0.1396]",0,"0.0948 [0.0693, 0.1828]",
A. Reported results,Primary-study level,Yang 2024 bias-robust (FE + VCV),Each meta-analysis weighted equally,Statistical power,5740,0.1861,"[0.1798, 0.1926]",0,"0.0948 [0.0693, 0.1828]",
A. Reported results,Primary-study level,Yang 2024 bias-robust (FE + VCV),Meta-analysis as a random effect,Statistical power,5740,0.1851,"[0.1441, 0.2378]",0,"0.0948 [0.0693, 0.1828]",
A. Reported results,Primary-study level,Yang 2024 bias-robust (FE + VCV),Study cluster as a random effect,Type M error,5740,3.8601,"[3.6884, 4.0399]",0,"3.9073 [2.3821, 5.8329]",
A. Reported results,Primary-study level,Yang 2024 bias-robust (FE + VCV),Each meta-analysis weighted equally,Type M error,5740,3.1532,"[3.0461, 3.2641]",0,"3.9073 [2.3821, 5.8329]",
A. Reported results,Primary-study level,Yang 2024 bias-robust (FE + VCV),Meta-analysis as a random effect,Type M error,5740,3.1661,"[2.4365, 4.1141]",0,"3.9073 [2.3821, 5.8329]",
A. Reported results,Primary-study level,Yang 2024 bias-robust (FE + VCV),Study cluster as a random effect,Type S error,5740,0.0484,"[0.0451, 0.0518]",0,"0.0524 [0.0071, 0.1292]",
A. Reported results,Primary-study level,Yang 2024 bias-robust (FE + VCV),Each meta-analysis weighted equally,Type S error,5740,0.0321,"[0.0299, 0.0345]",0,"0.0524 [0.0071, 0.1292]",
A. Reported results,Primary-study level,Yang 2024 bias-robust (FE + VCV),Meta-analysis as a random effect,Type S error,5740,0.0324,"[0.0199, 0.0485]",0,"0.0524 [0.0071, 0.1292]",
A. Reported results,Primary-study level,Yang 2024 bias-robust (UWLS),Study cluster as a random effect,Statistical power,5740,0.1209,"[0.1157, 0.1264]",0,"0.0741 [0.0562, 0.1348]",
A. Reported results,Primary-study level,Yang 2024 bias-robust (UWLS),Each meta-analysis weighted equally,Statistical power,5740,0.1784,"[0.1738, 0.1833]",0,"0.0741 [0.0562, 0.1348]",
A. Reported results,Primary-study level,Yang 2024 bias-robust (UWLS),Meta-analysis as a random effect,Statistical power,5740,0.1779,"[0.1358, 0.2331]",0,"0.0741 [0.0562, 0.1348]",
A. Reported results,Primary-study level,Yang 2024 bias-robust (UWLS),Study cluster as a random effect,Type M error,5740,4.5568,"[4.3456, 4.7783]",0,"5.2377 [2.9120, 10.1696]",
A. Reported results,Primary-study level,Yang 2024 bias-robust (UWLS),Each meta-analysis weighted equally,Type M error,5740,3.376,"[3.2547, 3.5017]",0,"5.2377 [2.9120, 10.1696]",
A. Reported results,Primary-study level,Yang 2024 bias-robust (UWLS),Meta-analysis as a random effect,Type M error,5740,3.3925,"[2.6090, 4.4115]",0,"5.2377 [2.9120, 10.1696]",
A. Reported results,Primary-study level,Yang 2024 bias-robust (UWLS),Study cluster as a random effect,Type S error,5740,0.0644,"[0.0600, 0.0690]",0,"0.1060 [0.0187, 0.2531]",
A. Reported results,Primary-study level,Yang 2024 bias-robust (UWLS),Each meta-analysis weighted equally,Type S error,5740,0.0387,"[0.0366, 0.0410]",0,"0.1060 [0.0187, 0.2531]",
A. Reported results,Primary-study level,Yang 2024 bias-robust (UWLS),Meta-analysis as a random effect,Type S error,5740,0.039,"[0.0235, 0.0594]",0,"0.1060 [0.0187, 0.2531]",
A. Reported results,Meta-analysis level,Uncorrected pooled mean,By effect-size count,Statistical power,48,0.8221,"[0.7172, 0.9423]",0,"0.9129 [0.3624, 0.9999]",
A. Reported results,Meta-analysis level,Uncorrected pooled mean,By effect-size count,Type M error,48,1.1086,"[1.0248, 1.1992]",0,"1.0523 [1.0001, 1.6471]",
A. Reported results,Meta-analysis level,Uncorrected pooled mean,By effect-size count,Type S error,48,0.00058,"[0.0000*, 0.0019]",1,"7.2e-08 [1.1e-14, 0.00053]",summary sensitive to the 0.025 offset
A. Reported results,Meta-analysis level,Yang 2023 bias-corrected,By effect-size count,Statistical power,48,0.3904,"[0.2964, 0.5142]",0,"0.2614 [0.0934, 0.6612]",
A. Reported results,Meta-analysis level,Yang 2023 bias-corrected,By effect-size count,Type M error,48,2.1771,"[1.4787, 3.2052]",0,"1.9550 [1.2331, 3.9665]",
A. Reported results,Meta-analysis level,Yang 2023 bias-corrected,By effect-size count,Type S error,48,0.0122,"[0.0035, 0.0236]",0,"0.0022 [1.1e-05, 0.0547]",summary sensitive to the 0.025 offset
A. Reported results,Meta-analysis level,Yang 2024 bias-robust (FE + VCV),By effect-size count,Statistical power,48,0.4789,"[0.3677, 0.6238]",0,"0.8236 [0.3130, 0.9980]",
A. Reported results,Meta-analysis level,Yang 2024 bias-robust (FE + VCV),By effect-size count,Type M error,48,1.5257,"[1.2742, 1.8269]",0,"1.1089 [1.0013, 1.7752]",
A. Reported results,Meta-analysis level,Yang 2024 bias-robust (FE + VCV),By effect-size count,Type S error,48,0.0056,"[0.0020, 0.0097]",0,"7.6e-07 [5.5e-12, 0.0010]",summary sensitive to the 0.025 offset
A. Reported results,Meta-analysis level,Yang 2024 bias-robust (UWLS),By effect-size count,Statistical power,48,0.3827,"[0.2655, 0.5517]",0,"0.8525 [0.2533, 0.9991]",
A. Reported results,Meta-analysis level,Yang 2024 bias-robust (UWLS),By effect-size count,Type M error,48,2.0113,"[1.5137, 2.6723]",0,"1.0900 [1.0006, 1.9771]",
A. Reported results,Meta-analysis level,Yang 2024 bias-robust (UWLS),By effect-size count,Type S error,48,0.023,"[0.0107, 0.0396]",0,"4.2e-07 [1.4e-12, 0.0023]",summary sensitive to the 0.025 offset
A. Reported results,Meta-analysis level,Uncorrected pooled mean,Each meta-analysis weighted equally,Statistical power,48,0.5693,"[0.4506, 0.7194]",0,"0.9129 [0.3624, 0.9999]",
A. Reported results,Meta-analysis level,Uncorrected pooled mean,Each meta-analysis weighted equally,Type M error,48,1.3891,"[1.1806, 1.6344]",0,"1.0523 [1.0001, 1.6471]",
A. Reported results,Meta-analysis level,Uncorrected pooled mean,Each meta-analysis weighted equally,Type S error,48,0.0042,"[8.7e-05, 0.0089]",0,"7.2e-08 [1.1e-14, 0.00053]",summary sensitive to the 0.025 offset
A. Reported results,Meta-analysis level,Yang 2023 bias-corrected,Each meta-analysis weighted equally,Statistical power,48,0.2505,"[0.1834, 0.3420]",0,"0.2614 [0.0934, 0.6612]",
A. Reported results,Meta-analysis level,Yang 2023 bias-corrected,Each meta-analysis weighted equally,Type M error,48,2.9364,"[1.9278, 4.4725]",0,"1.9550 [1.2331, 3.9665]",
A. Reported results,Meta-analysis level,Yang 2023 bias-corrected,Each meta-analysis weighted equally,Type S error,48,0.0249,"[0.0122, 0.0420]",0,"0.0022 [1.1e-05, 0.0547]",summary sensitive to the 0.025 offset
A. Reported results,Meta-analysis level,Yang 2024 bias-robust (FE + VCV),Each meta-analysis weighted equally,Statistical power,48,0.5308,"[0.4157, 0.6779]",0,"0.8236 [0.3130, 0.9980]",
A. Reported results,Meta-analysis level,Yang 2024 bias-robust (FE + VCV),Each meta-analysis weighted equally,Type M error,48,1.4619,"[1.2123, 1.7628]",0,"1.1089 [1.0013, 1.7752]",
A. Reported results,Meta-analysis level,Yang 2024 bias-robust (FE + VCV),Each meta-analysis weighted equally,Type S error,48,0.0049,"[0.00071, 0.0097]",0,"7.6e-07 [5.5e-12, 0.0010]",summary sensitive to the 0.025 offset
A. Reported results,Meta-analysis level,Yang 2024 bias-robust (UWLS),Each meta-analysis weighted equally,Statistical power,48,0.488,"[0.3662, 0.6502]",0,"0.8525 [0.2533, 0.9991]",
A. Reported results,Meta-analysis level,Yang 2024 bias-robust (UWLS),Each meta-analysis weighted equally,Type M error,48,1.5548,"[1.2730, 1.8989]",0,"1.0900 [1.0006, 1.9771]",
A. Reported results,Meta-analysis level,Yang 2024 bias-robust (UWLS),Each meta-analysis weighted equally,Type S error,48,0.0088,"[0.0029, 0.0159]",0,"4.2e-07 [1.4e-12, 0.0023]",summary sensitive to the 0.025 offset
B. Sensitivity to the assumed effect (primary-study level),All metrics,optimistic (95% CI limit farther from zero),-,Statistical power,5740,0.2806,"[0.2691, 0.2925]",0,"0.2247 [0.1334, 0.5118]",
B. Sensitivity to the assumed effect (primary-study level),All metrics,optimistic (95% CI limit farther from zero),-,Type M error,5740,2.0166,"[1.9650, 2.0696]",0,"2.1114 [1.3916, 2.9344]",
B. Sensitivity to the assumed effect (primary-study level),All metrics,optimistic (95% CI limit farther from zero),-,Type S error,5740,0.0106,"[0.0097, 0.0115]",0,"0.0035 [7.7e-05, 0.0193]",summary sensitive to the 0.025 offset
B. Sensitivity to the assumed effect (primary-study level),SMD,small (d = 0.2),-,Statistical power,2835,0.0767,"[0.0754, 0.0780]",0,"0.0731 [0.0663, 0.0838]",
B. Sensitivity to the assumed effect (primary-study level),SMD,small (d = 0.2),-,Type M error,2835,5.3583,"[5.2530, 5.4656]",0,"5.3462 [4.4632, 6.3238]",
B. Sensitivity to the assumed effect (primary-study level),SMD,small (d = 0.2),-,Type S error,2835,0.104,"[0.1003, 0.1079]",0,"0.1103 [0.0746, 0.1473]",
B. Sensitivity to the assumed effect (primary-study level),SMD,medium (d = 0.5),-,Statistical power,2835,0.2053,"[0.1994, 0.2113]",0,"0.2002 [0.1553, 0.2697]",
B. Sensitivity to the assumed effect (primary-study level),SMD,medium (d = 0.5),-,Type M error,2835,2.2807,"[2.2411, 2.3211]",0,"2.2560 [1.9114, 2.6412]",
B. Sensitivity to the assumed effect (primary-study level),SMD,medium (d = 0.5),-,Type S error,2835,0.0087,"[0.0081, 0.0093]",0,"0.0053 [0.0018, 0.0121]",summary sensitive to the 0.025 offset
B. Sensitivity to the assumed effect (primary-study level),SMD,large (d = 0.8),-,Statistical power,2835,0.4144,"[0.4034, 0.4257]",0,"0.4304 [0.3235, 0.5761]",
B. Sensitivity to the assumed effect (primary-study level),SMD,large (d = 0.8),-,Type M error,2835,1.5519,"[1.5300, 1.5741]",0,"1.5115 [1.3159, 1.7399]",
B. Sensitivity to the assumed effect (primary-study level),SMD,large (d = 0.8),-,Type S error,2835,0.0012,"[0.00099, 0.0014]",0,"0.00021 [3.4e-05, 0.00083]",summary sensitive to the 0.025 offset
B. Sensitivity to the assumed effect (primary-study level),Zr,small (r = 0.1),-,Statistical power,1303,0.0865,"[0.0827, 0.0905]",0,"0.0841 [0.0698, 0.1142]",
B. Sensitivity to the assumed effect (primary-study level),Zr,small (r = 0.1),-,Type M error,1303,4.8866,"[4.6100, 5.1797]",0,"4.4445 [3.3067, 5.7519]",
B. Sensitivity to the assumed effect (primary-study level),Zr,small (r = 0.1),-,Type S error,1303,0.0801,"[0.0720, 0.0887]",0,"0.0738 [0.0306, 0.1261]",
B. Sensitivity to the assumed effect (primary-study level),Zr,medium (r = 0.3),-,Statistical power,1303,0.3312,"[0.3056, 0.3589]",0,"0.3848 [0.2477, 0.6235]",
B. Sensitivity to the assumed effect (primary-study level),Zr,medium (r = 0.3),-,Type M error,1303,1.7868,"[1.7011, 1.8769]",0,"1.5959 [1.2678, 2.0009]",
B. Sensitivity to the assumed effect (primary-study level),Zr,medium (r = 0.3),-,Type S error,1303,0.0053,"[0.0038, 0.0068]",0,"0.00037 [1.8e-05, 0.0024]",summary sensitive to the 0.025 offset
B. Sensitivity to the assumed effect (primary-study level),Zr,large (r = 0.5),-,Statistical power,1303,0.6531,"[0.6117, 0.6974]",0,"0.8409 [0.6198, 0.9811]",
B. Sensitivity to the assumed effect (primary-study level),Zr,large (r = 0.5),-,Type M error,1303,1.2469,"[1.2031, 1.2924]",0,"1.0975 [1.0117, 1.2713]",
B. Sensitivity to the assumed effect (primary-study level),Zr,large (r = 0.5),-,Type S error,1303,0.0011,"[0.0005, 0.0017]",0,"5.2e-07 [1e-09, 1.9e-05]",summary sensitive to the 0.025 offset
B. Sensitivity to the assumed effect (primary-study level),lnRR,10% change,-,Statistical power,1602,0.1254,"[0.1133, 0.1389]",0,"0.0752 [0.0579, 0.1399]",
B. Sensitivity to the assumed effect (primary-study level),lnRR,10% change,-,Type M error,1602,4.2929,"[3.8921, 4.7349]",0,"5.1270 [2.8364, 9.0186]",
B. Sensitivity to the assumed effect (primary-study level),lnRR,10% change,-,Type S error,1602,0.0619,"[0.0529, 0.0721]",0,"0.1015 [0.0167, 0.2276]",
B. Sensitivity to the assumed effect (primary-study level),lnRR,25% change,-,Statistical power,1602,0.2726,"[0.2439, 0.3046]",0,"0.1935 [0.0939, 0.5294]",
B. Sensitivity to the assumed effect (primary-study level),lnRR,25% change,-,Type M error,1602,2.1824,"[2.0207, 2.3571]",0,"2.3019 [1.3695, 3.9467]",
B. Sensitivity to the assumed effect (primary-study level),lnRR,25% change,-,Type S error,1602,0.0173,"[0.0141, 0.0207]",0,"0.0059 [6.1e-05, 0.0539]",summary sensitive to the 0.025 offset
B. Sensitivity to the assumed effect (primary-study level),lnRR,50% change,-,Statistical power,1602,0.4677,"[0.4267, 0.5127]",0,"0.5087 [0.1992, 0.9587]",
B. Sensitivity to the assumed effect (primary-study level),lnRR,50% change,-,Type M error,1602,1.5285,"[1.4455, 1.6164]",0,"1.3956 [1.0250, 2.2627]",
B. Sensitivity to the assumed effect (primary-study level),lnRR,50% change,-,Type S error,1602,0.0056,"[0.0043, 0.0070]",0,"8e-05 [8.1e-09, 0.0053]",summary sensitive to the 0.025 offset
B. Sensitivity to the assumed effect (primary-study level),lnRR,optimistic (95% CI limit farther from zero),-,Statistical power,1602,0.258,"[0.2308, 0.2883]",0,"0.2450 [0.1102, 0.6729]",
B. Sensitivity to the assumed effect (primary-study level),lnRR,optimistic (95% CI limit farther from zero),-,Type M error,1602,2.2923,"[2.1115, 2.4887]",0,"2.0125 [1.2227, 3.4078]",
B. Sensitivity to the assumed effect (primary-study level),lnRR,optimistic (95% CI limit farther from zero),-,Type S error,1602,0.0189,"[0.0155, 0.0227]",0,"0.0025 [9.3e-06, 0.0340]",summary sensitive to the 0.025 offset
B. Sensitivity to the assumed effect (primary-study level),SMD,optimistic (95% CI limit farther from zero),-,Statistical power,2835,0.2773,"[0.2638, 0.2915]",0,"0.1869 [0.1322, 0.3705]",
B. Sensitivity to the assumed effect (primary-study level),SMD,optimistic (95% CI limit farther from zero),-,Type M error,2835,1.9822,"[1.9268, 2.0391]",0,"2.3500 [1.6259, 2.9535]",
B. Sensitivity to the assumed effect (primary-study level),SMD,optimistic (95% CI limit farther from zero),-,Type S error,2835,0.0091,"[0.0082, 0.0099]",0,"0.0066 [0.00045, 0.0198]",summary sensitive to the 0.025 offset
B. Sensitivity to the assumed effect (primary-study level),Zr,optimistic (95% CI limit farther from zero),-,Statistical power,1303,0.3476,"[0.3138, 0.3850]",0,"0.3610 [0.2126, 0.5855]",
B. Sensitivity to the assumed effect (primary-study level),Zr,optimistic (95% CI limit farther from zero),-,Type M error,1303,1.7783,"[1.6697, 1.8940]",0,"1.6469 [1.3059, 2.1785]",
B. Sensitivity to the assumed effect (primary-study level),Zr,optimistic (95% CI limit farther from zero),-,Type S error,1303,0.0075,"[0.0056, 0.0096]",0,"0.00051 [3e-05, 0.0043]",summary sensitive to the 0.025 offset
C. Externally specified assumed effects (meta-analysis level),SMD,small (d = 0.2),By effect-size count,Statistical power,32,0.6757,"[0.5174, 0.8824]",0,"0.2121 [0.1002, 0.4735]",
C. Externally specified assumed effects (meta-analysis level),SMD,small (d = 0.2),Each meta-analysis weighted equally,Statistical power,32,0.2198,"[0.1568, 0.3082]",0,"0.2121 [0.1002, 0.4735]",
C. Externally specified assumed effects (meta-analysis level),SMD,small (d = 0.2),By effect-size count,Type M error,32,1.244,"[1.0640, 1.4544]",0,"2.1820 [1.4687, 3.7059]",
C. Externally specified assumed effects (meta-analysis level),SMD,small (d = 0.2),Each meta-analysis weighted equally,Type M error,32,2.3838,"[1.9152, 2.9670]",0,"2.1820 [1.4687, 3.7059]",
C. Externally specified assumed effects (meta-analysis level),SMD,small (d = 0.2),By effect-size count,Type S error,32,0.0031,"[0.0000*, 0.0071]",1,"0.0043 [0.00021, 0.0447]",summary sensitive to the 0.025 offset
C. Externally specified assumed effects (meta-analysis level),SMD,small (d = 0.2),Each meta-analysis weighted equally,Type S error,32,0.0196,"[0.0099, 0.0319]",0,"0.0043 [0.00021, 0.0447]",summary sensitive to the 0.025 offset
C. Externally specified assumed effects (meta-analysis level),SMD,medium (d = 0.5),By effect-size count,Statistical power,32,0.8923,"[0.7840, 1.0000*]",1,"0.8247 [0.3725, 0.9932]",
C. Externally specified assumed effects (meta-analysis level),SMD,medium (d = 0.5),Each meta-analysis weighted equally,Statistical power,32,0.5656,"[0.4470, 0.7157]",0,"0.8247 [0.3725, 0.9932]",
C. Externally specified assumed effects (meta-analysis level),SMD,medium (d = 0.5),By effect-size count,Type M error,32,1.0593,"[1.0000*, 1.1315]",1,"1.1081 [1.0043, 1.6219]",
C. Externally specified assumed effects (meta-analysis level),SMD,medium (d = 0.5),Each meta-analysis weighted equally,Type M error,32,1.3375,"[1.1824, 1.5129]",0,"1.1081 [1.0043, 1.6219]",
C. Externally specified assumed effects (meta-analysis level),SMD,medium (d = 0.5),By effect-size count,Type S error,32,0.00024,"[0.0000*, 0.00083]",1,"7.4e-07 [1.2e-10, 0.00044]",summary sensitive to the 0.025 offset
C. Externally specified assumed effects (meta-analysis level),SMD,medium (d = 0.5),Each meta-analysis weighted equally,Type S error,32,0.0017,"[0.0000*, 0.0036]",1,"7.4e-07 [1.2e-10, 0.00044]",summary sensitive to the 0.025 offset
C. Externally specified assumed effects (meta-analysis level),SMD,large (d = 0.8),By effect-size count,Statistical power,32,0.958,"[0.8980, 1.0000*]",1,"0.9962 [0.7436, 1.0000]",
C. Externally specified assumed effects (meta-analysis level),SMD,large (d = 0.8),Each meta-analysis weighted equally,Statistical power,32,0.7942,"[0.6871, 0.9180]",0,"0.9962 [0.7436, 1.0000]",
C. Externally specified assumed effects (meta-analysis level),SMD,large (d = 0.8),By effect-size count,Type M error,32,1.0219,"[1.0000*, 1.0552]",1,"1.0025 [1.0000, 1.1657]",
C. Externally specified assumed effects (meta-analysis level),SMD,large (d = 0.8),Each meta-analysis weighted equally,Type M error,32,1.1235,"[1.0453, 1.2076]",0,"1.0025 [1.0000, 1.1657]",
C. Externally specified assumed effects (meta-analysis level),SMD,large (d = 0.8),By effect-size count,Type S error,32,2.30E-05,"[0.0000*, 0.00011]",1,"2.3e-11 [2.5e-19, 3.3e-06]",summary sensitive to the 0.025 offset
C. Externally specified assumed effects (meta-analysis level),SMD,large (d = 0.8),Each meta-analysis weighted equally,Type S error,32,0.00022,"[0.0000*, 0.00051]",1,"2.3e-11 [2.5e-19, 3.3e-06]",summary sensitive to the 0.025 offset
C. Externally specified assumed effects (meta-analysis level),Zr,small (r = 0.1),By effect-size count,Statistical power,11,0.4813,"[0.3035, 0.7632]",0,"0.2792 [0.2462, 0.5639]",
C. Externally specified assumed effects (meta-analysis level),Zr,small (r = 0.1),Each meta-analysis weighted equally,Statistical power,11,0.3354,"[0.2108, 0.5337]",0,"0.2792 [0.2462, 0.5639]",
C. Externally specified assumed effects (meta-analysis level),Zr,small (r = 0.1),By effect-size count,Type M error,11,1.4476,"[1.1451, 1.8300]",0,"1.8768 [1.3325, 2.0169]",
C. Externally specified assumed effects (meta-analysis level),Zr,small (r = 0.1),Each meta-analysis weighted equally,Type M error,11,1.7605,"[1.3538, 2.2893]",0,"1.8768 [1.3325, 2.0169]",
C. Externally specified assumed effects (meta-analysis level),Zr,small (r = 0.1),By effect-size count,Type S error,11,0.0017,"[0.0000*, 0.0044]",1,"0.0015 [4.7e-05, 0.0027]",summary sensitive to the 0.025 offset
C. Externally specified assumed effects (meta-analysis level),Zr,small (r = 0.1),Each meta-analysis weighted equally,Type S error,11,0.0046,"[0.0000*, 0.0130]",1,"0.0015 [4.7e-05, 0.0027]",summary sensitive to the 0.025 offset
C. Externally specified assumed effects (meta-analysis level),Zr,medium (r = 0.3),By effect-size count,Statistical power,11,0.9744,"[0.9180, 1.0000*]",1,"0.9886 [0.9716, 1.0000]",
C. Externally specified assumed effects (meta-analysis level),Zr,medium (r = 0.3),Each meta-analysis weighted equally,Statistical power,11,0.9096,"[0.7682, 1.0000*]",1,"0.9886 [0.9716, 1.0000]",
C. Externally specified assumed effects (meta-analysis level),Zr,medium (r = 0.3),By effect-size count,Type M error,11,1.0142,"[1.0000*, 1.0450]",1,"1.0071 [1.0000, 1.0173]",
C. Externally specified assumed effects (meta-analysis level),Zr,medium (r = 0.3),Each meta-analysis weighted equally,Type M error,11,1.0491,"[1.0000*, 1.1395]",1,"1.0071 [1.0000, 1.0173]",
C. Externally specified assumed effects (meta-analysis level),Zr,medium (r = 0.3),By effect-size count,Type S error,11,1.80E-06,"[0.0000*, 1.6e-05]",1,"2.9e-10 [1e-16, 4.6e-09]",summary sensitive to the 0.025 offset
C. Externally specified assumed effects (meta-analysis level),Zr,medium (r = 0.3),Each meta-analysis weighted equally,Type S error,11,1.90E-05,"[0.0000*, 6.3e-05]",1,"2.9e-10 [1e-16, 4.6e-09]",summary sensitive to the 0.025 offset
C. Externally specified assumed effects (meta-analysis level),Zr,large (r = 0.5),By effect-size count,Statistical power,11,0.999,"[0.9911, 1.0000*]",1,"1.0000 [1.0000, 1.0000]",
C. Externally specified assumed effects (meta-analysis level),Zr,large (r = 0.5),Each meta-analysis weighted equally,Statistical power,11,0.9889,"[0.9647, 1.0000*]",1,"1.0000 [1.0000, 1.0000]",
C. Externally specified assumed effects (meta-analysis level),Zr,large (r = 0.5),By effect-size count,Type M error,11,1.0006,"[1.0000*, 1.0049]",1,"1.0000 [1.0000, 1.0000]",
C. Externally specified assumed effects (meta-analysis level),Zr,large (r = 0.5),Each meta-analysis weighted equally,Type M error,11,1.0061,"[1.0000*, 1.0199]",1,"1.0000 [1.0000, 1.0000]",
C. Externally specified assumed effects (meta-analysis level),Zr,large (r = 0.5),By effect-size count,Type S error,11,1.50E-09,"[0.0000*, 1.3e-08]",1,"1.3e-21 [8.4e-39, 4.9e-18]",summary sensitive to the 0.025 offset
C. Externally specified assumed effects (meta-analysis level),Zr,large (r = 0.5),Each meta-analysis weighted equally,Type S error,11,1.60E-08,"[0.0000*, 5.1e-08]",1,"1.3e-21 [8.4e-39, 4.9e-18]",summary sensitive to the 0.025 offset
C. Externally specified assumed effects (meta-analysis level),lnRR,10% change,By effect-size count,Statistical power,5,0.6893,"[0.4950, 0.9598]",0,"0.6987 [0.6879, 0.7242]",
C. Externally specified assumed effects (meta-analysis level),lnRR,10% change,Each meta-analysis weighted equally,Statistical power,5,0.5277,"[0.1944, 1.0000*]",1,"0.6987 [0.6879, 0.7242]",
C. Externally specified assumed effects (meta-analysis level),lnRR,10% change,By effect-size count,Type M error,5,1.211,"[1.0124, 1.4486]",0,"1.2010 [1.1806, 1.2100]",
C. Externally specified assumed effects (meta-analysis level),lnRR,10% change,Each meta-analysis weighted equally,Type M error,5,1.4038,"[1.0000*, 2.4114]",1,"1.2010 [1.1806, 1.2100]",
C. Externally specified assumed effects (meta-analysis level),lnRR,10% change,By effect-size count,Type S error,5,0.0003,"[0.0000*, 0.0035]",1,"6.4e-06 [4.4e-06, 7.5e-06]",summary sensitive to the 0.025 offset
C. Externally specified assumed effects (meta-analysis level),lnRR,10% change,Each meta-analysis weighted equally,Type S error,5,0.0034,"[0.0000*, 0.0154]",1,"6.4e-06 [4.4e-06, 7.5e-06]",summary sensitive to the 0.025 offset
C. Externally specified assumed effects (meta-analysis level),lnRR,25% change,By effect-size count,Statistical power,5,0.9864,"[0.8584, 1.0000*]",1,"0.9999 [0.9999, 1.0000]",
C. Externally specified assumed effects (meta-analysis level),lnRR,25% change,Each meta-analysis weighted equally,Statistical power,5,0.8605,"[0.5670, 1.0000*]",1,"0.9999 [0.9999, 1.0000]",
C. Externally specified assumed effects (meta-analysis level),lnRR,25% change,By effect-size count,Type M error,5,1.0067,"[1.0000*, 1.0779]",1,"1.0000 [1.0000, 1.0001]",
C. Externally specified assumed effects (meta-analysis level),lnRR,25% change,Each meta-analysis weighted equally,Type M error,5,1.0767,"[1.0000*, 1.3216]",1,"1.0000 [1.0000, 1.0001]",
C. Externally specified assumed effects (meta-analysis level),lnRR,25% change,By effect-size count,Type S error,5,2.30E-06,"[0.0000*, 2.6e-05]",1,"4e-15 [9.9e-16, 7.1e-15]",summary sensitive to the 0.025 offset
C. Externally specified assumed effects (meta-analysis level),lnRR,25% change,Each meta-analysis weighted equally,Type S error,5,2.50E-05,"[0.0000*, 9.5e-05]",1,"4e-15 [9.9e-16, 7.1e-15]",summary sensitive to the 0.025 offset
C. Externally specified assumed effects (meta-analysis level),lnRR,50% change,By effect-size count,Statistical power,5,0.9987,"[0.9853, 1.0000*]",1,"1.0000 [1.0000, 1.0000]",
C. Externally specified assumed effects (meta-analysis level),lnRR,50% change,Each meta-analysis weighted equally,Statistical power,5,0.9855,"[0.9463, 1.0000*]",1,"1.0000 [1.0000, 1.0000]",
C. Externally specified assumed effects (meta-analysis level),lnRR,50% change,By effect-size count,Type M error,5,1.0008,"[1.0000*, 1.0085]",1,"1.0000 [1.0000, 1.0000]",
C. Externally specified assumed effects (meta-analysis level),lnRR,50% change,Each meta-analysis weighted equally,Type M error,5,1.0083,"[1.0000*, 1.0318]",1,"1.0000 [1.0000, 1.0000]",
C. Externally specified assumed effects (meta-analysis level),lnRR,50% change,By effect-size count,Type S error,5,6.80E-10,"[0.0000*, 7.6e-09]",1,"3.2e-36 [5.5e-38, 1.6e-35]",summary sensitive to the 0.025 offset
C. Externally specified assumed effects (meta-analysis level),lnRR,50% change,Each meta-analysis weighted equally,Type S error,5,7.50E-09,"[0.0000*, 2.8e-08]",1,"3.2e-36 [5.5e-38, 1.6e-35]",summary sensitive to the 0.025 offset
D. Leave-one-cluster-out (primary-study level),Primary-study level,"Uncorrected pooled mean, cluster included",Study cluster as a random effect,Statistical power,5740,0.1735,"[0.1664, 0.1810]",0,"0.1358 [0.0919, 0.2614]",
D. Leave-one-cluster-out (primary-study level),Primary-study level,"Uncorrected pooled mean, cluster included",Each meta-analysis weighted equally,Statistical power,5740,0.2237,"[0.2152, 0.2326]",0,"0.1358 [0.0919, 0.2614]",
D. Leave-one-cluster-out (primary-study level),Primary-study level,"Uncorrected pooled mean, cluster included",Study cluster as a random effect,Type M error,5740,2.8913,"[2.7947, 2.9913]",0,"2.8974 [1.9437, 4.0342]",
D. Leave-one-cluster-out (primary-study level),Primary-study level,"Uncorrected pooled mean, cluster included",Each meta-analysis weighted equally,Type M error,5740,2.6038,"[2.5206, 2.6897]",0,"2.8974 [1.9437, 4.0342]",
D. Leave-one-cluster-out (primary-study level),Primary-study level,"Uncorrected pooled mean, cluster included",Study cluster as a random effect,Type S error,5740,0.0276,"[0.0257, 0.0297]",0,"0.0183 [0.0020, 0.0573]",summary sensitive to the 0.025 offset
D. Leave-one-cluster-out (primary-study level),Primary-study level,"Uncorrected pooled mean, cluster included",Each meta-analysis weighted equally,Type S error,5740,0.0239,"[0.0220, 0.0259]",0,"0.0183 [0.0020, 0.0573]",summary sensitive to the 0.025 offset
D. Leave-one-cluster-out (primary-study level),Primary-study level,"Uncorrected pooled mean, cluster held out",Study cluster as a random effect,Statistical power,5740,0.1745,"[0.1673, 0.1821]",0,"0.1353 [0.0917, 0.2691]",
D. Leave-one-cluster-out (primary-study level),Primary-study level,"Uncorrected pooled mean, cluster held out",Each meta-analysis weighted equally,Statistical power,5740,0.2279,"[0.2189, 0.2372]",0,"0.1353 [0.0917, 0.2691]",
D. Leave-one-cluster-out (primary-study level),Primary-study level,"Uncorrected pooled mean, cluster held out",Study cluster as a random effect,Type M error,5740,2.8833,"[2.7860, 2.9840]",0,"2.9052 [1.9137, 4.0411]",
D. Leave-one-cluster-out (primary-study level),Primary-study level,"Uncorrected pooled mean, cluster held out",Each meta-analysis weighted equally,Type M error,5740,2.555,"[2.4683, 2.6449]",0,"2.9052 [1.9137, 4.0411]",
D. Leave-one-cluster-out (primary-study level),Primary-study level,"Uncorrected pooled mean, cluster held out",Study cluster as a random effect,Type S error,5740,0.0275,"[0.0255, 0.0295]",0,"0.0185 [0.0018, 0.0576]",summary sensitive to the 0.025 offset
D. Leave-one-cluster-out (primary-study level),Primary-study level,"Uncorrected pooled mean, cluster held out",Each meta-analysis weighted equally,Type S error,5740,0.0224,"[0.0205, 0.0244]",0,"0.0185 [0.0018, 0.0576]",summary sensitive to the 0.025 offset