part,level,assumed_effect,weighting,metric,n_unit,summary_estimate,ci,raw_median_iqr,offset_note
A. Reported results,Primary-study level,Uncorrected pooled mean,unweighted_per_effect_size,Statistical power,5740,0.1735,"[0.1664, 0.1810]","0.1358 [0.0919, 0.2614]",
A. Reported results,Primary-study level,Uncorrected pooled mean,Equal per meta-analysis,Statistical power,5740,0.2237,"[0.2152, 0.2326]","0.1358 [0.0919, 0.2614]",
A. Reported results,Primary-study level,Uncorrected pooled mean,meta_analysis_random_effect,Statistical power,5740,0.2226,"[0.1733, 0.2861]","0.1358 [0.0919, 0.2614]",
A. Reported results,Primary-study level,Uncorrected pooled mean,unweighted_per_effect_size,Type M error,5740,2.8913,"[2.7947, 2.9913]","2.8974 [1.9437, 4.0342]",
A. Reported results,Primary-study level,Uncorrected pooled mean,Equal per meta-analysis,Type M error,5740,2.6038,"[2.5206, 2.6897]","2.8974 [1.9437, 4.0342]",
A. Reported results,Primary-study level,Uncorrected pooled mean,meta_analysis_random_effect,Type M error,5740,2.6107,"[2.1180, 3.2180]","2.8974 [1.9437, 4.0342]",
A. Reported results,Primary-study level,Uncorrected pooled mean,unweighted_per_effect_size,Type S error,5740,0.0276,"[0.0257, 0.0297]","0.0183 [0.0020, 0.0573]",summary sensitive to the 0.025 offset
A. Reported results,Primary-study level,Uncorrected pooled mean,Equal per meta-analysis,Type S error,5740,0.0239,"[0.0220, 0.0259]","0.0183 [0.0020, 0.0573]",summary sensitive to the 0.025 offset
A. Reported results,Primary-study level,Uncorrected pooled mean,meta_analysis_random_effect,Type S error,5740,0.0240,"[0.0142, 0.0363]","0.0183 [0.0020, 0.0573]",summary sensitive to the 0.025 offset
A. Reported results,Primary-study level,Yang 2023 bias-corrected,unweighted_per_effect_size,Statistical power,5740,0.0899,"[0.0869, 0.0930]","0.0681 [0.0559, 0.1040]",
A. Reported results,Primary-study level,Yang 2023 bias-corrected,Equal per meta-analysis,Statistical power,5740,0.1054,"[0.1026, 0.1083]","0.0681 [0.0559, 0.1040]",
A. Reported results,Primary-study level,Yang 2023 bias-corrected,meta_analysis_random_effect,Statistical power,5740,0.1052,"[0.0838, 0.1322]","0.0681 [0.0559, 0.1040]",
A. Reported results,Primary-study level,Yang 2023 bias-corrected,unweighted_per_effect_size,Type M error,5740,7.8787,"[7.2511, 8.5605]","6.0090 [3.5827, 10.4151]",
A. Reported results,Primary-study level,Yang 2023 bias-corrected,Equal per meta-analysis,Type M error,5740,6.9940,"[6.7461, 7.2511]","6.0090 [3.5827, 10.4151]",
A. Reported results,Primary-study level,Yang 2023 bias-corrected,meta_analysis_random_effect,Type M error,5740,7.0031,"[4.4348, 11.0588]","6.0090 [3.5827, 10.4151]",
A. Reported results,Primary-study level,Yang 2023 bias-corrected,unweighted_per_effect_size,Type S error,5740,0.1021,"[0.0961, 0.1083]","0.1358 [0.0402, 0.2580]",
A. Reported results,Primary-study level,Yang 2023 bias-corrected,Equal per meta-analysis,Type S error,5740,0.0897,"[0.0853, 0.0943]","0.1358 [0.0402, 0.2580]",
A. Reported results,Primary-study level,Yang 2023 bias-corrected,meta_analysis_random_effect,Type S error,5740,0.0899,"[0.0627, 0.1255]","0.1358 [0.0402, 0.2580]",
A. Reported results,Primary-study level,Yang 2024 bias-robust (FE + VCV),unweighted_per_effect_size,Statistical power,5740,0.1339,"[0.1284, 0.1396]","0.0948 [0.0693, 0.1828]",
A. Reported results,Primary-study level,Yang 2024 bias-robust (FE + VCV),Equal per meta-analysis,Statistical power,5740,0.1861,"[0.1798, 0.1926]","0.0948 [0.0693, 0.1828]",
A. Reported results,Primary-study level,Yang 2024 bias-robust (FE + VCV),meta_analysis_random_effect,Statistical power,5740,0.1851,"[0.1441, 0.2378]","0.0948 [0.0693, 0.1828]",
A. Reported results,Primary-study level,Yang 2024 bias-robust (FE + VCV),unweighted_per_effect_size,Type M error,5740,3.8601,"[3.6884, 4.0399]","3.9073 [2.3821, 5.8329]",
A. Reported results,Primary-study level,Yang 2024 bias-robust (FE + VCV),Equal per meta-analysis,Type M error,5740,3.1532,"[3.0461, 3.2641]","3.9073 [2.3821, 5.8329]",
A. Reported results,Primary-study level,Yang 2024 bias-robust (FE + VCV),meta_analysis_random_effect,Type M error,5740,3.1661,"[2.4365, 4.1141]","3.9073 [2.3821, 5.8329]",
A. Reported results,Primary-study level,Yang 2024 bias-robust (FE + VCV),unweighted_per_effect_size,Type S error,5740,0.0484,"[0.0451, 0.0518]","0.0524 [0.0071, 0.1292]",
A. Reported results,Primary-study level,Yang 2024 bias-robust (FE + VCV),Equal per meta-analysis,Type S error,5740,0.0321,"[0.0299, 0.0345]","0.0524 [0.0071, 0.1292]",
A. Reported results,Primary-study level,Yang 2024 bias-robust (FE + VCV),meta_analysis_random_effect,Type S error,5740,0.0324,"[0.0199, 0.0485]","0.0524 [0.0071, 0.1292]",
A. Reported results,Primary-study level,Yang 2024 bias-robust (UWLS),unweighted_per_effect_size,Statistical power,5740,0.1209,"[0.1157, 0.1264]","0.0741 [0.0562, 0.1348]",
A. Reported results,Primary-study level,Yang 2024 bias-robust (UWLS),Equal per meta-analysis,Statistical power,5740,0.1784,"[0.1738, 0.1833]","0.0741 [0.0562, 0.1348]",
A. Reported results,Primary-study level,Yang 2024 bias-robust (UWLS),meta_analysis_random_effect,Statistical power,5740,0.1779,"[0.1358, 0.2331]","0.0741 [0.0562, 0.1348]",
A. Reported results,Primary-study level,Yang 2024 bias-robust (UWLS),unweighted_per_effect_size,Type M error,5740,4.5568,"[4.3456, 4.7783]","5.2377 [2.9120, 10.1696]",
A. Reported results,Primary-study level,Yang 2024 bias-robust (UWLS),Equal per meta-analysis,Type M error,5740,3.3760,"[3.2547, 3.5017]","5.2377 [2.9120, 10.1696]",
A. Reported results,Primary-study level,Yang 2024 bias-robust (UWLS),meta_analysis_random_effect,Type M error,5740,3.3925,"[2.6090, 4.4115]","5.2377 [2.9120, 10.1696]",
A. Reported results,Primary-study level,Yang 2024 bias-robust (UWLS),unweighted_per_effect_size,Type S error,5740,0.0644,"[0.0600, 0.0690]","0.1060 [0.0187, 0.2531]",
A. Reported results,Primary-study level,Yang 2024 bias-robust (UWLS),Equal per meta-analysis,Type S error,5740,0.0387,"[0.0366, 0.0410]","0.1060 [0.0187, 0.2531]",
A. Reported results,Primary-study level,Yang 2024 bias-robust (UWLS),meta_analysis_random_effect,Type S error,5740,0.0390,"[0.0235, 0.0594]","0.1060 [0.0187, 0.2531]",
A. Reported results,Meta-analysis level,Uncorrected pooled mean,By effect-size count,Statistical power,48,0.8221,"[0.7172, 0.9423]","0.9129 [0.3624, 0.9999]",
A. Reported results,Meta-analysis level,Uncorrected pooled mean,By effect-size count,Type M error,48,1.1086,"[1.0248, 1.1992]","1.0523 [1.0001, 1.6471]",
A. Reported results,Meta-analysis level,Uncorrected pooled mean,By effect-size count,Type S error,48,0.00058,"[-0.00071, 0.0019]","7.2e-08 [1.1e-14, 0.00053]",summary sensitive to the 0.025 offset
A. Reported results,Meta-analysis level,Yang 2023 bias-corrected,By effect-size count,Statistical power,48,0.3904,"[0.2964, 0.5142]","0.2614 [0.0934, 0.6612]",
A. Reported results,Meta-analysis level,Yang 2023 bias-corrected,By effect-size count,Type M error,48,2.1771,"[1.4787, 3.2052]","1.9550 [1.2331, 3.9665]",
A. Reported results,Meta-analysis level,Yang 2023 bias-corrected,By effect-size count,Type S error,48,0.0122,"[0.0035, 0.0236]","0.0022 [1.1e-05, 0.0547]",summary sensitive to the 0.025 offset
A. Reported results,Meta-analysis level,Yang 2024 bias-robust (FE + VCV),By effect-size count,Statistical power,48,0.4789,"[0.3677, 0.6238]","0.8236 [0.3130, 0.9980]",
A. Reported results,Meta-analysis level,Yang 2024 bias-robust (FE + VCV),By effect-size count,Type M error,48,1.5257,"[1.2742, 1.8269]","1.1089 [1.0013, 1.7752]",
A. Reported results,Meta-analysis level,Yang 2024 bias-robust (FE + VCV),By effect-size count,Type S error,48,0.0056,"[0.0020, 0.0097]","7.6e-07 [5.5e-12, 0.0010]",summary sensitive to the 0.025 offset
A. Reported results,Meta-analysis level,Yang 2024 bias-robust (UWLS),By effect-size count,Statistical power,48,0.3827,"[0.2655, 0.5517]","0.8525 [0.2533, 0.9991]",
A. Reported results,Meta-analysis level,Yang 2024 bias-robust (UWLS),By effect-size count,Type M error,48,2.0113,"[1.5137, 2.6723]","1.0900 [1.0006, 1.9771]",
A. Reported results,Meta-analysis level,Yang 2024 bias-robust (UWLS),By effect-size count,Type S error,48,0.0230,"[0.0107, 0.0396]","4.2e-07 [1.4e-12, 0.0023]",summary sensitive to the 0.025 offset
A. Reported results,Meta-analysis level,Uncorrected pooled mean,Equal per meta-analysis,Statistical power,48,0.5693,"[0.4506, 0.7194]","0.9129 [0.3624, 0.9999]",
A. Reported results,Meta-analysis level,Uncorrected pooled mean,Equal per meta-analysis,Type M error,48,1.3891,"[1.1806, 1.6344]","1.0523 [1.0001, 1.6471]",
A. Reported results,Meta-analysis level,Uncorrected pooled mean,Equal per meta-analysis,Type S error,48,0.0042,"[8.7e-05, 0.0089]","7.2e-08 [1.1e-14, 0.00053]",summary sensitive to the 0.025 offset
A. Reported results,Meta-analysis level,Yang 2023 bias-corrected,Equal per meta-analysis,Statistical power,48,0.2505,"[0.1834, 0.3420]","0.2614 [0.0934, 0.6612]",
A. Reported results,Meta-analysis level,Yang 2023 bias-corrected,Equal per meta-analysis,Type M error,48,2.9364,"[1.9278, 4.4725]","1.9550 [1.2331, 3.9665]",
A. Reported results,Meta-analysis level,Yang 2023 bias-corrected,Equal per meta-analysis,Type S error,48,0.0249,"[0.0122, 0.0420]","0.0022 [1.1e-05, 0.0547]",summary sensitive to the 0.025 offset
A. Reported results,Meta-analysis level,Yang 2024 bias-robust (FE + VCV),Equal per meta-analysis,Statistical power,48,0.5308,"[0.4157, 0.6779]","0.8236 [0.3130, 0.9980]",
A. Reported results,Meta-analysis level,Yang 2024 bias-robust (FE + VCV),Equal per meta-analysis,Type M error,48,1.4619,"[1.2123, 1.7628]","1.1089 [1.0013, 1.7752]",
A. Reported results,Meta-analysis level,Yang 2024 bias-robust (FE + VCV),Equal per meta-analysis,Type S error,48,0.0049,"[0.00071, 0.0097]","7.6e-07 [5.5e-12, 0.0010]",summary sensitive to the 0.025 offset
A. Reported results,Meta-analysis level,Yang 2024 bias-robust (UWLS),Equal per meta-analysis,Statistical power,48,0.4880,"[0.3662, 0.6502]","0.8525 [0.2533, 0.9991]",
A. Reported results,Meta-analysis level,Yang 2024 bias-robust (UWLS),Equal per meta-analysis,Type M error,48,1.5548,"[1.2730, 1.8989]","1.0900 [1.0006, 1.9771]",
A. Reported results,Meta-analysis level,Yang 2024 bias-robust (UWLS),Equal per meta-analysis,Type S error,48,0.0088,"[0.0029, 0.0159]","4.2e-07 [1.4e-12, 0.0023]",summary sensitive to the 0.025 offset
B. Sensitivity to the assumed effect (primary-study level),All metrics,optimistic (95% CI limit farther from zero),-,Statistical power,5740,0.2806,"[0.2691, 0.2925]","0.2247 [0.1334, 0.5118]",
B. Sensitivity to the assumed effect (primary-study level),All metrics,optimistic (95% CI limit farther from zero),-,Type M error,5740,2.0166,"[1.9650, 2.0696]","2.1114 [1.3916, 2.9344]",
B. Sensitivity to the assumed effect (primary-study level),All metrics,optimistic (95% CI limit farther from zero),-,Type S error,5740,0.0106,"[0.0097, 0.0115]","0.0035 [7.7e-05, 0.0193]",summary sensitive to the 0.025 offset
B. Sensitivity to the assumed effect (primary-study level),SMD,small (d = 0.2),-,Statistical power,2835,0.0767,"[0.0754, 0.0780]","0.0731 [0.0663, 0.0838]",
B. Sensitivity to the assumed effect (primary-study level),SMD,small (d = 0.2),-,Type M error,2835,5.3583,"[5.2530, 5.4656]","5.3462 [4.4632, 6.3238]",
B. Sensitivity to the assumed effect (primary-study level),SMD,small (d = 0.2),-,Type S error,2835,0.1040,"[0.1003, 0.1079]","0.1103 [0.0746, 0.1473]",
B. Sensitivity to the assumed effect (primary-study level),SMD,medium (d = 0.5),-,Statistical power,2835,0.2053,"[0.1994, 0.2113]","0.2002 [0.1553, 0.2697]",
B. Sensitivity to the assumed effect (primary-study level),SMD,medium (d = 0.5),-,Type M error,2835,2.2807,"[2.2411, 2.3211]","2.2560 [1.9114, 2.6412]",
B. Sensitivity to the assumed effect (primary-study level),SMD,medium (d = 0.5),-,Type S error,2835,0.0087,"[0.0081, 0.0093]","0.0053 [0.0018, 0.0121]",summary sensitive to the 0.025 offset
B. Sensitivity to the assumed effect (primary-study level),SMD,large (d = 0.8),-,Statistical power,2835,0.4144,"[0.4034, 0.4257]","0.4304 [0.3235, 0.5761]",
B. Sensitivity to the assumed effect (primary-study level),SMD,large (d = 0.8),-,Type M error,2835,1.5519,"[1.5300, 1.5741]","1.5115 [1.3159, 1.7399]",
B. Sensitivity to the assumed effect (primary-study level),SMD,large (d = 0.8),-,Type S error,2835,0.0012,"[0.00099, 0.0014]","0.00021 [3.4e-05, 0.00083]",summary sensitive to the 0.025 offset
B. Sensitivity to the assumed effect (primary-study level),Zr,small (r = 0.1),-,Statistical power,1303,0.0865,"[0.0827, 0.0905]","0.0841 [0.0698, 0.1142]",
B. Sensitivity to the assumed effect (primary-study level),Zr,small (r = 0.1),-,Type M error,1303,4.8866,"[4.6100, 5.1797]","4.4445 [3.3067, 5.7519]",
B. Sensitivity to the assumed effect (primary-study level),Zr,small (r = 0.1),-,Type S error,1303,0.0801,"[0.0720, 0.0887]","0.0738 [0.0306, 0.1261]",
B. Sensitivity to the assumed effect (primary-study level),Zr,medium (r = 0.3),-,Statistical power,1303,0.3312,"[0.3056, 0.3589]","0.3848 [0.2477, 0.6235]",
B. Sensitivity to the assumed effect (primary-study level),Zr,medium (r = 0.3),-,Type M error,1303,1.7868,"[1.7011, 1.8769]","1.5959 [1.2678, 2.0009]",
B. Sensitivity to the assumed effect (primary-study level),Zr,medium (r = 0.3),-,Type S error,1303,0.0053,"[0.0038, 0.0068]","0.00037 [1.8e-05, 0.0024]",summary sensitive to the 0.025 offset
B. Sensitivity to the assumed effect (primary-study level),Zr,large (r = 0.5),-,Statistical power,1303,0.6531,"[0.6117, 0.6974]","0.8409 [0.6198, 0.9811]",
B. Sensitivity to the assumed effect (primary-study level),Zr,large (r = 0.5),-,Type M error,1303,1.2469,"[1.2031, 1.2924]","1.0975 [1.0117, 1.2713]",
B. Sensitivity to the assumed effect (primary-study level),Zr,large (r = 0.5),-,Type S error,1303,0.0011,"[0.0005, 0.0017]","5.2e-07 [1e-09, 1.9e-05]",summary sensitive to the 0.025 offset
B. Sensitivity to the assumed effect (primary-study level),lnRR,10% change,-,Statistical power,1602,0.1254,"[0.1133, 0.1389]","0.0752 [0.0579, 0.1399]",
B. Sensitivity to the assumed effect (primary-study level),lnRR,10% change,-,Type M error,1602,4.2929,"[3.8921, 4.7349]","5.1270 [2.8364, 9.0186]",
B. Sensitivity to the assumed effect (primary-study level),lnRR,10% change,-,Type S error,1602,0.0619,"[0.0529, 0.0721]","0.1015 [0.0167, 0.2276]",
B. Sensitivity to the assumed effect (primary-study level),lnRR,25% change,-,Statistical power,1602,0.2726,"[0.2439, 0.3046]","0.1935 [0.0939, 0.5294]",
B. Sensitivity to the assumed effect (primary-study level),lnRR,25% change,-,Type M error,1602,2.1824,"[2.0207, 2.3571]","2.3019 [1.3695, 3.9467]",
B. Sensitivity to the assumed effect (primary-study level),lnRR,25% change,-,Type S error,1602,0.0173,"[0.0141, 0.0207]","0.0059 [6.1e-05, 0.0539]",summary sensitive to the 0.025 offset
B. Sensitivity to the assumed effect (primary-study level),lnRR,50% change,-,Statistical power,1602,0.4677,"[0.4267, 0.5127]","0.5087 [0.1992, 0.9587]",
B. Sensitivity to the assumed effect (primary-study level),lnRR,50% change,-,Type M error,1602,1.5285,"[1.4455, 1.6164]","1.3956 [1.0250, 2.2627]",
B. Sensitivity to the assumed effect (primary-study level),lnRR,50% change,-,Type S error,1602,0.0056,"[0.0043, 0.0070]","8e-05 [8.1e-09, 0.0053]",summary sensitive to the 0.025 offset
B. Sensitivity to the assumed effect (primary-study level),lnRR,optimistic (95% CI limit farther from zero),-,Statistical power,1602,0.2580,"[0.2308, 0.2883]","0.2450 [0.1102, 0.6729]",
B. Sensitivity to the assumed effect (primary-study level),lnRR,optimistic (95% CI limit farther from zero),-,Type M error,1602,2.2923,"[2.1115, 2.4887]","2.0125 [1.2227, 3.4078]",
B. Sensitivity to the assumed effect (primary-study level),lnRR,optimistic (95% CI limit farther from zero),-,Type S error,1602,0.0189,"[0.0155, 0.0227]","0.0025 [9.3e-06, 0.0340]",summary sensitive to the 0.025 offset
B. Sensitivity to the assumed effect (primary-study level),SMD,optimistic (95% CI limit farther from zero),-,Statistical power,2835,0.2773,"[0.2638, 0.2915]","0.1869 [0.1322, 0.3705]",
B. Sensitivity to the assumed effect (primary-study level),SMD,optimistic (95% CI limit farther from zero),-,Type M error,2835,1.9822,"[1.9268, 2.0391]","2.3500 [1.6259, 2.9535]",
B. Sensitivity to the assumed effect (primary-study level),SMD,optimistic (95% CI limit farther from zero),-,Type S error,2835,0.0091,"[0.0082, 0.0099]","0.0066 [0.00045, 0.0198]",summary sensitive to the 0.025 offset
B. Sensitivity to the assumed effect (primary-study level),Zr,optimistic (95% CI limit farther from zero),-,Statistical power,1303,0.3476,"[0.3138, 0.3850]","0.3610 [0.2126, 0.5855]",
B. Sensitivity to the assumed effect (primary-study level),Zr,optimistic (95% CI limit farther from zero),-,Type M error,1303,1.7783,"[1.6697, 1.8940]","1.6469 [1.3059, 2.1785]",
B. Sensitivity to the assumed effect (primary-study level),Zr,optimistic (95% CI limit farther from zero),-,Type S error,1303,0.0075,"[0.0056, 0.0096]","0.00051 [3e-05, 0.0043]",summary sensitive to the 0.025 offset
