aggregation,weighting,se_source,crit_value_method,clustering_unit,metric,scenario,grouping,geometric_mean,ci_lower,ci_upper,raw_median,raw_q1,raw_q3,raw_min,raw_max,arithmetic_mean_unweighted,arithmetic_mean_kweighted,n_unit,summary_dominated_by_offset,scenario_family,convention_status,verification_status
primary_study_level,unweighted,own_sampling_error_per_effect_size,z_1.96,meta_analysis_x_study_ID,power,uncorrected pooled mean,all metrics,0.1735445673806259,0.16637286256378328,0.18102541726588495,0.13577740746176875,0.09185026465630813,0.26135497577915895,0.05000645922206981,1,0.22664490670695409,NA,5740,FALSE,baseline,NA,two_derivations_r_and_python
primary_study_level,unweighted,own_sampling_error_per_effect_size,z_1.96,meta_analysis_x_study_ID,type_M,uncorrected pooled mean,all metrics,2.891312589266131,2.794693913899744,2.9912715833640706,2.8974353822463295,1.9437191890688061,4.034184529413617,1,311.32915038097394,3.854763935328764,NA,5740,FALSE,baseline,NA,two_derivations_r_and_python
primary_study_level,unweighted,own_sampling_error_per_effect_size,z_1.96,meta_analysis_x_study_ID,type_S,uncorrected pooled mean,all metrics,0.02763894107917661,0.02565382302182862,0.029701855706783693,0.018302348059628173,0.0019919124967934733,0.057336105038322434,0,0.49122343371856075,0.049893905409411514,NA,5740,TRUE,baseline,NA,two_derivations_r_and_python
primary_study_level,unweighted,own_sampling_error_per_effect_size,z_1.96,meta_analysis_x_study_ID,power,optimistic (95% CI limit farther from zero),all metrics,0.2805673446717882,0.2690887192097031,0.2925356184657907,0.2247001914723165,0.13341364739670303,0.5118045353621155,0.05004425589496664,1,0.3498110196592008,NA,5740,FALSE,optimistic,NA,two_derivations_r_and_python
primary_study_level,unweighted,own_sampling_error_per_effect_size,z_1.96,meta_analysis_x_study_ID,type_M,optimistic (95% CI limit farther from zero),all metrics,2.0166343254228094,1.9650021476878001,2.0696231845135094,2.111372311674425,1.3916435944939558,2.93440444361606,1,118.945476110265,2.5067804534833558,NA,5740,FALSE,optimistic,NA,two_derivations_r_and_python
primary_study_level,unweighted,own_sampling_error_per_effect_size,z_1.96,meta_analysis_x_study_ID,type_S,optimistic (95% CI limit farther from zero),all metrics,0.010579822271190378,0.00969876803585152,0.011483247806997492,0.0034999978773841353,7.653456825753914e-5,0.019301254181090195,0,0.4770409037236672,0.020289102448338224,NA,5740,TRUE,optimistic,NA,two_derivations_r_and_python
primary_study_level,unweighted,own_sampling_error_per_effect_size,z_1.96,meta_analysis_x_study_ID,power,small (d = 0.2),SMD,0.07671400239098372,0.07543609508590594,0.07801355778214694,0.07309286263157366,0.06628558110222205,0.08375890028908817,0.050223758891423276,0.5160052739761751,0.08548309662877092,NA,2835,FALSE,external,Cohen convention,two_derivations_r_and_python
primary_study_level,unweighted,own_sampling_error_per_effect_size,z_1.96,meta_analysis_x_study_ID,type_M,small (d = 0.2),SMD,5.358250484607306,5.2529614109023,5.465649946753136,5.346245163256675,4.46322238744558,6.323755026684705,1.386265146567101,52.912113545162924,5.459260810626403,NA,2835,FALSE,external,Cohen convention,two_derivations_r_and_python
primary_study_level,unweighted,own_sampling_error_per_effect_size,z_1.96,meta_analysis_x_study_ID,type_S,small (d = 0.2),SMD,0.10404054756741224,0.10027861292025417,0.10791544764386105,0.1103079780061533,0.07457262092077047,0.14731698215157493,7.263595109056949e-5,0.44852426524021494,0.11077961490939132,NA,2835,FALSE,external,Cohen convention,two_derivations_r_and_python
primary_study_level,unweighted,own_sampling_error_per_effect_size,z_1.96,meta_analysis_x_study_ID,power,medium (d = 0.5),SMD,0.20525841601233819,0.19939361306501102,0.2112957215442881,0.20018685119586732,0.15533075980143274,0.26973266061086615,0.05139949358941276,0.9988172507035045,0.2558350135255631,NA,2835,FALSE,external,Cohen convention,two_derivations_r_and_python
primary_study_level,unweighted,own_sampling_error_per_effect_size,z_1.96,meta_analysis_x_study_ID,type_M,medium (d = 0.5),SMD,2.2807241611864653,2.2410651630871024,2.321084984541136,2.256004434557383,1.911353866115543,2.6411521557689306,1.000786354786355,21.192378838779497,2.3108429496466996,NA,2835,FALSE,external,Cohen convention,two_derivations_r_and_python
primary_study_level,unweighted,own_sampling_error_per_effect_size,z_1.96,meta_analysis_x_study_ID,type_S,medium (d = 0.5),SMD,0.008699790494986447,0.008072165753146211,0.00933932594202544,0.005253892490124404,0.0017613949077901674,0.012081137241822216,1.7038138812921882e-12,0.37364511395427835,0.010169243809006509,NA,2835,TRUE,external,Cohen convention,two_derivations_r_and_python
primary_study_level,unweighted,own_sampling_error_per_effect_size,z_1.96,meta_analysis_x_study_ID,power,large (d = 0.8),SMD,0.41442908148278507,0.40342138689415874,0.42573713035131044,0.43040826185537695,0.3234611738010744,0.5761024744212344,0.05358741251267929,0.9999999992296009,0.480994281474592,NA,2835,FALSE,external,Cohen convention,two_derivations_r_and_python
primary_study_level,unweighted,own_sampling_error_per_effect_size,z_1.96,meta_analysis_x_study_ID,type_M,large (d = 0.8),SMD,1.551872478674485,1.5299584512247917,1.5741003869349166,1.5115472063901578,1.3159399651853034,1.739914719744905,1.0000000005968248,13.275824261628212,1.5642186697523142,NA,2835,FALSE,external,Cohen convention,two_derivations_r_and_python
primary_study_level,unweighted,own_sampling_error_per_effect_size,z_1.96,meta_analysis_x_study_ID,type_S,large (d = 0.8),SMD,0.0012122381423806741,9.929142038049774e-4,0.0014334127003080635,2.1009363748341982e-4,3.407108017666418e-5,8.314730999441406e-4,1.1407267436927067e-23,0.30435481966938865,0.0015535182980080495,NA,2835,TRUE,external,Cohen convention,two_derivations_r_and_python
primary_study_level,unweighted,own_sampling_error_per_effect_size,z_1.96,meta_analysis_x_study_ID,power,small (r = 0.1),Zr,0.08653236706351199,0.08274168685830413,0.09049671131841176,0.08406067103391734,0.06982604333964215,0.11422590828060808,0.050045669071792864,0.6116556655315465,0.10248404789196036,NA,1303,FALSE,external,"Cohen convention, atanh-transformed to the analysis scale",two_derivations_r_and_python
primary_study_level,unweighted,own_sampling_error_per_effect_size,z_1.96,meta_analysis_x_study_ID,type_M,small (r = 0.1),Zr,4.886588541381314,4.610019528561795,5.17974976566069,4.444505321364009,3.306735854338432,5.751875283521168,1.2792530045469803,117.09093726466959,5.192981326433114,NA,1303,FALSE,external,"Cohen convention, atanh-transformed to the analysis scale",two_derivations_r_and_python
primary_study_level,unweighted,own_sampling_error_per_effect_size,z_1.96,meta_analysis_x_study_ID,type_S,small (r = 0.1),Zr,0.08005495473969873,0.07204174860716622,0.08872985002606534,0.07381154055356735,0.0306014072686878,0.1261197969590719,2.1481338517293186e-5,0.4766777523395103,0.09205822854789643,NA,1303,FALSE,external,"Cohen convention, atanh-transformed to the analysis scale",two_derivations_r_and_python
primary_study_level,unweighted,own_sampling_error_per_effect_size,z_1.96,meta_analysis_x_study_ID,power,medium (r = 0.3),Zr,0.3312197266594274,0.30564781973130506,0.3589310973158218,0.3848472728085569,0.24766220725920296,0.6234526709302634,0.05043470418262952,0.9999996495331469,0.44544695172678156,NA,1303,FALSE,external,"Cohen convention, atanh-transformed to the analysis scale",two_derivations_r_and_python
primary_study_level,unweighted,own_sampling_error_per_effect_size,z_1.96,meta_analysis_x_study_ID,type_M,medium (r = 0.3),Zr,1.7868428864564934,1.70107719810974,1.8769327485125682,1.5958832515506765,1.267755178161751,2.0009225206332406,1.0000002607278615,37.973362554491494,1.8607768810382281,NA,1303,FALSE,external,"Cohen convention, atanh-transformed to the analysis scale",two_derivations_r_and_python
primary_study_level,unweighted,own_sampling_error_per_effect_size,z_1.96,meta_analysis_x_study_ID,type_S,medium (r = 0.3),Zr,0.005272303751579645,0.0038102537250639078,0.006808549246848754,3.728488962587353e-4,1.8373674644161674e-5,0.0024459806680395394,3.3121237990336963e-19,0.4284945806797475,0.007790357284407688,NA,1303,TRUE,external,"Cohen convention, atanh-transformed to the analysis scale",two_derivations_r_and_python
primary_study_level,unweighted,own_sampling_error_per_effect_size,z_1.96,meta_analysis_x_study_ID,power,large (r = 0.5),Zr,0.6531111038709849,0.6116593883421526,0.6973719722601052,0.840894727093816,0.6197844307617325,0.9810805357017296,0.05136991395356805,1,0.7632688758763034,NA,1303,FALSE,external,"Cohen convention, atanh-transformed to the analysis scale",two_derivations_r_and_python
primary_study_level,unweighted,own_sampling_error_per_effect_size,z_1.96,meta_analysis_x_study_ID,type_M,large (r = 0.5),Zr,1.246932073531765,1.2031053802225113,1.292355284550937,1.0974572371160494,1.011662759697575,1.2712967568852729,1,21.419072547606085,1.2719937660451877,NA,1303,FALSE,external,"Cohen convention, atanh-transformed to the analysis scale",two_derivations_r_and_python
primary_study_level,unweighted,own_sampling_error_per_effect_size,z_1.96,meta_analysis_x_study_ID,type_S,large (r = 0.5),Zr,0.0010969222325830433,5.00670895317825e-4,0.0017071149935327587,5.196995068172923e-7,1.027371233036393e-9,1.9292282815055016e-5,2.483955070154267e-46,0.37492960556214,0.0015415332045053691,NA,1303,TRUE,external,"Cohen convention, atanh-transformed to the analysis scale",two_derivations_r_and_python
primary_study_level,unweighted,own_sampling_error_per_effect_size,z_1.96,meta_analysis_x_study_ID,power,10% change,lnRR,0.1254071791696895,0.11325145369256617,0.1388676266354268,0.07520843409901318,0.05785778791425472,0.13990515368394052,0.050016731056638064,1,0.15404175814083443,NA,1602,FALSE,external,"reference value, not a convention",two_derivations_r_and_python
primary_study_level,unweighted,own_sampling_error_per_effect_size,z_1.96,meta_analysis_x_study_ID,type_M,10% change,lnRR,4.292869351277471,3.8920668802300424,4.734946195489893,5.126999657333631,2.836418568162749,9.018641369829833,1,193.4437155285429,7.311435148320002,NA,1602,FALSE,external,"reference value, not a convention",two_derivations_r_and_python
primary_study_level,unweighted,own_sampling_error_per_effect_size,z_1.96,meta_analysis_x_study_ID,type_S,10% change,lnRR,0.06193247912459974,0.05286052063626518,0.07206146150824758,0.10154901604383822,0.01670770027602737,0.2275674907752127,2.129178586760404e-131,0.48587709328816514,0.13101161947865267,NA,1602,FALSE,external,"reference value, not a convention",two_derivations_r_and_python
primary_study_level,unweighted,own_sampling_error_per_effect_size,z_1.96,meta_analysis_x_study_ID,power,25% change,lnRR,0.27258483355759294,0.24393400371900648,0.30460079510362764,0.1934746649716807,0.09385669759737061,0.5294290815100252,0.050091713527696036,1,0.346131139482357,NA,1602,FALSE,external,"reference value, not a convention",two_derivations_r_and_python
primary_study_level,unweighted,own_sampling_error_per_effect_size,z_1.96,meta_analysis_x_study_ID,type_M,25% change,lnRR,2.182448226143179,2.020711513607256,2.3571302621484724,2.3019082285225956,1.3695183415709618,3.9467320631550655,1,82.63164376083984,3.2783429257622765,NA,1602,FALSE,external,"reference value, not a convention",two_derivations_r_and_python
primary_study_level,unweighted,own_sampling_error_per_effect_size,z_1.96,meta_analysis_x_study_ID,type_S,25% change,lnRR,0.017273117728120325,0.01412598272718854,0.020673395475220298,0.00590226964767014,6.14392313237336e-5,0.053907899787013894,0,0.46697421601319283,0.04152536305843369,NA,1602,TRUE,external,"reference value, not a convention",two_derivations_r_and_python
primary_study_level,unweighted,own_sampling_error_per_effect_size,z_1.96,meta_analysis_x_study_ID,power,50% change,lnRR,0.46773109566067467,0.42670585682843026,0.512700668029263,0.5087282543207188,0.19918568349994925,0.9586668434676238,0.05030285011070257,1,0.554679631436911,NA,1602,FALSE,external,"reference value, not a convention",two_derivations_r_and_python
primary_study_level,unweighted,own_sampling_error_per_effect_size,z_1.96,meta_analysis_x_study_ID,type_M,50% change,lnRR,1.5285297783980663,1.445461305227488,1.6163720709783624,1.3956243883990147,1.0249806431691453,2.2626553332889947,1,45.48628611238651,1.9957598618815255,NA,1602,FALSE,external,"reference value, not a convention",two_derivations_r_and_python
primary_study_level,unweighted,own_sampling_error_per_effect_size,z_1.96,meta_analysis_x_study_ID,type_S,50% change,lnRR,0.005599852180915042,0.004297275126053896,0.006960342709863815,7.951587294065086e-5,8.11182459365615e-9,0.00534507243273813,0,0.4401899526028469,0.012833021868122418,NA,1602,TRUE,external,"reference value, not a convention",two_derivations_r_and_python
primary_study_level,unweighted,own_sampling_error_per_effect_size,z_1.96,meta_analysis_x_study_ID,power,uncorrected pooled mean,lnRR,0.15523577623143597,0.1384978759364837,0.17399650398413385,0.1385422647848762,0.07611886910140875,0.3773418494812534,0.05000645922206981,1,0.27513540773363265,NA,1602,FALSE,baseline,NA,two_derivations_r_and_python
primary_study_level,unweighted,own_sampling_error_per_effect_size,z_1.96,meta_analysis_x_study_ID,type_M,uncorrected pooled mean,lnRR,3.6809595848648895,3.2920755225682914,4.115781479653958,2.8561032073500847,1.611365743927316,5.041002061096065,1,311.32915038097394,4.957517245411939,NA,1602,FALSE,baseline,NA,two_derivations_r_and_python
primary_study_level,unweighted,own_sampling_error_per_effect_size,z_1.96,meta_analysis_x_study_ID,type_S,uncorrected pooled mean,lnRR,0.04567101069214665,0.03795720877493435,0.05432994250275535,0.017214874444317,4.103740478092309e-4,0.09808200535513463,0,0.49122343371856075,0.07117174297522674,NA,1602,TRUE,baseline,NA,two_derivations_r_and_python
primary_study_level,unweighted,own_sampling_error_per_effect_size,z_1.96,meta_analysis_x_study_ID,power,optimistic (95% CI limit farther from zero),lnRR,0.2579571763127983,0.2308277437340149,0.2882751602335506,0.24504533759250996,0.11016140255154111,0.6729400483479854,0.05004425589496664,1,0.3903117291630341,NA,1602,FALSE,optimistic,NA,two_derivations_r_and_python
primary_study_level,unweighted,own_sampling_error_per_effect_size,z_1.96,meta_analysis_x_study_ID,type_M,optimistic (95% CI limit farther from zero),lnRR,2.2923353399697017,2.111470849699711,2.4886923310455997,2.0125326926551406,1.2226839159836569,3.407812572401364,1,118.945476110265,3.015856829842668,NA,1602,FALSE,optimistic,NA,two_derivations_r_and_python
primary_study_level,unweighted,own_sampling_error_per_effect_size,z_1.96,meta_analysis_x_study_ID,type_S,optimistic (95% CI limit farther from zero),lnRR,0.018946680808983977,0.015458995460497886,0.02273501497367513,0.002545683372728898,9.318411074422245e-6,0.034008612441589724,0,0.4770409037236672,0.03465525991706399,NA,1602,TRUE,optimistic,NA,two_derivations_r_and_python
primary_study_level,unweighted,own_sampling_error_per_effect_size,z_1.96,meta_analysis_x_study_ID,power,uncorrected pooled mean,SMD,0.17739830119131664,0.16878111842838317,0.18645543742452708,0.12311336650300886,0.09397706584689569,0.19253980253069225,0.050260990905542036,0.9993350437393466,0.19205872225465787,NA,2835,FALSE,baseline,NA,two_derivations_r_and_python
primary_study_level,unweighted,own_sampling_error_per_effect_size,z_1.96,meta_analysis_x_study_ID,type_M,uncorrected pooled mean,SMD,2.7231717843065866,2.626952954968425,2.8229148728446316,3.115983490802453,2.3085569605776115,3.941678358994232,1.0004477381171448,48.99544346191932,3.459891783104995,NA,2835,FALSE,baseline,NA,two_derivations_r_and_python
primary_study_level,unweighted,own_sampling_error_per_effect_size,z_1.96,meta_analysis_x_study_ID,type_S,uncorrected pooled mean,SMD,0.02368344822300835,0.02169772956469801,0.025753605217544405,0.024545455568959103,0.0059998965382928125,0.053711048497671235,5.044695016444795e-13,0.44443963964127026,0.0432659531755563,NA,2835,TRUE,baseline,NA,two_derivations_r_and_python
primary_study_level,unweighted,own_sampling_error_per_effect_size,z_1.96,meta_analysis_x_study_ID,power,optimistic (95% CI limit farther from zero),SMD,0.2773069006447373,0.2637844342190248,0.2915225736228982,0.18691124961077588,0.13222791001107154,0.37051919202184336,0.052406054837595306,0.9999999999943519,0.29728333799852596,NA,2835,FALSE,optimistic,NA,two_derivations_r_and_python
primary_study_level,unweighted,own_sampling_error_per_effect_size,z_1.96,meta_analysis_x_study_ID,type_M,optimistic (95% CI limit farther from zero),SMD,1.9821631132559565,1.9267735695288604,2.039144956982811,2.3500104300474964,1.6258900744782558,2.953548860992105,1.0000000000044742,16.1849986573351,2.4388930803497213,NA,2835,FALSE,optimistic,NA,two_derivations_r_and_python
primary_study_level,unweighted,own_sampling_error_per_effect_size,z_1.96,meta_analysis_x_study_ID,type_S,optimistic (95% CI limit farther from zero),SMD,0.009058213940433664,0.008222904582810116,0.009914525125913481,0.006629811749173254,4.479450472787297e-4,0.019828020479494418,4.624386976012431e-27,0.33688705621779724,0.016353066355339587,NA,2835,TRUE,optimistic,NA,two_derivations_r_and_python
primary_study_level,unweighted,own_sampling_error_per_effect_size,z_1.96,meta_analysis_x_study_ID,power,uncorrected pooled mean,Zr,0.19188086667359092,0.17110920143007174,0.21517409167767712,0.16471513985325126,0.11364665033206256,0.2830564782701578,0.05003030697720823,1,0.24227809955232704,NA,1303,FALSE,baseline,NA,two_derivations_r_and_python
primary_study_level,unweighted,own_sampling_error_per_effect_size,z_1.96,meta_analysis_x_study_ID,type_M,uncorrected pooled mean,Zr,2.7516379336686025,2.514095467551488,3.011624425455098,2.5421748352620823,1.8634668599613198,3.320545016901768,1,143.73200216473163,3.358103727194575,NA,1303,FALSE,baseline,NA,two_derivations_r_and_python
primary_study_level,unweighted,own_sampling_error_per_effect_size,z_1.96,meta_analysis_x_study_ID,type_S,uncorrected pooled mean,Zr,0.026171751052905527,0.02118119802079218,0.03170160623900636,0.01002809001998573,0.0014538538566782758,0.031059326464489966,7.876128335706298e-43,0.4809962888657446,0.03815418845050413,NA,1303,TRUE,baseline,NA,two_derivations_r_and_python
primary_study_level,unweighted,own_sampling_error_per_effect_size,z_1.96,meta_analysis_x_study_ID,power,optimistic (95% CI limit farther from zero),Zr,0.3475869469673684,0.31384831908226457,0.38495247021038925,0.3610208806116503,0.2126284242319746,0.5855230561963913,0.05031826898620806,1,0.41430360667598715,NA,1303,FALSE,optimistic,NA,two_derivations_r_and_python
primary_study_level,unweighted,own_sampling_error_per_effect_size,z_1.96,meta_analysis_x_study_ID,type_M,optimistic (95% CI limit farther from zero),Zr,1.7782986608925164,1.6696544228996388,1.8940123680444996,1.6468689953180273,1.30590302355853,2.1785305498494227,1,44.371769162018644,2.028591925399112,NA,1303,FALSE,optimistic,NA,two_derivations_r_and_python
primary_study_level,unweighted,own_sampling_error_per_effect_size,z_1.96,meta_analysis_x_study_ID,type_S,optimistic (95% CI limit farther from zero),Zr,0.0075137760228911055,0.005556790258801871,0.00959609541163172,5.064141928706155e-4,3.018890756815021e-5,0.004260417344744038,7.181383888207986e-75,0.43870148998162717,0.011190160052906451,NA,1303,TRUE,optimistic,NA,two_derivations_r_and_python
meta_analysis_level,k_effect_sizes,se_beta0,z_1.96,NA,power,uncorrected pooled mean,lnRR,0.7689052700351067,0.3616040358144928,1.634979855675784,0.26230269597456435,0.2329969458894059,0.28977723593975846,0.23282279429855401,0.9999121730776179,0.40356236903598014,0.857682764337505,5,FALSE,baseline,NA,two_derivations_r_and_python
meta_analysis_level,equal_per_meta_analysis,se_beta0,z_1.96,NA,power,uncorrected pooled mean,lnRR,0.3334578304407307,0.1542967468077448,0.7206511283143774,0.26230269597456435,0.2329969458894059,0.28977723593975846,0.23282279429855401,0.9999121730776179,0.40356236903598014,0.40356236903598014,5,FALSE,baseline,NA,two_derivations_r_and_python
meta_analysis_level,k_effect_sizes,se_beta0,z_1.96,NA,type_M,uncorrected pooled mean,lnRR,1.1395413538711963,0.7830781038618451,1.6582694507465083,1.9399634048177143,1.840814936167618,2.069093426657648,1.0000613504845264,2.0699514394812484,1.783976911521751,1.1881932659989662,5,FALSE,baseline,NA,two_derivations_r_and_python
meta_analysis_level,equal_per_meta_analysis,se_beta0,z_1.96,NA,type_M,uncorrected pooled mean,lnRR,1.7254966231682458,1.175902986700892,2.531959379504789,1.9399634048177143,1.840814936167618,2.069093426657648,1.0000613504845264,2.0699514394812484,1.783976911521751,1.7839769115217508,5,FALSE,baseline,NA,two_derivations_r_and_python
meta_analysis_level,k_effect_sizes,se_beta0,z_1.96,NA,type_S,uncorrected pooled mean,lnRR,4.449401859758263e-4,-8.817664409901844e-4,0.0018446268871138947,0.00196420147823431,0.001321821624398462,0.0030681832905753233,8.49344235505365e-15,0.003076592418836161,0.00188615976241055,4.643500609178065e-4,5,TRUE,baseline,NA,two_derivations_r_and_python
meta_analysis_level,equal_per_meta_analysis,se_beta0,z_1.96,NA,type_S,uncorrected pooled mean,lnRR,0.001860892765928615,2.859107664310821e-4,0.003533975574277943,0.00196420147823431,0.001321821624398462,0.0030681832905753233,8.49344235505365e-15,0.003076592418836161,0.00188615976241055,0.0018861597624105502,5,TRUE,baseline,NA,two_derivations_r_and_python
meta_analysis_level,k_effect_sizes,se_beta0,z_1.96,NA,power,uncorrected pooled mean,SMD,0.8907165989218998,0.761781674284242,1.0414743310023045,0.9703845432127631,0.5709701463841407,0.9999997425350173,0.0539316785204883,0.9999999999998812,0.7542464136810134,0.9392335901609428,32,FALSE,baseline,NA,two_derivations_r_and_python
meta_analysis_level,equal_per_meta_analysis,se_beta0,z_1.96,NA,power,uncorrected pooled mean,SMD,0.5965256937421483,0.4349381195659563,0.8181460471886493,0.9703845432127631,0.5709701463841407,0.9999997425350173,0.0539316785204883,0.9999999999998812,0.7542464136810134,0.7542464136810133,32,FALSE,baseline,NA,two_derivations_r_and_python
meta_analysis_level,k_effect_sizes,se_beta0,z_1.96,NA,type_M,uncorrected pooled mean,SMD,1.0713172298426508,0.964044181609514,1.1905269787963049,1.0180348038242062,1.0000001919341686,1.338732976577743,1.0000000000000955,12.687025813993051,1.9550573808028413,1.1679528486654676,32,FALSE,baseline,NA,two_derivations_r_and_python
meta_analysis_level,equal_per_meta_analysis,se_beta0,z_1.96,NA,type_M,uncorrected pooled mean,SMD,1.389152504334715,1.0988214181090883,1.7561949999302162,1.0180348038242062,1.0000001919341686,1.338732976577743,1.0000000000000955,12.687025813993051,1.9550573808028413,1.9550573808028413,32,FALSE,baseline,NA,two_derivations_r_and_python
meta_analysis_level,k_effect_sizes,se_beta0,z_1.96,NA,type_S,uncorrected pooled mean,SMD,8.566541384005498e-4,-0.0013905322506353839,0.0033177312733303314,3.3286141959320724e-9,2.062893561723935e-19,8.845892072463579e-5,1.2157121939156583e-29,0.2962281539428636,0.01954978637929063,0.002945798123500114,32,TRUE,baseline,NA,two_derivations_r_and_python
meta_analysis_level,equal_per_meta_analysis,se_beta0,z_1.96,NA,type_S,uncorrected pooled mean,SMD,0.005766900790968553,-4.5976446447588276e-4,0.013573475911060943,3.3286141959320724e-9,2.062893561723935e-19,8.845892072463579e-5,1.2157121939156583e-29,0.2962281539428636,0.01954978637929063,0.01954978637929063,32,TRUE,baseline,NA,two_derivations_r_and_python
meta_analysis_level,k_effect_sizes,se_beta0,z_1.96,NA,power,uncorrected pooled mean,Zr,0.7496064991790343,0.5626399209105222,0.998702514215676,0.9072582284218831,0.4335951488460971,0.995321996288108,0.16340011929302722,1,0.7207406671796849,0.803713699687195,11,FALSE,baseline,NA,two_derivations_r_and_python
meta_analysis_level,equal_per_meta_analysis,se_beta0,z_1.96,NA,power,uncorrected pooled mean,Zr,0.6339587932392766,0.42529395454653074,0.9450022677936473,0.9072582284218831,0.4335951488460971,0.995321996288108,0.16340011929302722,1,0.7207406671796849,0.7207406671796849,11,FALSE,baseline,NA,two_derivations_r_and_python
meta_analysis_level,k_effect_sizes,se_beta0,z_1.96,NA,type_M,uncorrected pooled mean,Zr,1.1543389299573954,1.0019090935492292,1.3299593484024124,1.0557295363775228,1.0029483834374289,1.5130500572401997,1,2.5552998125782387,1.3183185819076622,1.1800399803146675,11,FALSE,baseline,NA,two_derivations_r_and_python
meta_analysis_level,equal_per_meta_analysis,se_beta0,z_1.96,NA,type_M,uncorrected pooled mean,Zr,1.2584842254193929,1.0274928526124547,1.5414049271511707,1.0557295363775228,1.0029483834374289,1.5130500572401997,1,2.5552998125782387,1.3183185819076622,1.3183185819076622,11,FALSE,baseline,NA,two_derivations_r_and_python
meta_analysis_level,k_effect_sizes,se_beta0,z_1.96,NA,type_S,uncorrected pooled mean,Zr,1.6463939361134258e-4,-4.387795057265685e-4,7.828830598277207e-4,8.660375753074583e-8,8.805707546862713e-11,2.384243948031793e-4,7.970070141940813e-93,0.010288665249869513,0.001017038050731028,1.8133283175107137e-4,11,TRUE,baseline,NA,two_derivations_r_and_python
meta_analysis_level,equal_per_meta_analysis,se_beta0,z_1.96,NA,type_S,uncorrected pooled mean,Zr,8.796307078106358e-4,-8.511122900104473e-4,0.0027344154983834287,8.660375753074583e-8,8.805707546862713e-11,2.384243948031793e-4,7.970070141940813e-93,0.010288665249869513,0.001017038050731028,0.001017038050731028,11,TRUE,baseline,NA,two_derivations_r_and_python
meta_analysis_level,k_effect_sizes,se_beta0,z_1.96,NA,power,small (d = 0.2),SMD,0.6756959304806279,0.5174351173472368,0.8823618172820944,0.21205443750779746,0.1002242408037966,0.47352638593609053,0.060123575681757524,0.9951064307287162,0.3388672117531247,0.7997831542298817,32,FALSE,external,Cohen convention,two_derivations_r_and_python
meta_analysis_level,equal_per_meta_analysis,se_beta0,z_1.96,NA,power,small (d = 0.2),SMD,0.2198313642131729,0.15680379850084675,0.3081929720698936,0.21205443750779746,0.1002242408037966,0.47352638593609053,0.060123575681757524,0.9951064307287162,0.3388672117531247,0.33886721175312473,32,FALSE,external,Cohen convention,two_derivations_r_and_python
meta_analysis_level,k_effect_sizes,se_beta0,z_1.96,NA,type_M,small (d = 0.2),SMD,1.243959323584641,1.063960962122207,1.454409375741192,2.182029842029511,1.468698202652727,3.705939858647246,1.0031376303442225,7.966818804768093,2.851886508388718,1.4121690966291025,32,FALSE,external,Cohen convention,two_derivations_r_and_python
meta_analysis_level,equal_per_meta_analysis,se_beta0,z_1.96,NA,type_M,small (d = 0.2),SMD,2.383753921620522,1.9151860711003963,2.9669611974445824,2.182029842029511,1.468698202652727,3.705939858647246,1.0031376303442225,7.966818804768093,2.851886508388718,2.851886508388719,32,FALSE,external,Cohen convention,two_derivations_r_and_python
meta_analysis_level,k_effect_sizes,se_beta0,z_1.96,NA,type_S,small (d = 0.2),SMD,0.003073843605434449,-4.438605887002525e-4,0.0070954642576968804,0.004304203062835466,2.0787455114825164e-4,0.04472168379460503,3.95109301603394e-11,0.19998790971036506,0.033117681970411095,0.006233976365353526,32,TRUE,external,Cohen convention,two_derivations_r_and_python
meta_analysis_level,equal_per_meta_analysis,se_beta0,z_1.96,NA,type_S,small (d = 0.2),SMD,0.019604492223183896,0.009942831967126066,0.031937592475613744,0.004304203062835466,2.0787455114825164e-4,0.04472168379460503,3.95109301603394e-11,0.19998790971036506,0.033117681970411095,0.0331176819704111,32,TRUE,external,Cohen convention,two_derivations_r_and_python
meta_analysis_level,k_effect_sizes,se_beta0,z_1.96,NA,power,medium (d = 0.5),SMD,0.892303177489575,0.7840217714098072,1.0155393505543566,0.8247374943570709,0.3725393827990889,0.9932427491041786,0.11488493210777184,1,0.6669721334439349,0.9315237103448581,32,FALSE,external,Cohen convention,two_derivations_r_and_python
meta_analysis_level,equal_per_meta_analysis,se_beta0,z_1.96,NA,power,medium (d = 0.5),SMD,0.5656163996437398,0.44702189975966,0.7156739115420336,0.8247374943570709,0.3725393827990889,0.9932427491041786,0.11488493210777184,1,0.6669721334439349,0.6669721334439347,32,FALSE,external,Cohen convention,two_derivations_r_and_python
meta_analysis_level,k_effect_sizes,se_beta0,z_1.96,NA,type_M,medium (d = 0.5),SMD,1.0593206508403084,0.9917767993029536,1.1314645009697923,1.1081313402984585,1.004257865371255,1.6218694068288144,1,3.29125233812254,1.4264117478740477,1.081194566098436,32,FALSE,external,Cohen convention,two_derivations_r_and_python
meta_analysis_level,equal_per_meta_analysis,se_beta0,z_1.96,NA,type_M,medium (d = 0.5),SMD,1.3374856300747104,1.1823983480866607,1.5129146734271612,1.1081313402984585,1.004257865371255,1.6218694068288144,1,3.29125233812254,1.4264117478740477,1.426411747874048,32,FALSE,external,Cohen convention,two_derivations_r_and_python
meta_analysis_level,k_effect_sizes,se_beta0,z_1.96,NA,type_S,medium (d = 0.5),SMD,2.4016644258240474e-4,-0.00033653510060719857,8.303528984261732e-4,7.383134975171358e-7,1.236177436645006e-10,4.3911141629190595e-4,9.092709154329451e-41,0.03009094114767952,0.002265517271781204,3.0246855201159834e-4,32,TRUE,external,Cohen convention,two_derivations_r_and_python
meta_analysis_level,equal_per_meta_analysis,se_beta0,z_1.96,NA,type_S,medium (d = 0.5),SMD,0.001684850402563911,-8.144391331515663e-5,0.0035763444129779977,7.383134975171358e-7,1.236177436645006e-10,4.3911141629190595e-4,9.092709154329451e-41,0.03009094114767952,0.002265517271781204,0.0022655172717812038,32,TRUE,external,Cohen convention,two_derivations_r_and_python
meta_analysis_level,k_effect_sizes,se_beta0,z_1.96,NA,power,large (d = 0.8),SMD,0.9579961739486832,0.8980145038648081,1.0219842389522025,0.9961935996603042,0.7436258170217948,0.9999997369879026,0.22018416695441456,1,0.8429891621488868,0.9692749534720589,32,FALSE,external,Cohen convention,two_derivations_r_and_python
meta_analysis_level,equal_per_meta_analysis,se_beta0,z_1.96,NA,power,large (d = 0.8),SMD,0.7942027389817172,0.6870952980649786,0.9180065594720614,0.9961935996603042,0.7436258170217948,0.9999997369879026,0.22018416695441456,1,0.8429891621488868,0.8429891621488865,32,FALSE,external,Cohen convention,two_derivations_r_and_python
meta_analysis_level,k_effect_sizes,se_beta0,z_1.96,NA,type_M,large (d = 0.8),SMD,1.0218680569239043,0.989558033384273,1.0552330338729492,1.0024572559575735,1.0000001956653701,1.165710360196512,1,2.135663690543521,1.149014343204078,1.0265142249382173,32,FALSE,external,Cohen convention,two_derivations_r_and_python
meta_analysis_level,equal_per_meta_analysis,se_beta0,z_1.96,NA,type_M,large (d = 0.8),SMD,1.1235433762653493,1.045313799686983,1.2076275265166767,1.0024572559575735,1.0000001956653701,1.165710360196512,1,2.135663690543521,1.149014343204078,1.1490143432040782,32,FALSE,external,Cohen convention,two_derivations_r_and_python
meta_analysis_level,k_effect_sizes,se_beta0,z_1.96,NA,type_S,large (d = 0.8),SMD,2.2728245492986687e-5,-6.194526707270498e-5,1.076892545698177e-4,2.2526463347483827e-11,2.486766128871096e-19,3.2586115835621044e-6,1.9018893093145018e-90,0.003764387014084474,2.332159593536941e-4,2.38442034744045e-5,32,TRUE,external,Cohen convention,two_derivations_r_and_python
meta_analysis_level,equal_per_meta_analysis,se_beta0,z_1.96,NA,type_S,large (d = 0.8),SMD,2.20199242199879e-4,-6.928622092009645e-5,5.130460945725022e-4,2.2526463347483827e-11,2.486766128871096e-19,3.2586115835621044e-6,1.9018893093145018e-90,0.003764387014084474,2.332159593536941e-4,2.3321595935369408e-4,32,TRUE,external,Cohen convention,two_derivations_r_and_python
meta_analysis_level,k_effect_sizes,se_beta0,z_1.96,NA,power,small (r = 0.1),Zr,0.4812652107969347,0.30346856715133036,0.7632296329653085,0.27921802355487035,0.24616552266651232,0.5639390909337425,0.08893958238898603,0.922016349627972,0.4109842748114779,0.5820105280824166,11,FALSE,external,"Cohen convention, atanh-transformed to the analysis scale",two_derivations_r_and_python
meta_analysis_level,equal_per_meta_analysis,se_beta0,z_1.96,NA,power,small (r = 0.1),Zr,0.33541264653496067,0.21081016621065185,0.5336632738250835,0.27921802355487035,0.24616552266651232,0.5639390909337425,0.08893958238898603,0.922016349627972,0.4109842748114779,0.4109842748114778,11,FALSE,external,"Cohen convention, atanh-transformed to the analysis scale",two_derivations_r_and_python
meta_analysis_level,k_effect_sizes,se_beta0,z_1.96,NA,type_M,small (r = 0.1),Zr,1.4475719867105274,1.1450818600237704,1.8299693060071394,1.8768406708620808,1.3325194370129763,2.0169486924982727,1.0468083288110501,4.172940580255005,1.8988086493692855,1.5338060173573977,11,FALSE,external,"Cohen convention, atanh-transformed to the analysis scale",two_derivations_r_and_python
meta_analysis_level,equal_per_meta_analysis,se_beta0,z_1.96,NA,type_M,small (r = 0.1),Zr,1.7604938495109734,1.3538236936615022,2.289322168519305,1.8768406708620808,1.3325194370129763,2.0169486924982727,1.0468083288110501,4.172940580255005,1.8988086493692855,1.8988086493692855,11,FALSE,external,"Cohen convention, atanh-transformed to the analysis scale",two_derivations_r_and_python
meta_analysis_level,k_effect_sizes,se_beta0,z_1.96,NA,type_S,small (r = 0.1),Zr,0.0016508367441841025,-8.635594277719393e-4,0.004427168311735369,0.0015358080405778376,4.6739043743189397e-05,0.002690668996698767,5.076849862407477e-8,0.0628480392430007,0.007230852009553245,0.0020068807689484526,11,TRUE,external,"Cohen convention, atanh-transformed to the analysis scale",two_derivations_r_and_python
meta_analysis_level,equal_per_meta_analysis,se_beta0,z_1.96,NA,type_S,small (r = 0.1),Zr,0.004636787888123866,-0.0018654661931442919,0.012966582930033263,0.0015358080405778376,4.6739043743189397e-05,0.002690668996698767,5.076849862407477e-8,0.0628480392430007,0.007230852009553245,0.007230852009553246,11,TRUE,external,"Cohen convention, atanh-transformed to the analysis scale",two_derivations_r_and_python
meta_analysis_level,k_effect_sizes,se_beta0,z_1.96,NA,power,medium (r = 0.3),Zr,0.9743529175263806,0.918028022818337,1.0341335823035478,0.9886112511389314,0.971618609980578,0.9999936303881197,0.42876067469850765,1,0.9309802230581836,0.9771957150432338,11,FALSE,external,"Cohen convention, atanh-transformed to the analysis scale",two_derivations_r_and_python
meta_analysis_level,equal_per_meta_analysis,se_beta0,z_1.96,NA,power,medium (r = 0.3),Zr,0.9096325032027787,0.7681745883615065,1.0771396286980013,0.9886112511389314,0.971618609980578,0.9999936303881197,0.42876067469850765,1,0.9309802230581836,0.9309802230581837,11,FALSE,external,"Cohen convention, atanh-transformed to the analysis scale",two_derivations_r_and_python
meta_analysis_level,k_effect_sizes,se_beta0,z_1.96,NA,type_M,medium (r = 0.3),Zr,1.0142188800180736,0.9843756757267224,1.0449668373060061,1.0071255862923543,1.000004575908917,1.0172684830622325,1,1.5143417893834927,1.0571384135193655,1.0152341011154533,11,FALSE,external,"Cohen convention, atanh-transformed to the analysis scale",two_derivations_r_and_python
meta_analysis_level,equal_per_meta_analysis,se_beta0,z_1.96,NA,type_M,medium (r = 0.3),Zr,1.0490609010768956,0.965799096970325,1.1395007280712781,1.0071255862923543,1.000004575908917,1.0172684830622325,1,1.5143417893834927,1.0571384135193655,1.0571384135193655,11,FALSE,external,"Cohen convention, atanh-transformed to the analysis scale",two_derivations_r_and_python
meta_analysis_level,k_effect_sizes,se_beta0,z_1.96,NA,type_S,medium (r = 0.3),Zr,1.820620135577905e-6,-1.1941462297531541e-5,1.5590281985576604e-5,2.9092532366920666e-10,1.0152530090145223e-16,4.622920675147897e-9,1.6183885759403576e-35,2.1445602604788016e-4,1.9508277041246877e-5,1.8282750035362834e-6,11,TRUE,external,"Cohen convention, atanh-transformed to the analysis scale",two_derivations_r_and_python
meta_analysis_level,equal_per_meta_analysis,se_beta0,z_1.96,NA,type_S,medium (r = 0.3),Zr,1.943268013515284e-5,-2.381533071725908e-5,6.275557794357609e-5,2.9092532366920666e-10,1.0152530090145223e-16,4.622920675147897e-9,1.6183885759403576e-35,2.1445602604788016e-4,1.9508277041246877e-5,1.9508277041246877e-5,11,TRUE,external,"Cohen convention, atanh-transformed to the analysis scale",two_derivations_r_and_python
meta_analysis_level,k_effect_sizes,se_beta0,z_1.96,NA,power,large (r = 0.5),Zr,0.9989549237267066,0.9911053481773165,1.0068666680822875,0.9999999864848659,0.9999987986253741,1,0.8848072875855055,1,0.9895197242990211,0.9990150989759348,11,FALSE,external,"Cohen convention, atanh-transformed to the analysis scale",two_derivations_r_and_python
meta_analysis_level,equal_per_meta_analysis,se_beta0,z_1.96,NA,power,large (r = 0.5),Zr,0.9889275975077952,0.9647150673392767,1.0137478165546252,0.9999999864848659,0.9999987986253741,1,0.8848072875855055,1,0.9895197242990211,0.9895197242990211,11,FALSE,external,"Cohen convention, atanh-transformed to the analysis scale",two_derivations_r_and_python
meta_analysis_level,k_effect_sizes,se_beta0,z_1.96,NA,type_M,large (r = 0.5),Zr,1.0005762383303367,0.9962510036373065,1.004920251077373,1.000000010297579,1,1.0000008785711076,1,1.069519149741617,1.0063256657040203,1.0005955737441414,11,FALSE,external,"Cohen convention, atanh-transformed to the analysis scale",two_derivations_r_and_python
meta_analysis_level,equal_per_meta_analysis,se_beta0,z_1.96,NA,type_M,large (r = 0.5),Zr,1.0061344048494951,0.9925312138548579,1.0199240351244832,1.000000010297579,1,1.0000008785711076,1,1.069519149741617,1.0063256657040203,1.00632566570402,11,FALSE,external,"Cohen convention, atanh-transformed to the analysis scale",two_derivations_r_and_python
meta_analysis_level,k_effect_sizes,se_beta0,z_1.96,NA,type_S,large (r = 0.5),Zr,1.4630412853433583e-9,-9.709019879733383e-9,1.2635107442954263e-8,1.27646117678421e-21,8.425696312468841e-39,4.9125175540580145e-18,2.575554961598144e-93,1.7330434433068469e-7,1.5754941167547242e-8,1.4630463179024302e-9,11,TRUE,external,"Cohen convention, atanh-transformed to the analysis scale",two_derivations_r_and_python
meta_analysis_level,equal_per_meta_analysis,se_beta0,z_1.96,NA,type_S,large (r = 0.5),Zr,1.5754891481700728e-8,-1.9349178953520507e-8,5.0859011210824256e-8,1.27646117678421e-21,8.425696312468841e-39,4.9125175540580145e-18,2.575554961598144e-93,1.7330434433068469e-7,1.5754941167547242e-8,1.575494116754724e-8,11,TRUE,external,"Cohen convention, atanh-transformed to the analysis scale",two_derivations_r_and_python
meta_analysis_level,k_effect_sizes,se_beta0,z_1.96,NA,power,10% change,lnRR,0.6892633287891637,0.4949787251482759,0.9598067801221207,0.6987220474086626,0.6878610224281624,0.7242189867110488,0.12725308517333234,0.9238816228273298,0.6323873529097072,0.7021481305243344,5,FALSE,external,"reference value, not a convention",two_derivations_r_and_python
meta_analysis_level,equal_per_meta_analysis,se_beta0,z_1.96,NA,power,10% change,lnRR,0.527705888885751,0.19444954049176214,1.4321119219949923,0.6987220474086626,0.6878610224281624,0.7242189867110488,0.12725308517333234,0.9238816228273298,0.6323873529097072,0.6323873529097072,5,FALSE,external,"reference value, not a convention",two_derivations_r_and_python
meta_analysis_level,k_effect_sizes,se_beta0,z_1.96,NA,type_M,10% change,lnRR,1.2109856860033956,1.0123769658220743,1.448557583996681,1.2009809251187176,1.180551809233054,1.2099886993845905,1.0456876345172779,3.0386337406873345,1.535168561788195,1.2246726763591274,5,FALSE,external,"reference value, not a convention",two_derivations_r_and_python
meta_analysis_level,equal_per_meta_analysis,se_beta0,z_1.96,NA,type_M,10% change,lnRR,1.403771951708952,0.8171898695827539,2.411404944864172,1.2009809251187176,1.180551809233054,1.2099886993845905,1.0456876345172779,3.0386337406873345,1.535168561788195,1.5351685617881947,5,FALSE,external,"reference value, not a convention",two_derivations_r_and_python
meta_analysis_level,k_effect_sizes,se_beta0,z_1.96,NA,type_S,10% change,lnRR,2.956569829750469e-4,-0.002514321256048193,0.0034567910751836413,6.418161942718422e-6,4.3643827729051825e-6,7.523994207796781e-6,4.718055006953843e-8,0.02224506273233619,0.004452683290361936,4.0857006652327487e-4,5,TRUE,external,"reference value, not a convention",two_derivations_r_and_python
meta_analysis_level,equal_per_meta_analysis,se_beta0,z_1.96,NA,type_S,10% change,lnRR,0.003397954052456166,-0.005054712912591342,0.015432799529594872,6.418161942718422e-6,4.3643827729051825e-6,7.523994207796781e-6,4.718055006953843e-8,0.02224506273233619,0.004452683290361936,0.0044526832903619366,5,TRUE,external,"reference value, not a convention",two_derivations_r_and_python
meta_analysis_level,k_effect_sizes,se_beta0,z_1.96,NA,power,25% change,lnRR,0.9864375273322691,0.8583864135324081,1.1335908630299676,0.999940430378075,0.9999201459740845,0.9999712413495917,0.47173975334221685,0.9999999988888291,0.8943143139865595,0.9903827706484631,5,FALSE,external,"reference value, not a convention",two_derivations_r_and_python
meta_analysis_level,equal_per_meta_analysis,se_beta0,z_1.96,NA,power,25% change,lnRR,0.860450490383617,0.5669523932191907,1.3058857414773606,0.999940430378075,0.9999201459740845,0.9999712413495917,0.47173975334221685,0.9999999988888291,0.8943143139865595,0.8943143139865594,5,FALSE,external,"reference value, not a convention",two_derivations_r_and_python
meta_analysis_level,k_effect_sizes,se_beta0,z_1.96,NA,type_M,25% change,lnRR,1.0067445899526808,0.9402538988634309,1.0779372152821078,1.000041858271726,1.0000204172015965,1.0000558635848478,1.0000000008591459,1.4465994489208946,1.0893435177676423,1.0081227790939633,5,FALSE,external,"reference value, not a convention",two_derivations_r_and_python
meta_analysis_level,equal_per_meta_analysis,se_beta0,z_1.96,NA,type_M,25% change,lnRR,1.0766633266204555,0.8770965326133021,1.3216377853365657,1.000041858271726,1.0000204172015965,1.0000558635848478,1.0000000008591459,1.4465994489208946,1.0893435177676423,1.0893435177676423,5,FALSE,external,"reference value, not a convention",two_derivations_r_and_python
meta_analysis_level,k_effect_sizes,se_beta0,z_1.96,NA,type_S,25% change,lnRR,2.2710719931769152e-6,-2.0938836360857166e-5,2.5502546403769616e-5,3.9927048058793664e-15,9.891680257203213e-16,7.053441273375806e-15,2.069157147674981e-23,1.2576673960445732e-4,2.5153347923298527e-5,2.2766763136377782e-6,5,TRUE,external,"reference value, not a convention",two_derivations_r_and_python
meta_analysis_level,equal_per_meta_analysis,se_beta0,z_1.96,NA,type_S,25% change,lnRR,2.5102884891676364e-5,-4.453181443865237e-5,9.493188998756577e-5,3.9927048058793664e-15,9.891680257203213e-16,7.053441273375806e-15,2.069157147674981e-23,1.2576673960445732e-4,2.5153347923298527e-5,2.515334792329853e-5,5,TRUE,external,"reference value, not a convention",two_derivations_r_and_python
meta_analysis_level,k_effect_sizes,se_beta0,z_1.96,NA,power,50% change,lnRR,0.9986780545808202,0.9852622359319592,1.0122765496618584,1,1,1,0.9295316710768337,1,0.9859063342153668,0.9987243560931511,5,FALSE,external,"reference value, not a convention",two_derivations_r_and_python
meta_analysis_level,equal_per_meta_analysis,se_beta0,z_1.96,NA,power,50% change,lnRR,0.9854913991426456,0.9463031644918255,1.0263024939852865,1,1,1,0.9295316710768337,1,0.9859063342153668,0.9859063342153668,5,FALSE,external,"reference value, not a convention",two_derivations_r_and_python
meta_analysis_level,k_effect_sizes,se_beta0,z_1.96,NA,type_M,50% change,lnRR,1.0007502807203554,0.9931058163442529,1.008453588610045,1,1,1,1,1.0423012420067577,1.0084602484013516,1.000765752820347,5,FALSE,external,"reference value, not a convention",two_derivations_r_and_python
meta_analysis_level,equal_per_meta_analysis,se_beta0,z_1.96,NA,type_M,50% change,lnRR,1.0083206258504145,0.9853878293572106,1.031787134187149,1,1,1,1,1.0423012420067577,1.0084602484013516,1.0084602484013516,5,FALSE,external,"reference value, not a convention",two_derivations_r_and_python
meta_analysis_level,k_effect_sizes,se_beta0,z_1.96,NA,type_S,50% change,lnRR,6.775726299479423e-10,-6.249986223005877e-9,7.605133401505926e-9,3.161992065114153e-36,5.500331884223385e-38,1.64395195615776e-35,1.1544015618062874e-60,3.7430071221150215e-8,7.486014244230043e-9,6.775730745401725e-10,5,TRUE,external,"reference value, not a convention",two_derivations_r_and_python
meta_analysis_level,equal_per_meta_analysis,se_beta0,z_1.96,NA,type_S,50% change,lnRR,7.48600976693825e-9,-1.3298479865919699e-8,2.8270516681111468e-8,3.161992065114153e-36,5.500331884223385e-38,1.64395195615776e-35,1.1544015618062874e-60,3.7430071221150215e-8,7.486014244230043e-9,7.486014244230043e-9,5,TRUE,external,"reference value, not a convention",two_derivations_r_and_python
