aggregation,weighting,cluster_unit,crit_value_method,kish_effective_papers,largest_paper_weight_share,mean_distinct_papers_per_resample,effect_estimator,spec_role,metric,point_estimate,metric_lower_bound,limit_below_bound,ci_width_log,offset_used,summary_dominated_by_offset,candidate,method,log_ci_lower,log_ci_upper,ci_lower,ci_upper,se_log,df,n_cluster,B,seed,boot_bias_log
meta_analysis_level,k_effect_sizes,meta_analysis_model,z_1.96,9.30141956494981,0.2259581881533101,17.8904,uncorrected_beta0,reference_uncorrected,power,0.8220737046105893,0,FALSE,0.2730241155466876,0,FALSE,TRUE,model_based,-0.3324372807425787,-0.0594131651958911,0.7171736480520882,0.9423173559816781,0.06785768683469547,47,48,NA,NA,NA
meta_analysis_level,k_effect_sizes,source_paper,z_1.96,9.30141956494981,0.2259581881533101,17.8904,uncorrected_beta0,reference_uncorrected,power,0.8220737046105893,0,FALSE,0.6307023222234969,0,FALSE,TRUE,CR2_paper_cluster,-0.5112763840809833,0.11942593814251354,0.5997296047573052,1.1268497843885146,0.09274971604461885,2.69037229779323,28,NA,NA,NA
meta_analysis_level,k_effect_sizes,source_paper,z_1.96,9.30141956494981,0.2259581881533101,17.8904,uncorrected_beta0,reference_uncorrected,power,0.8220737046105893,0,FALSE,0.38037603567506584,0,FALSE,TRUE,bootstrap_paper_percentile,-0.4467566567689821,-0.06638062109391626,0.6396995558929474,0.9357746209391714,0.098945572087946,NA,28,20000,20260815,-0.013973867767496595
meta_analysis_level,k_effect_sizes,source_paper,z_1.96,9.30141956494981,0.2259581881533101,17.8904,uncorrected_beta0,reference_uncorrected,power,0.8220737046105893,0,FALSE,0.3873371201535979,0,FALSE,TRUE,bootstrap_paper_bca,-0.4563532307675411,-0.06901611061394322,0.6335899940868394,0.933311643733499,0.098945572087946,NA,28,20000,20260815,-0.013973867767496595
meta_analysis_level,k_effect_sizes,meta_analysis_model,z_1.96,9.30141956494981,0.2259581881533101,17.8904,uncorrected_beta0,reference_uncorrected,power,0.8220737046105893,0,FALSE,0.33647815269948655,0,FALSE,FALSE,bootstrap_model_percentile,-0.4259833014515251,-0.08950514875203854,0.6531272483066327,0.9143835571779806,0.08719327174714223,NA,48,20000,20260815,-0.017959150615096703
meta_analysis_level,k_effect_sizes,meta_analysis_model,z_1.96,9.30141956494981,0.2259581881533101,17.8904,uncorrected_beta0,reference_uncorrected,type_M,1.1085608464203045,1,FALSE,0.15713543192170681,0,FALSE,TRUE,model_based,0.02449492337851973,0.18163035530022653,1.0247973885855572,1.199170844797195,0.039054597461572665,47,48,NA,NA,NA
meta_analysis_level,k_effect_sizes,source_paper,z_1.96,9.30141956494981,0.2259581881533101,17.8904,uncorrected_beta0,reference_uncorrected,type_M,1.1085608464203045,1,TRUE,0.32600465927781547,0,FALSE,TRUE,CR2_paper_cluster,-0.059939690299534595,0.26606496897828086,0.9418213328339338,1.3048198287443002,0.04794153836415607,2.69037229779323,28,NA,NA,NA
meta_analysis_level,k_effect_sizes,source_paper,z_1.96,9.30141956494981,0.2259581881533101,17.8904,uncorrected_beta0,reference_uncorrected,type_M,1.1085608464203045,1,FALSE,0.19729787586557446,0,FALSE,TRUE,bootstrap_paper_percentile,0.036307218309735566,0.23360509417531003,1.0369743750742613,1.2631455701575633,0.05111568669864235,NA,28,20000,20260815,0.007513843802814307
meta_analysis_level,k_effect_sizes,source_paper,z_1.96,9.30141956494981,0.2259581881533101,17.8904,uncorrected_beta0,reference_uncorrected,type_M,1.1085608464203045,1,FALSE,0.1986346462379412,0,FALSE,TRUE,bootstrap_paper_bca,0.036967746431664006,0.2356023926696052,1.0376595520751442,1.2656709700520907,0.05111568669864235,NA,28,20000,20260815,0.007513843802814307
meta_analysis_level,k_effect_sizes,meta_analysis_model,z_1.96,9.30141956494981,0.2259581881533101,17.8904,uncorrected_beta0,reference_uncorrected,type_M,1.1085608464203045,1,FALSE,0.17520384587457732,0,FALSE,FALSE,bootstrap_model_percentile,0.047514765662980026,0.22271861153755734,1.0486616851919923,1.2494689381218338,0.04546181316868309,NA,48,20000,20260815,0.00949525848179772
meta_analysis_level,k_effect_sizes,meta_analysis_model,z_1.96,9.30141956494981,0.2259581881533101,17.8904,uncorrected_beta0,reference_uncorrected,type_S,5.830502574538377e-4,0,TRUE,0.10372800974266827,0.025,TRUE,TRUE,model_based,-3.717689250970715,-3.6139612412280466,-7.099687873945333e-4,0.001944899936388543,0.025780663319832683,47,48,NA,NA,NA
meta_analysis_level,k_effect_sizes,source_paper,z_1.96,9.30141956494981,0.2259581881533101,17.8904,uncorrected_beta0,reference_uncorrected,type_S,5.830502574538377e-4,0,TRUE,0.08467158702310229,0.025,TRUE,TRUE,CR2_paper_cluster,-3.708161039610932,-3.6234894525878296,-4.774221185038924e-4,0.0016893824800232882,0.012451620006334844,2.69037229779323,28,NA,NA,NA
meta_analysis_level,k_effect_sizes,source_paper,z_1.96,9.30141956494981,0.2259581881533101,17.8904,uncorrected_beta0,reference_uncorrected,type_S,5.830502574538377e-4,0,FALSE,0.056761149132775746,0.025,TRUE,TRUE,bootstrap_paper_percentile,-3.683440572312888,-3.626679423180112,1.3634248425400605e-4,0.0016043797849163155,0.014698615230377804,NA,28,20000,20260815,0.002245134955575434
meta_analysis_level,k_effect_sizes,source_paper,z_1.96,9.30141956494981,0.2259581881533101,17.8904,uncorrected_beta0,reference_uncorrected,type_S,5.830502574538377e-4,0,FALSE,0.06242480702390907,0.025,TRUE,TRUE,bootstrap_paper_bca,-3.682470214407715,-3.620045407383806,1.6074557083990346e-4,0.0017814603889775744,0.014698615230377804,NA,28,20000,20260815,0.002245134955575434
meta_analysis_level,k_effect_sizes,meta_analysis_model,z_1.96,9.30141956494981,0.2259581881533101,17.8904,uncorrected_beta0,reference_uncorrected,type_S,5.830502574538377e-4,0,FALSE,0.050723281320252056,0.025,TRUE,FALSE,bootstrap_model_percentile,-3.6813859025676217,-3.6306626212473696,1.880424616644144e-4,0.0014986200416098154,0.013561197663571369,NA,48,20000,20260815,0.0023393266725948436
meta_analysis_level,k_effect_sizes,meta_analysis_model,z_1.96,9.30141956494981,0.2259581881533101,17.8904,yang2023_gated_beta0_c3,primary,power,0.3903771039959561,0,FALSE,0.5510834041251921,0,FALSE,TRUE,model_based,-1.2161837757769725,-0.6651003716517804,0.29635898397792376,0.5142219118136186,0.1369668206123373,47,48,NA,NA,NA
meta_analysis_level,k_effect_sizes,source_paper,z_1.96,9.30141956494981,0.2259581881533101,17.8904,yang2023_gated_beta0_c3,primary,power,0.3903771039959561,0,FALSE,1.645704951740859,0,FALSE,TRUE,CR2_paper_cluster,-1.763494549584806,-0.11778959784394694,0.17144469378834923,0.8888830558524157,0.2420138020565247,2.69037229779323,28,NA,NA,NA
meta_analysis_level,k_effect_sizes,source_paper,z_1.96,9.30141956494981,0.2259581881533101,17.8904,yang2023_gated_beta0_c3,primary,power,0.3903771039959561,0,FALSE,0.9732529261723231,0,FALSE,TRUE,bootstrap_paper_percentile,-1.5092081064171825,-0.5359551802448594,0.22108498443741256,0.5851101374971209,0.24558375245262468,NA,28,20000,20260815,-0.014941651686686819
meta_analysis_level,k_effect_sizes,source_paper,z_1.96,9.30141956494981,0.2259581881533101,17.8904,yang2023_gated_beta0_c3,primary,power,0.3903771039959561,0,FALSE,1.0084994782918886,0,FALSE,TRUE,bootstrap_paper_bca,-1.5768473020860705,-0.5683478237941819,0.20662550018908216,0.5664605586518934,0.24558375245262468,NA,28,20000,20260815,-0.014941651686686819
meta_analysis_level,k_effect_sizes,meta_analysis_model,z_1.96,9.30141956494981,0.2259581881533101,17.8904,yang2023_gated_beta0_c3,primary,power,0.3903771039959561,0,FALSE,0.96687444103642906,0,FALSE,FALSE,bootstrap_model_percentile,-1.5202481583196792,-0.5533737172832501,0.21865761851171583,0.5750066245565438,0.24437466989370504,NA,48,20000,20260815,-0.019721482894870634
meta_analysis_level,k_effect_sizes,meta_analysis_model,z_1.96,9.30141956494981,0.2259581881533101,17.8904,yang2023_gated_beta0_c3,primary,type_M,2.1770696432395016,1,FALSE,0.7735836643574747,0,FALSE,TRUE,model_based,0.3911879400257012,1.164771604383176,1.4787364010564437,3.2051907480798243,0.19226725789879612,47,48,NA,NA,NA
meta_analysis_level,k_effect_sizes,source_paper,z_1.96,9.30141956494981,0.2259581881533101,17.8904,yang2023_gated_beta0_c3,primary,type_M,2.1770696432395016,1,TRUE,2.3607458087994426,0,FALSE,TRUE,CR2_paper_cluster,-0.4023931321952827,1.95835267660416,0.6687177995108826,7.087641804931256,0.3471661601748183,2.69037229779323,28,NA,NA,NA
meta_analysis_level,k_effect_sizes,source_paper,z_1.96,9.30141956494981,0.2259581881533101,17.8904,yang2023_gated_beta0_c3,primary,type_M,2.1770696432395016,1,FALSE,1.305691841781286,0,FALSE,TRUE,bootstrap_paper_percentile,0.32417381614016494,1.629865657921451,1.3828876544251278,5.103189099453162,0.35065709540782325,NA,28,20000,20260815,0.021317169373347267
meta_analysis_level,k_effect_sizes,source_paper,z_1.96,9.30141956494981,0.2259581881533101,17.8904,yang2023_gated_beta0_c3,primary,type_M,2.1770696432395016,1,FALSE,1.6956221531645077,0,FALSE,TRUE,bootstrap_paper_bca,0.37887637352909403,2.074498526693602,1.4606424505096922,7.960553452864679,0.35065709540782325,NA,28,20000,20260815,0.021317169373347267
meta_analysis_level,k_effect_sizes,meta_analysis_model,z_1.96,9.30141956494981,0.2259581881533101,17.8904,yang2023_gated_beta0_c3,primary,type_M,2.1770696432395016,1,FALSE,1.293528427428643,0,FALSE,FALSE,bootstrap_model_percentile,0.334017590925125,1.627546018353768,1.3965677102764527,5.091365258922608,0.3465972389661492,NA,48,20000,20260815,0.021219483707931253
meta_analysis_level,k_effect_sizes,meta_analysis_model,z_1.96,9.30141956494981,0.2259581881533101,17.8904,yang2023_gated_beta0_c3,primary,type_S,0.012225245985474795,0,FALSE,0.5335008295593857,0.025,TRUE,TRUE,model_based,-3.5575185071417357,-3.02401767758235,0.0035094830874761555,0.02360554414218178,0.1325968299386375,47,48,NA,NA,NA
meta_analysis_level,k_effect_sizes,source_paper,z_1.96,9.30141956494981,0.2259581881533101,17.8904,yang2023_gated_beta0_c3,primary,type_S,0.012225245985474795,0,TRUE,1.7364160604318544,0.025,TRUE,TRUE,CR2_paper_cluster,-4.15897612257797,-2.4225600621461156,-0.009376453670160694,0.06369426373655843,0.2553535810247095,2.69037229779323,28,NA,NA,NA
meta_analysis_level,k_effect_sizes,source_paper,z_1.96,9.30141956494981,0.2259581881533101,17.8904,yang2023_gated_beta0_c3,primary,type_S,0.012225245985474795,0,FALSE,0.9277741600140716,0.025,TRUE,TRUE,bootstrap_paper_percentile,-3.599641354366861,-2.671867194352789,0.0023335237385194788,0.044123038591218765,0.25311679437981754,NA,28,20000,20260815,0.018817299088574213
meta_analysis_level,k_effect_sizes,source_paper,z_1.96,9.30141956494981,0.2259581881533101,17.8904,yang2023_gated_beta0_c3,primary,type_S,0.012225245985474795,0,FALSE,1.1892081782233825,0.025,TRUE,TRUE,bootstrap_paper_bca,-3.5721423719620233,-2.382934193738641,0.003095597936962735,0.06727941420269276,0.25311679437981754,NA,28,20000,20260815,0.018817299088574213
meta_analysis_level,k_effect_sizes,meta_analysis_model,z_1.96,9.30141956494981,0.2259581881533101,17.8904,yang2023_gated_beta0_c3,primary,type_S,0.012225245985474795,0,FALSE,0.9292997348981471,0.025,TRUE,FALSE,bootstrap_model_percentile,-3.5934817524092333,-2.664182017511086,0.002502406957589614,0.04465630787635095,0.24994825853283928,NA,48,20000,20260815,0.018180422612991354
meta_analysis_level,k_effect_sizes,meta_analysis_model,z_1.96,9.30141956494981,0.2259581881533101,17.8904,yang2024_FE_VCV,reported_sensitivity,power,0.47894781727745006,0,FALSE,0.5286094304976411,0,FALSE,TRUE,model_based,-1.0004683437201978,-0.4718589132225567,0.36770718748549447,0.6238415224991567,0.13138111672205666,47,48,NA,NA,NA
meta_analysis_level,k_effect_sizes,source_paper,z_1.96,9.30141956494981,0.2259581881533101,17.8904,yang2024_FE_VCV,reported_sensitivity,power,0.47894781727745006,0,FALSE,2.6441849952644394,0,FALSE,TRUE,CR2_paper_cluster,-2.058256126103597,0.5859288691608424,0.12767642745850621,1.7966590720075082,0.38884811239574324,2.69037229779323,28,NA,NA,NA
meta_analysis_level,k_effect_sizes,source_paper,z_1.96,9.30141956494981,0.2259581881533101,17.8904,yang2024_FE_VCV,reported_sensitivity,power,0.47894781727745006,0,FALSE,1.1100188304494,0,FALSE,TRUE,bootstrap_paper_percentile,-1.3125971307437583,-0.20257830029435828,0.2691202076137255,0.816622538309586,0.30955097609234655,NA,28,20000,20260815,0.03573344087878927
meta_analysis_level,k_effect_sizes,source_paper,z_1.96,9.30141956494981,0.2259581881533101,17.8904,yang2024_FE_VCV,reported_sensitivity,power,0.47894781727745006,0,FALSE,1.2602305483120122,0,FALSE,TRUE,bootstrap_paper_bca,-1.5314522747838568,-0.27122172647184467,0.21622142626396693,0.7624474228846772,0.30955097609234655,NA,28,20000,20260815,0.03573344087878927
meta_analysis_level,k_effect_sizes,meta_analysis_model,z_1.96,9.30141956494981,0.2259581881533101,17.8904,yang2024_FE_VCV,reported_sensitivity,power,0.47894781727745006,0,FALSE,1.0911367496143,0,FALSE,FALSE,bootstrap_model_percentile,-1.311914589506021,-0.22077783989172084,0.2693039559541067,0.8018948095405719,0.308150850697856,NA,48,20000,20260815,0.032496108715142746
meta_analysis_level,k_effect_sizes,meta_analysis_model,z_1.96,9.30141956494981,0.2259581881533101,17.8904,yang2024_FE_VCV,reported_sensitivity,type_M,1.5257428525710341,1,FALSE,0.3602871365844591,0,FALSE,TRUE,model_based,0.24233783960446878,0.6026249761889279,1.2742246036432885,1.8269081020062268,0.08954612538882735,47,48,NA,NA,NA
meta_analysis_level,k_effect_sizes,source_paper,z_1.96,9.30141956494981,0.2259581881533101,17.8904,yang2024_FE_VCV,reported_sensitivity,type_M,1.5257428525710341,1,TRUE,1.4088523483349227,0,FALSE,TRUE,CR2_paper_cluster,-0.28194476627076304,1.1269075820641596,0.754315347032128,3.086098223151287,0.20718277173324537,2.69037229779323,28,NA,NA,NA
meta_analysis_level,k_effect_sizes,source_paper,z_1.96,9.30141956494981,0.2259581881533101,17.8904,yang2024_FE_VCV,reported_sensitivity,type_M,1.5257428525710341,1,FALSE,0.6316579533577439,0,FALSE,TRUE,bootstrap_paper_percentile,0.10890533951569739,0.7405632928734412,1.1150567935293967,2.0971164726142915,0.17121412049664325,NA,28,20000,20260815,-0.01693341815173277
meta_analysis_level,k_effect_sizes,source_paper,z_1.96,9.30141956494981,0.2259581881533101,17.8904,yang2024_FE_VCV,reported_sensitivity,type_M,1.5257428525710341,1,FALSE,0.6983197899954015,0,FALSE,TRUE,bootstrap_paper_bca,0.14914252328967637,0.8474623132850778,1.1608384239306164,2.333717088315651,0.17121412049664325,NA,28,20000,20260815,-0.01693341815173277
meta_analysis_level,k_effect_sizes,meta_analysis_model,z_1.96,9.30141956494981,0.2259581881533101,17.8904,yang2024_FE_VCV,reported_sensitivity,type_M,1.5257428525710341,1,FALSE,0.6226248128641195,0,FALSE,FALSE,bootstrap_model_percentile,0.1214368633551637,0.7440616762192832,1.1291180749477685,2.1044658379094057,0.17026703773191149,NA,48,20000,20260815,-0.01472580319998007
meta_analysis_level,k_effect_sizes,meta_analysis_model,z_1.96,9.30141956494981,0.2259581881533101,17.8904,yang2024_FE_VCV,reported_sensitivity,type_S,0.00562135507422323,0,FALSE,0.25257321241663533,0.025,TRUE,TRUE,model_based,-3.6123442413933136,-3.3597710289766782,0.0019885050803867474,0.009743213223139362,0.06277479890991636,47,48,NA,NA,NA
meta_analysis_level,k_effect_sizes,source_paper,z_1.96,9.30141956494981,0.2259581881533101,17.8904,yang2024_FE_VCV,reported_sensitivity,type_S,0.00562135507422323,0,TRUE,0.7830878191840469,0.025,TRUE,TRUE,CR2_paper_cluster,-3.8776015447770193,-3.0945137255929724,-0.004299585293416369,0.020297033893888025,0.11515919683197627,2.69037229779323,28,NA,NA,NA
meta_analysis_level,k_effect_sizes,source_paper,z_1.96,9.30141956494981,0.2259581881533101,17.8904,yang2024_FE_VCV,reported_sensitivity,type_S,0.00562135507422323,0,FALSE,0.35961372041584694,0.025,TRUE,TRUE,bootstrap_paper_percentile,-3.664007089522248,-3.304393369106401,6.296065590404402e-4,0.011721481466096965,0.09735118605049446,NA,28,20000,20260815,-0.009207267852706646
meta_analysis_level,k_effect_sizes,source_paper,z_1.96,9.30141956494981,0.2259581881533101,17.8904,yang2024_FE_VCV,reported_sensitivity,type_S,0.00562135507422323,0,FALSE,0.40255692247280317,0.025,TRUE,TRUE,bootstrap_paper_bca,-3.6464010321052673,-3.243844109632464,0.0010848385448492398,0.014013633788104989,0.09735118605049446,NA,28,20000,20260815,-0.009207267852706646
meta_analysis_level,k_effect_sizes,meta_analysis_model,z_1.96,9.30141956494981,0.2259581881533101,17.8904,yang2024_FE_VCV,reported_sensitivity,type_S,0.00562135507422323,0,FALSE,0.3670192197069282,0.025,TRUE,FALSE,bootstrap_model_percentile,-3.663373979032796,-3.296354759325868,6.458380694210619e-4,0.01201786076896516,0.09991084017554204,NA,48,20000,20260815,-0.008263690182593209
meta_analysis_level,k_effect_sizes,meta_analysis_model,z_1.96,9.30141956494981,0.2259581881533101,17.8904,yang2024_UWLS,supplementary,power,0.3826850291624545,0,FALSE,0.7314829121597195,0,FALSE,TRUE,model_based,-1.3262844623856973,-0.5948015502259778,0.2654617643587782,0.5516720341960085,0.1818034948263657,47,48,NA,NA,NA
meta_analysis_level,k_effect_sizes,source_paper,z_1.96,9.30141956494981,0.2259581881533101,17.8904,yang2024_UWLS,supplementary,power,0.3826850291624545,0,FALSE,3.878755009502064,0,FALSE,TRUE,CR2_paper_cluster,-2.8999205110568695,0.9788344984451942,0.055027593967853644,2.6613526230243942,0.5704013019480787,2.69037229779323,28,NA,NA,NA
meta_analysis_level,k_effect_sizes,source_paper,z_1.96,9.30141956494981,0.2259581881533101,17.8904,yang2024_UWLS,supplementary,power,0.3826850291624545,0,FALSE,1.6242764983102729,0,FALSE,TRUE,bootstrap_paper_percentile,-1.7944275746483718,-0.17015107633809884,0.16622257513490807,0.8435373684327528,0.45335864802040016,NA,28,20000,20260815,0.05692517290618315
meta_analysis_level,k_effect_sizes,source_paper,z_1.96,9.30141956494981,0.2259581881533101,17.8904,yang2024_UWLS,supplementary,power,0.3826850291624545,0,FALSE,1.8453357460908968,0,FALSE,TRUE,bootstrap_paper_bca,-2.118765835439747,-0.2734300893488501,0.12017985874491059,0.7607655201096704,0.45335864802040016,NA,28,20000,20260815,0.05692517290618315
meta_analysis_level,k_effect_sizes,meta_analysis_model,z_1.96,9.30141956494981,0.2259581881533101,17.8904,yang2024_UWLS,supplementary,power,0.3826850291624545,0,FALSE,1.5838050157200165,0,FALSE,FALSE,bootstrap_model_percentile,-1.8005319565848061,-0.21672694086478955,0.1652109797733479,0.8051497927973653,0.4511225616137437,NA,48,20000,20260815,0.04931868432653519
meta_analysis_level,k_effect_sizes,meta_analysis_model,z_1.96,9.30141956494981,0.2259581881533101,17.8904,yang2024_UWLS,supplementary,type_M,2.0112554553950255,1,FALSE,0.568349998200866,0,FALSE,TRUE,model_based,0.41458413266038174,0.9829341308612477,1.5137410942946816,2.6722855857600027,0.14125827717888562,47,48,NA,NA,NA
meta_analysis_level,k_effect_sizes,source_paper,z_1.96,9.30141956494981,0.2259581881533101,17.8904,yang2024_UWLS,supplementary,type_M,2.0112554553950255,1,TRUE,2.9650986266184396,0,FALSE,TRUE,CR2_paper_cluster,-0.7837901815484051,2.1813084450700346,0.45667185775388736,8.857888740401187,0.43604097523157015,2.69037229779323,28,NA,NA,NA
meta_analysis_level,k_effect_sizes,source_paper,z_1.96,9.30141956494981,0.2259581881533101,17.8904,yang2024_UWLS,supplementary,type_M,2.0112554553950255,1,FALSE,1.2399501504461983,0,FALSE,TRUE,bootstrap_paper_percentile,0.0945140520343827,1.334464202480581,1.0991246079612562,3.797960463369456,0.34658433519326004,NA,28,20000,20260815,-0.04655861799373606
meta_analysis_level,k_effect_sizes,source_paper,z_1.96,9.30141956494981,0.2259581881533101,17.8904,yang2024_UWLS,supplementary,type_M,2.0112554553950255,1,FALSE,1.4106654323376857,0,FALSE,TRUE,bootstrap_paper_bca,0.16932599517409017,1.579991427511776,1.1845062193015523,4.854914192364302,0.34658433519326004,NA,28,20000,20260815,-0.04655861799373606
meta_analysis_level,k_effect_sizes,meta_analysis_model,z_1.96,9.30141956494981,0.2259581881533101,17.8904,yang2024_UWLS,supplementary,type_M,2.0112554553950255,1,FALSE,1.223254971303013,0,FALSE,FALSE,bootstrap_model_percentile,0.11918980079080102,1.342444772093814,1.1265837244792287,3.828391618700552,0.3485479691635281,NA,48,20000,20260815,-0.04049691072850681
meta_analysis_level,k_effect_sizes,meta_analysis_model,z_1.96,9.30141956494981,0.2259581881533101,17.8904,yang2024_UWLS,supplementary,type_S,0.02303523337151371,0,FALSE,0.5921755807180604,0.025,TRUE,TRUE,model_based,-3.3319082991272886,-2.739732718409228,0.010724866247240707,0.03958760766484328,0.14717991129486355,47,48,NA,NA,NA
meta_analysis_level,k_effect_sizes,source_paper,z_1.96,9.30141956494981,0.2259581881533101,17.8904,yang2024_UWLS,supplementary,type_S,0.02303523337151371,0,TRUE,3.2323115506543347,0.025,TRUE,TRUE,CR2_paper_cluster,-4.651976284095426,-1.419664733441091,-0.015457275851204462,0.21679506911001065,0.4753367284807537,2.69037229779323,28,NA,NA,NA
meta_analysis_level,k_effect_sizes,source_paper,z_1.96,9.30141956494981,0.2259581881533101,17.8904,yang2024_UWLS,supplementary,type_S,0.02303523337151371,0,FALSE,1.2894781222655105,0.025,TRUE,TRUE,bootstrap_paper_percentile,-3.6410655829591945,-2.351587460693684,0.0012243848143623746,0.07021788752222574,0.37428718614411793,NA,28,20000,20260815,-0.054279627815322584
meta_analysis_level,k_effect_sizes,source_paper,z_1.96,9.30141956494981,0.2259581881533101,17.8904,yang2024_UWLS,supplementary,type_S,0.02303523337151371,0,FALSE,1.531283441706078,0.025,TRUE,TRUE,bootstrap_paper_bca,-3.5906475952897585,-2.0593641535836804,0.0025804636603021652,0.10253503681514817,0.37428718614411793,NA,28,20000,20260815,-0.054279627815322584
meta_analysis_level,k_effect_sizes,meta_analysis_model,z_1.96,9.30141956494981,0.2259581881533101,17.8904,yang2024_UWLS,supplementary,type_S,0.02303523337151371,0,FALSE,1.2956326926723132,0.025,TRUE,FALSE,bootstrap_model_percentile,-3.640599181001624,-2.3449664883293106,0.001236618771524891,0.0708504141841933,0.37832510355630067,NA,48,20000,20260815,-0.05039425050667612
