MA_model,effect_size_type,k,n_study_cluster,effect_estimator,estimator_label,se_source,se_method,role,crit_value_method,assumed_effect,standard_error,power,type_M,type_S
MA09.csv,lnRR,1297,126,uncorrected_beta0,Uncorrected,se_beta0,NA,reference_uncorrected,z_1.96,0.21944703048501393,0.03842099506762128,0.9999121730776179,1.0000613504845264,8.49344235505365e-15
MA20_cleaned.csv,lnRR,29,8,uncorrected_beta0,Uncorrected,se_beta0,NA,reference_uncorrected,z_1.96,0.15618598357445485,0.11813302494430482,0.26230269597456435,1.9399634048177143,0.00196420147823431
MA22_01.csv,lnRR,92,30,uncorrected_beta0,Uncorrected,se_beta0,NA,reference_uncorrected,z_1.96,-0.05465569682344966,0.03890615105670374,0.28977723593975846,1.840814936167618,0.001321821624398462
MA22_02.csv,lnRR,92,30,uncorrected_beta0,Uncorrected,se_beta0,NA,reference_uncorrected,z_1.96,0.03452585079677678,0.02810151050298772,0.2329969458894059,2.069093426657648,0.0030681832905753233
MA22_03.csv,lnRR,92,30,uncorrected_beta0,Uncorrected,se_beta0,NA,reference_uncorrected,z_1.96,-0.04580320918496699,0.03729791384346997,0.23282279429855401,2.069951439481248,0.0030765924188361593
MA01_01.csv,SMD,22,20,uncorrected_beta0,Uncorrected,se_beta0,NA,reference_uncorrected,z_1.96,-1.4714367914931457,0.15846194405574549,0.9999999999998812,1.0000000000000955,1.2157121939156583e-29
MA01_02.csv,SMD,14,13,uncorrected_beta0,Uncorrected,se_beta0,NA,reference_uncorrected,z_1.96,-1.3847886157232574,0.17169224753427653,0.9999999994878084,1.0000000003976324,5.88858436249458e-24
MA01_03.csv,SMD,16,11,uncorrected_beta0,Uncorrected,se_beta0,NA,reference_uncorrected,z_1.96,1.6984009801615376,0.21964781161101243,0.9999999960929222,1.0000000029996639,1.6248694807554155e-22
MA05_01.csv,SMD,17,9,uncorrected_beta0,Uncorrected,se_beta0,NA,reference_uncorrected,z_1.96,0.28420900014765826,0.3159402157937035,0.14660308280344003,2.7458817954959907,0.014470010488862612
MA05_02.csv,SMD,16,10,uncorrected_beta0,Uncorrected,se_beta0,NA,reference_uncorrected,z_1.96,-1.043924298168363,0.4274793872119504,0.685131495575072,1.2122828151379135,7.82715834311169e-6
MA05_03.csv,SMD,4,4,uncorrected_beta0,Uncorrected,se_beta0,NA,reference_uncorrected,z_1.96,1.5418440896305954,0.6747686060824811,0.6274328047141381,1.2639459862296092,1.742271644273846e-5
MA06_01.csv,SMD,33,9,uncorrected_beta0,Uncorrected,se_beta0,NA,reference_uncorrected,z_1.96,0.4768783513958681,0.3274709092381255,0.3075474406463645,1.7851707245176833,0.0010323473130721893
MA06_02.csv,SMD,13,6,uncorrected_beta0,Uncorrected,se_beta0,NA,reference_uncorrected,z_1.96,0.8227067818908614,0.2609280870176003,0.8835729172885957,1.0702859912770393,1.794641993221186e-7
MA08.csv,SMD,531,176,uncorrected_beta0,Uncorrected,se_beta0,NA,reference_uncorrected,z_1.96,0.3359196369889882,0.04402159734662558,0.9999999928945349,1.0000000054357232,4.372112290937646e-22
MA10.csv,SMD,32,32,uncorrected_beta0,Uncorrected,se_beta0,NA,reference_uncorrected,z_1.96,0.4815620224791642,0.17093178929323732,0.8043646453777448,1.1219065558771824,1.1047082695318147e-6
MA12.csv,SMD,70,16,uncorrected_beta0,Uncorrected,se_beta0,NA,reference_uncorrected,z_1.96,0.44106767832673593,0.11559108233824684,0.9682585919331121,1.0192969336761295,3.956767601646913e-9
MA13_01.csv,SMD,43,24,uncorrected_beta0,Uncorrected,se_beta0,NA,reference_uncorrected,z_1.96,-1.384663257257386,0.47510100393490606,0.8300844381689001,1.104566791555763,6.573183466768308e-7
MA13_02.csv,SMD,37,20,uncorrected_beta0,Uncorrected,se_beta0,NA,reference_uncorrected,z_1.96,-0.379111087425584,0.2538934343668182,0.32060776159319526,1.7477419340778297,8.640979599358836e-4
MA13_03.csv,SMD,14,9,uncorrected_beta0,Uncorrected,se_beta0,NA,reference_uncorrected,z_1.96,1.0976514123708023,0.313139329336432,0.9388691098542964,1.036728895322657,2.4613873802517575e-8
MA15_01.csv,SMD,5,3,uncorrected_beta0,Uncorrected,se_beta0,NA,reference_uncorrected,z_1.96,-0.5790574364484041,0.3385515056999909,0.40158217139414853,1.563093947622144,3.0156753357032777e-4
MA15_02.csv,SMD,9,4,uncorrected_beta0,Uncorrected,se_beta0,NA,reference_uncorrected,z_1.96,-1.1925594205990069,0.1499454447888904,0.9999999989720316,1.0000000007951464,1.822897115890754e-23
MA15_03.csv,SMD,11,5,uncorrected_beta0,Uncorrected,se_beta0,NA,reference_uncorrected,z_1.96,-0.9161862177754302,0.17390106443802117,0.9995309632492754,1.000318086178302,2.444776888451191e-13
MA15_04.csv,SMD,11,5,uncorrected_beta0,Uncorrected,se_beta0,NA,reference_uncorrected,z_1.96,-0.12124755262038936,0.6552343227724959,0.0539316785204883,12.68702581399305,0.2962281539428636
MA21.csv,SMD,11,6,uncorrected_beta0,Uncorrected,se_beta0,NA,reference_uncorrected,z_1.96,-0.2275942098163718,0.29999162847927996,0.11809592736322583,3.219068680120767,0.02775387443861699
MA23.csv,SMD,24,22,uncorrected_beta0,Uncorrected,se_beta0,NA,reference_uncorrected,z_1.96,-0.941060831414486,0.3036103430977167,0.8727745045188484,1.0770367657442128,2.4077657047130376e-7
MA24.csv,SMD,139,54,uncorrected_beta0,Uncorrected,se_beta0,NA,reference_uncorrected,z_1.96,0.40570264732023553,0.07514051802349016,0.9997083776082772,1.0001995868698574,9.252322612524187e-14
MA25.csv,SMD,43,22,uncorrected_beta0,Uncorrected,se_beta0,NA,reference_uncorrected,z_1.96,0.6633060148621823,0.1414042911143753,0.9968417637267913,1.002049310284818,1.4620210858064104e-11
MA26.csv,SMD,459,71,uncorrected_beta0,Uncorrected,se_beta0,NA,reference_uncorrected,z_1.96,0.22589965288436856,0.05823647930865843,0.972510494492414,1.0167726739722829,2.700460790217253e-9
MA28_01.csv,SMD,84,42,uncorrected_beta0,Uncorrected,se_beta0,NA,reference_uncorrected,z_1.96,-0.7030139163060111,0.08151513644934394,0.99999999998671,1.0000000000104916,1.762026981391865e-26
MA28_02.csv,SMD,84,41,uncorrected_beta0,Uncorrected,se_beta0,NA,reference_uncorrected,z_1.96,-0.7054960206833235,0.08369249085694046,0.9999999999508873,1.0000000000385554,1.3827618123958532e-25
MA31.csv,SMD,734,212,uncorrected_beta0,Uncorrected,se_beta0,NA,reference_uncorrected,z_1.96,0.3279277286373822,0.04600530787934395,0.9999998817426816,1.0000000887461507,5.0436384759067234e-20
MA32.csv,SMD,13,7,uncorrected_beta0,Uncorrected,se_beta0,NA,reference_uncorrected,z_1.96,1.2905504034916613,0.28544754390376886,0.9947841857732664,1.0033382620183458,4.576342285544541e-11
MA14_01.csv,SMD,104,20,uncorrected_beta0,Uncorrected,se_beta0,NA,reference_uncorrected,z_1.96,-0.2735896277052463,0.06417018668242591,0.9893756647537234,1.0066609821406065,2.4575837463541124e-10
MA14_02.csv,SMD,167,17,uncorrected_beta0,Uncorrected,se_beta0,NA,reference_uncorrected,z_1.96,-0.23607219737444507,0.04459940983192463,0.9995707411634385,1.0002916217812952,2.0370792797041127e-13
MA18.csv,SMD,23,23,uncorrected_beta0,Uncorrected,se_beta0,NA,reference_uncorrected,z_1.96,1.162867199352808,0.16735016199267433,0.9999996961324626,1.0000002263301744,2.5824034664350636e-19
MA39_1.csv,SMD,37,21,uncorrected_beta0,Uncorrected,se_beta0,NA,reference_uncorrected,z_1.96,-0.11816493551417973,0.11829107731418058,0.1698121616481213,2.493361423844227,0.009090681575277561
MA39_2.csv,SMD,15,11,uncorrected_beta0,Uncorrected,se_beta0,NA,reference_uncorrected,z_1.96,0.05200886324054964,0.2519697603594166,0.054894750365632516,11.384810283199583,0.2758249671651442
MA17.csv,Zr,66,22,uncorrected_beta0,Uncorrected,se_beta0,NA,reference_uncorrected,z_1.96,0.07359859190408709,0.04475894647980437,0.3762976314504807,1.6135592522425084,4.158936032265545e-4
MA34.csv,Zr,555,23,uncorrected_beta0,Uncorrected,se_beta0,NA,reference_uncorrected,z_1.96,0.18344269148767187,0.02969617669239383,0.9999876406475792,1.0000088699392822,2.0212970079885459e-16
MA41_01.csv,Zr,110,24,uncorrected_beta0,Uncorrected,se_beta0,NA,reference_uncorrected,z_1.96,0.20862061601753856,0.06352594507633753,0.9072582284218831,1.0557295363775228,8.660375753074583e-8
MA41_02.csv,Zr,184,27,uncorrected_beta0,Uncorrected,se_beta0,NA,reference_uncorrected,z_1.96,0.1607852566099663,0.09617534534788812,0.386748628393743,1.5920404067969431,3.639292638599359e-4
MA41_03.csv,Zr,129,36,uncorrected_beta0,Uncorrected,se_beta0,NA,reference_uncorrected,z_1.96,0.18584626471612667,0.0743938830795319,0.7047760395539361,1.1960413660445879,5.866271704716133e-6
MA41_04.csv,Zr,104,20,uncorrected_beta0,Uncorrected,se_beta0,NA,reference_uncorrected,z_1.96,0.24512817572299164,0.07304969491028543,0.918593389341217,1.0488686824468862,5.786376228083103e-8
MA43.csv,Zr,13,8,uncorrected_beta0,Uncorrected,se_beta0,NA,reference_uncorrected,z_1.96,0.08173653449350099,0.08404385229021741,0.16340011929302722,2.5552998125782387,0.010288665249869513
MA45_01.csv,Zr,28,25,uncorrected_beta0,Uncorrected,se_beta0,NA,reference_uncorrected,z_1.96,0.6550095383508181,0.03551654778484713,1,1,7.970070141940813e-93
MA45_02.csv,Zr,11,10,uncorrected_beta0,Uncorrected,se_beta0,NA,reference_uncorrected,z_1.96,0.9856311968197567,0.17386793342332124,0.9998959133566024,1.0000725135138964,1.18474131017072e-14
MA47_1.csv,Zr,65,25,uncorrected_beta0,Uncorrected,se_beta0,NA,reference_uncorrected,z_1.96,0.09574666360048852,0.05010860887758607,0.480441669298451,1.4340597076834565,1.1291952574642274e-4
MA47_2.csv,Zr,38,26,uncorrected_beta0,Uncorrected,se_beta0,NA,reference_uncorrected,z_1.96,0.32194966265729363,0.07460581772359097,0.9907480792196136,1.0058242533609612,1.7610230352415257e-10
MA09.csv,lnRR,1297,126,yang2023_gated_beta0_c3,Yang 2023 (primary),se_beta0,NA,primary,z_1.96,0.0681099550025141,0.03842099506762128,0.4258323371242434,1.5193516371890883,2.2244032771990847e-4
MA20_cleaned.csv,lnRR,29,8,yang2023_gated_beta0_c3,Yang 2023 (primary),se_beta0,NA,primary,z_1.96,0.06088865856102059,0.11813302494430482,0.08094820991870255,4.6505793844769485,0.08220769041356407
MA22_01.csv,lnRR,92,30,yang2023_gated_beta0_c3,Yang 2023 (primary),se_beta0,NA,primary,z_1.96,-0.05465569682344966,0.03890615105670374,0.28977723593975846,1.840814936167618,0.001321821624398462
MA22_02.csv,lnRR,92,30,yang2023_gated_beta0_c3,Yang 2023 (primary),se_beta0,NA,primary,z_1.96,0.03452585079677678,0.02810151050298772,0.2329969458894059,2.069093426657648,0.0030681832905753233
MA22_03.csv,lnRR,92,30,yang2023_gated_beta0_c3,Yang 2023 (primary),se_beta0,NA,primary,z_1.96,-0.04580320918496699,0.03729791384346997,0.23282279429855401,2.069951439481248,0.0030765924188361593
MA01_01.csv,SMD,22,20,yang2023_gated_beta0_c3,Yang 2023 (primary),se_beta0,NA,primary,z_1.96,0.2301128661826245,0.15846194405574549,0.3061193987307229,1.7894318694418232,0.0010528186033687016
MA01_02.csv,SMD,14,13,yang2023_gated_beta0_c3,Yang 2023 (primary),se_beta0,NA,primary,z_1.96,-0.02913212311540326,0.17169224753427653,0.05330450284540933,13.827266159233423,0.3114306688160342
MA01_03.csv,SMD,16,11,yang2023_gated_beta0_c3,Yang 2023 (primary),se_beta0,NA,primary,z_1.96,-0.24307311977363452,0.21964781161101243,0.19782493161485537,2.2718015896919135,0.0054719765550372435
MA05_01.csv,SMD,17,9,yang2023_gated_beta0_c3,Yang 2023 (primary),se_beta0,NA,primary,z_1.96,0.28420900014765826,0.3159402157937035,0.14660308280344003,2.7458817954959907,0.014470010488862612
MA05_02.csv,SMD,16,10,yang2023_gated_beta0_c3,Yang 2023 (primary),se_beta0,NA,primary,z_1.96,-1.043924298168363,0.4274793872119504,0.685131495575072,1.2122828151379135,7.82715834311169e-6
MA05_03.csv,SMD,4,4,yang2023_gated_beta0_c3,Yang 2023 (primary),se_beta0,NA,primary,z_1.96,1.5418440896305954,0.6747686060824811,0.6274328047141381,1.2639459862296092,1.742271644273846e-5
MA06_01.csv,SMD,33,9,yang2023_gated_beta0_c3,Yang 2023 (primary),se_beta0,NA,primary,z_1.96,-0.21643106922967617,0.3274709092381255,0.10134903585881716,3.6670368083559066,0.04326774792111114
MA06_02.csv,SMD,13,6,yang2023_gated_beta0_c3,Yang 2023 (primary),se_beta0,NA,primary,z_1.96,-0.07400659041018796,0.2609280870176003,0.059265552710052516,8.319220964319745,0.20972255244532492
MA08.csv,SMD,531,176,yang2023_gated_beta0_c3,Yang 2023 (primary),se_beta0,NA,primary,z_1.96,-0.121409316140895,0.04402159734662558,0.7875615705188357,1.133586710400818,1.5127482253143696e-6
MA10.csv,SMD,32,32,yang2023_gated_beta0_c3,Yang 2023 (primary),se_beta0,NA,primary,z_1.96,-0.101708900595211,0.17093178929323732,0.09144584850906934,4.0525804286881515,0.05806211033879972
MA12.csv,SMD,70,16,yang2023_gated_beta0_c3,Yang 2023 (primary),se_beta0,NA,primary,z_1.96,0.44106767832673593,0.11559108233824684,0.9682585919331121,1.0192969336761295,3.956767601646913e-9
MA13_01.csv,SMD,43,24,yang2023_gated_beta0_c3,Yang 2023 (primary),se_beta0,NA,primary,z_1.96,-0.5168501599308614,0.47510100393490606,0.19273218935917225,2.307183142998837,0.005979643346504744
MA13_02.csv,SMD,37,20,yang2023_gated_beta0_c3,Yang 2023 (primary),se_beta0,NA,primary,z_1.96,0.3714883561877102,0.2538934343668182,0.309975440416302,1.7780047146738833,9.98536591534373e-4
MA13_03.csv,SMD,14,9,yang2023_gated_beta0_c3,Yang 2023 (primary),se_beta0,NA,primary,z_1.96,-0.029895716331059,0.313139329336432,0.05104475698962996,24.51559845162841,0.3902164915880232
MA15_01.csv,SMD,5,3,yang2023_gated_beta0_c3,Yang 2023 (primary),se_beta0,NA,primary,z_1.96,0.10584858895219852,0.3385515056999909,0.061271587282247686,7.560119841671759,0.18809183101559113
MA15_02.csv,SMD,9,4,yang2023_gated_beta0_c3,Yang 2023 (primary),se_beta0,NA,primary,z_1.96,0.23147502248453425,0.1499454447888904,0.33884819267695976,1.699672077816974,6.77080925106255e-4
MA15_03.csv,SMD,11,5,yang2023_gated_beta0_c3,Yang 2023 (primary),se_beta0,NA,primary,z_1.96,-0.9161862177754302,0.17390106443802117,0.9995309632492754,1.000318086178302,2.444776888451191e-13
MA15_04.csv,SMD,11,5,yang2023_gated_beta0_c3,Yang 2023 (primary),se_beta0,NA,primary,z_1.96,-0.12124755262038936,0.6552343227724959,0.0539316785204883,12.68702581399305,0.2962281539428636
MA21.csv,SMD,11,6,yang2023_gated_beta0_c3,Yang 2023 (primary),se_beta0,NA,primary,z_1.96,-0.2275942098163718,0.29999162847927996,0.11809592736322583,3.219068680120767,0.02775387443861699
MA23.csv,SMD,24,22,yang2023_gated_beta0_c3,Yang 2023 (primary),se_beta0,NA,primary,z_1.96,0.18617969575533128,0.3036103430977167,0.09406961644090739,3.9378048947041413,0.05356025511606163
MA24.csv,SMD,139,54,yang2023_gated_beta0_c3,Yang 2023 (primary),se_beta0,NA,primary,z_1.96,0.17687127092279167,0.07514051802349016,0.6531840839467097,1.2401021566691417,1.2281755193063664e-5
MA25.csv,SMD,43,22,yang2023_gated_beta0_c3,Yang 2023 (primary),se_beta0,NA,primary,z_1.96,-0.16554493208247015,0.1414042911143753,0.21585691336309154,2.159857992331138,0.004039696795276183
MA26.csv,SMD,459,71,yang2023_gated_beta0_c3,Yang 2023 (primary),se_beta0,NA,primary,z_1.96,-0.0017570516382645,0.05823647930865843,0.050104280357511355,77.4942835516682,0.4647913291434031
MA28_01.csv,SMD,84,42,yang2023_gated_beta0_c3,Yang 2023 (primary),se_beta0,NA,primary,z_1.96,0.18056401554316504,0.08151513644934394,0.6007050980397393,1.2902153183532892,2.4796271286170446e-5
MA28_02.csv,SMD,84,41,yang2023_gated_beta0_c3,Yang 2023 (primary),se_beta0,NA,primary,z_1.96,0.15484791475285717,0.08369249085694046,0.4563680373797482,1.4696626240381157,1.5215152780937997e-4
MA31.csv,SMD,734,212,yang2023_gated_beta0_c3,Yang 2023 (primary),se_beta0,NA,primary,z_1.96,0.32445799014650084,0.04600530787934395,0.9999998234597456,1.0000001320725767,1.0062806136567166e-19
MA32.csv,SMD,13,7,yang2023_gated_beta0_c3,Yang 2023 (primary),se_beta0,NA,primary,z_1.96,1.2905504034916613,0.28544754390376886,0.9947841857732664,1.0033382620183458,4.576342285544541e-11
MA14_01.csv,SMD,104,20,yang2023_gated_beta0_c3,Yang 2023 (primary),se_beta0,NA,primary,z_1.96,-0.2513902545652648,0.06417018668242591,0.9748610081262011,1.0153747626847125,2.1359979713834632e-9
MA14_02.csv,SMD,167,17,yang2023_gated_beta0_c3,Yang 2023 (primary),se_beta0,NA,primary,z_1.96,-0.23607219737444507,0.04459940983192463,0.9995707411634385,1.0002916217812952,2.0370792797041127e-13
MA18.csv,SMD,23,23,yang2023_gated_beta0_c3,Yang 2023 (primary),se_beta0,NA,primary,z_1.96,0.5382261059102695,0.16735016199267433,0.895478966967122,1.0629284887383792,1.2648771320960268e-7
MA39_1.csv,SMD,37,21,yang2023_gated_beta0_c3,Yang 2023 (primary),se_beta0,NA,primary,z_1.96,6.49213943645363e-5,0.11829107731418058,0.05000003450386037,4259.631579854067,0.4993584751387011
MA39_2.csv,SMD,15,11,yang2023_gated_beta0_c3,Yang 2023 (primary),se_beta0,NA,primary,z_1.96,0.05200886324054964,0.2519697603594166,0.054894750365632516,11.384810283199583,0.2758249671651442
MA17.csv,Zr,66,22,yang2023_gated_beta0_c3,Yang 2023 (primary),se_beta0,NA,primary,z_1.96,-0.05101777113436367,0.04475894647980437,0.2070392820314224,2.212199759388985,0.004676712566881118
MA34.csv,Zr,555,23,yang2023_gated_beta0_c3,Yang 2023 (primary),se_beta0,NA,primary,z_1.96,0.06792939745298551,0.02969617669239383,0.6283718322406804,1.2630523073068465,1.720506927739634e-5
MA41_01.csv,Zr,110,24,yang2023_gated_beta0_c3,Yang 2023 (primary),se_beta0,NA,primary,z_1.96,-0.1309901103404929,0.06352594507633753,0.5406623876361755,1.3559917063833162,5.3375622323992296e-5
MA41_02.csv,Zr,184,27,yang2023_gated_beta0_c3,Yang 2023 (primary),se_beta0,NA,primary,z_1.96,-0.07534470339803352,0.09617534534788812,0.12272730852092184,3.1235329889967813,0.024775019696792206
MA41_03.csv,Zr,129,36,yang2023_gated_beta0_c3,Yang 2023 (primary),se_beta0,NA,primary,z_1.96,-0.05900558281795307,0.0743938830795319,0.12459450918611892,3.0875670829042545,0.023689309945104618
MA41_04.csv,Zr,104,20,yang2023_gated_beta0_c3,Yang 2023 (primary),se_beta0,NA,primary,z_1.96,0.24512817572299164,0.07304969491028543,0.918593389341217,1.0488686824468862,5.786376228083103e-8
MA43.csv,Zr,13,8,yang2023_gated_beta0_c3,Yang 2023 (primary),se_beta0,NA,primary,z_1.96,0.04881817145103004,0.08404385229021741,0.0894616828249919,4.146919356338748,0.06180850079187572
MA45_01.csv,Zr,28,25,yang2023_gated_beta0_c3,Yang 2023 (primary),se_beta0,NA,primary,z_1.96,0.49366752420765586,0.03551654778484713,1,1,6.031812924633213e-57
MA45_02.csv,Zr,11,10,yang2023_gated_beta0_c3,Yang 2023 (primary),se_beta0,NA,primary,z_1.96,0.2811670354303105,0.17386793342332124,0.36603536246746604,1.6356791412736023,4.745926707531935e-4
MA47_1.csv,Zr,65,25,yang2023_gated_beta0_c3,Yang 2023 (primary),se_beta0,NA,primary,z_1.96,0.00873540809099919,0.05010860887758607,0.053488611411264264,13.460746050968277,0.30678273809086426
MA47_2.csv,Zr,38,26,yang2023_gated_beta0_c3,Yang 2023 (primary),se_beta0,NA,primary,z_1.96,0.31697858256479317,0.07460581772359097,0.9889529818723396,1.0069180041185029,2.701498154394226e-10
MA09.csv,lnRR,1297,126,yang2024_FE_VCV,Yang 2024 FE + VCV,own_CRVE,CR2_Satterthwaite,reported_sensitivity,z_1.96,-0.12739276794999974,0.15070137388923802,0.1350177004755828,2.909148287476244,0.018616195131481595
MA20_cleaned.csv,lnRR,29,8,yang2024_FE_VCV,Yang 2024 FE + VCV,own_CRVE,CR2_Satterthwaite,reported_sensitivity,z_1.96,0.08431147702569239,0.10463293570213118,0.1270526852949162,3.042233479680502,0.022349987969647732
MA22_01.csv,lnRR,92,30,yang2024_FE_VCV,Yang 2024 FE + VCV,own_CRVE,CR2_Satterthwaite,reported_sensitivity,z_1.96,0.0569336357098875,0.03116536053059729,0.44711773068359606,1.4841424339060205,1.7065646713297343e-4
MA22_02.csv,lnRR,92,30,yang2024_FE_VCV,Yang 2024 FE + VCV,own_CRVE,CR2_Satterthwaite,reported_sensitivity,z_1.96,-0.00177403085824112,0.02899142344579986,0.050429035375350595,38.2231003309972,0.42895589948540064
MA22_03.csv,lnRR,92,30,yang2024_FE_VCV,Yang 2024 FE + VCV,own_CRVE,CR2_Satterthwaite,reported_sensitivity,z_1.96,0.04832243289955773,0.0319301223026108,0.3278450139902591,1.7281189719748644,7.839293290423857e-4
MA01_01.csv,SMD,22,20,yang2024_FE_VCV,Yang 2024 FE + VCV,own_CRVE,CR2_Satterthwaite,reported_sensitivity,z_1.96,-1.4072791836527625,0.15154998754213558,0.9999999999998814,1.0000000000000953,1.2134378440518127e-29
MA01_02.csv,SMD,14,13,yang2024_FE_VCV,Yang 2024 FE + VCV,own_CRVE,CR2_Satterthwaite,reported_sensitivity,z_1.96,-1.3538451313364777,0.1739358830913558,0.9999999971207356,1.0000000022144757,9.828120580262925e-23
MA01_03.csv,SMD,16,11,yang2024_FE_VCV,Yang 2024 FE + VCV,own_CRVE,CR2_Satterthwaite,reported_sensitivity,z_1.96,1.5546444855747892,0.16630238204074982,0.9999999999999256,1.00000000000006,5.9714843559047294e-30
MA05_01.csv,SMD,17,9,yang2024_FE_VCV,Yang 2024 FE + VCV,own_CRVE,CR2_Satterthwaite,reported_sensitivity,z_1.96,0.29008980760634995,0.28509655020539515,0.1744343731468011,2.4517134936036187,0.00833064771197589
MA05_02.csv,SMD,16,10,yang2024_FE_VCV,Yang 2024 FE + VCV,own_CRVE,CR2_Satterthwaite,reported_sensitivity,z_1.96,-0.5092129029248362,0.22728002030674885,0.6104667003768744,1.2804294851806013,2.1820180033397757e-5
MA05_03.csv,SMD,4,4,yang2024_FE_VCV,Yang 2024 FE + VCV,own_CRVE,CR2_Satterthwaite,reported_sensitivity,z_1.96,1.4649616153614824,0.6494461327055177,0.616300119088098,1.2746886657436671,2.0203970916949892e-5
MA06_01.csv,SMD,33,9,yang2024_FE_VCV,Yang 2024 FE + VCV,own_CRVE,CR2_Satterthwaite,reported_sensitivity,z_1.96,0.4317185414030304,0.2579314373519675,0.3875053979263595,1.5905195647950177,3.6044167983628414e-4
MA06_02.csv,SMD,13,6,yang2024_FE_VCV,Yang 2024 FE + VCV,own_CRVE,CR2_Satterthwaite,reported_sensitivity,z_1.96,0.6717744862411751,0.18487777401172725,0.9529003195005581,1.0283969409841596,1.1671583774008627e-8
MA08.csv,SMD,531,176,yang2024_FE_VCV,Yang 2024 FE + VCV,own_CRVE,CR2_Satterthwaite,reported_sensitivity,z_1.96,0.23811966554452196,0.0337685699522012,0.9999998224292979,1.000000132837355,1.0164562812892106e-19
MA10.csv,SMD,32,32,yang2024_FE_VCV,Yang 2024 FE + VCV,own_CRVE,CR2_Satterthwaite,reported_sensitivity,z_1.96,0.3856950980061035,0.1383073269314048,0.7963689166618406,1.127428039091466,1.2857322932165668e-6
MA12.csv,SMD,70,16,yang2024_FE_VCV,Yang 2024 FE + VCV,own_CRVE,CR2_Satterthwaite,reported_sensitivity,z_1.96,0.2988582460938461,0.14829037970623438,0.5221229758470426,1.3785517327114665,6.730599679540492e-5
MA13_01.csv,SMD,43,24,yang2024_FE_VCV,Yang 2024 FE + VCV,own_CRVE,CR2_Satterthwaite,reported_sensitivity,z_1.96,-0.7058559976175514,0.25784437662795934,0.7815880437762776,1.1378111549420489,1.6848807652338984e-6
MA13_02.csv,SMD,37,20,yang2024_FE_VCV,Yang 2024 FE + VCV,own_CRVE,CR2_Satterthwaite,reported_sensitivity,z_1.96,-0.3607838934200846,0.15812250834717043,0.626174605986832,1.2651464136009107,1.7718314267173085e-5
MA13_03.csv,SMD,14,9,yang2024_FE_VCV,Yang 2024 FE + VCV,own_CRVE,CR2_Satterthwaite,reported_sensitivity,z_1.96,0.8394222389158493,0.23444636217677636,0.9474354901366112,1.0316376242366665,1.59254396177008e-8
MA15_01.csv,SMD,5,3,yang2024_FE_VCV,Yang 2024 FE + VCV,own_CRVE,CR2_Satterthwaite,reported_sensitivity,z_1.96,-0.6348814481088605,0.2993251949484166,0.5640066244428164,1.32918788187776,3.9752291460691365e-5
MA15_02.csv,SMD,9,4,yang2024_FE_VCV,Yang 2024 FE + VCV,own_CRVE,CR2_Satterthwaite,reported_sensitivity,z_1.96,-1.1411922556996148,0.19002557093188588,0.9999738945299322,1.0000185576381642,8.232674209736667e-16
MA15_03.csv,SMD,11,5,yang2024_FE_VCV,Yang 2024 FE + VCV,own_CRVE,CR2_Satterthwaite,reported_sensitivity,z_1.96,-0.8949985406326008,0.2219381036576933,0.9808992138731252,1.011771324884104,1.0525825529070314e-9
MA15_04.csv,SMD,11,5,yang2024_FE_VCV,Yang 2024 FE + VCV,own_CRVE,CR2_Satterthwaite,reported_sensitivity,z_1.96,0.3029241000845503,0.22592738274007113,0.2683872422545347,1.916427619966203,0.0017963026862847027
MA21.csv,SMD,11,6,yang2024_FE_VCV,Yang 2024 FE + VCV,own_CRVE,CR2_Satterthwaite,reported_sensitivity,z_1.96,-0.2585414372588214,0.2277910672138578,0.205678449180564,2.2206693404995814,0.004785162140756453
MA23.csv,SMD,24,22,yang2024_FE_VCV,Yang 2024 FE + VCV,own_CRVE,CR2_Satterthwaite,reported_sensitivity,z_1.96,-0.509965353263902,0.1302134393565078,0.9747919382983021,1.0154158715290365,2.1513589691706485e-9
MA24.csv,SMD,139,54,yang2024_FE_VCV,Yang 2024 FE + VCV,own_CRVE,CR2_Satterthwaite,reported_sensitivity,z_1.96,0.30632072363658036,0.06129545053533913,0.9988071830642326,1.0007928936020747,1.7349918753556553e-12
MA25.csv,SMD,43,22,yang2024_FE_VCV,Yang 2024 FE + VCV,own_CRVE,CR2_Satterthwaite,reported_sensitivity,z_1.96,0.5681442160056683,0.14460909785281031,0.9755156250512547,1.0149850455358869,1.9939693904112244e-9
MA26.csv,SMD,459,71,yang2024_FE_VCV,Yang 2024 FE + VCV,own_CRVE,CR2_Satterthwaite,reported_sensitivity,z_1.96,0.1261713256704681,0.04327490532405412,0.8303666919256478,1.1043798773473625,6.533894920263814e-7
MA28_01.csv,SMD,84,42,yang2024_FE_VCV,Yang 2024 FE + VCV,own_CRVE,CR2_Satterthwaite,reported_sensitivity,z_1.96,-0.6565015394081448,0.08391389821109409,0.9999999977346257,1.0000000017447048,6.628756300459772e-23
MA28_02.csv,SMD,84,41,yang2024_FE_VCV,Yang 2024 FE + VCV,own_CRVE,CR2_Satterthwaite,reported_sensitivity,z_1.96,-0.6559782566368503,0.08503258098964406,0.9999999956543053,1.0000000033343242,1.9368184610075566e-22
MA31.csv,SMD,734,212,yang2024_FE_VCV,Yang 2024 FE + VCV,own_CRVE,CR2_Satterthwaite,reported_sensitivity,z_1.96,0.2481806442302342,0.03981142904367553,0.9999903975827747,1.000006912250497,1.2648200799536998e-16
MA32.csv,SMD,13,7,yang2024_FE_VCV,Yang 2024 FE + VCV,own_CRVE,CR2_Satterthwaite,reported_sensitivity,z_1.96,1.1740011911431116,0.24435475642824064,0.9977761568216703,1.0014561747380275,6.7053272401689836e-12
MA14_01.csv,SMD,104,20,yang2024_FE_VCV,Yang 2024 FE + VCV,own_CRVE,CR2_Satterthwaite,reported_sensitivity,z_1.96,-0.2646476965342758,0.06188901479151431,0.9897263777301962,1.0064474903562004,2.2659224706543467e-10
MA14_02.csv,SMD,167,17,yang2024_FE_VCV,Yang 2024 FE + VCV,own_CRVE,CR2_Satterthwaite,reported_sensitivity,z_1.96,-0.23033060722423032,0.03459408770407658,0.9999986872136168,1.000000965159939,3.4050335064474913e-18
MA18.csv,SMD,23,23,yang2024_FE_VCV,Yang 2024 FE + VCV,own_CRVE,CR2_Satterthwaite,reported_sensitivity,z_1.96,1.0409638825024343,0.1765224181477969,0.9999587637685257,1.0000291304222308,1.966866286890282e-15
MA39_1.csv,SMD,37,21,yang2024_FE_VCV,Yang 2024 FE + VCV,own_CRVE,CR2_Satterthwaite,reported_sensitivity,z_1.96,-0.06775623379617997,0.10099735964282404,0.10294170469881603,3.615409834101316,0.04137064627266727
MA39_2.csv,SMD,15,11,yang2024_FE_VCV,Yang 2024 FE + VCV,own_CRVE,CR2_Satterthwaite,reported_sensitivity,z_1.96,-0.05881185847052301,0.1504357489763767,0.06768541577144693,6.0770440253784255,0.1383436590706495
MA17.csv,Zr,66,22,yang2024_FE_VCV,Yang 2024 FE + VCV,own_CRVE,CR2_Satterthwaite,reported_sensitivity,z_1.96,0.07427262557204263,0.05691645051017974,0.256774070317618,1.96223077257395,0.0021322381717119076
MA34.csv,Zr,555,23,yang2024_FE_VCV,Yang 2024 FE + VCV,own_CRVE,CR2_Satterthwaite,reported_sensitivity,z_1.96,0.15455189430386945,0.05397862011306015,0.816801902674476,1.1134439441801423,8.649260543526745e-7
MA41_01.csv,Zr,110,24,yang2024_FE_VCV,Yang 2024 FE + VCV,own_CRVE,CR2_Satterthwaite,reported_sensitivity,z_1.96,0.1545591620608431,0.05855195814794597,0.75166391275098,1.1595889922545362,2.815010049080034e-6
MA41_02.csv,Zr,184,27,yang2024_FE_VCV,Yang 2024 FE + VCV,own_CRVE,CR2_Satterthwaite,reported_sensitivity,z_1.96,0.1047967813375701,0.10186332392263638,0.1772843999649827,2.4271713881279213,0.007900025813510129
MA41_03.csv,Zr,129,36,yang2024_FE_VCV,Yang 2024 FE + VCV,own_CRVE,CR2_Satterthwaite,reported_sensitivity,z_1.96,0.20381732808908465,0.06641490921834833,0.8662603534636718,1.0811476144781393,2.8485975415155556e-7
MA41_04.csv,Zr,104,20,yang2024_FE_VCV,Yang 2024 FE + VCV,own_CRVE,CR2_Satterthwaite,reported_sensitivity,z_1.96,0.2525229716707218,0.07208341059348337,0.9386138810503988,1.0368808595154773,2.491486247361233e-8
MA43.csv,Zr,13,8,yang2024_FE_VCV,Yang 2024 FE + VCV,own_CRVE,CR2_Satterthwaite,reported_sensitivity,z_1.96,0.08359503029017488,0.08290982922993591,0.172122291726459,2.4722508073335225,0.00870083922529056
MA45_01.csv,Zr,28,25,yang2024_FE_VCV,Yang 2024 FE + VCV,own_CRVE,CR2_Satterthwaite,reported_sensitivity,z_1.96,0.621237526429446,0.04396813005935175,1,1,1.517880609714927e-58
MA45_02.csv,Zr,11,10,yang2024_FE_VCV,Yang 2024 FE + VCV,own_CRVE,CR2_Satterthwaite,reported_sensitivity,z_1.96,1.1253054900947717,0.26647322725988853,0.9881819993501963,1.0073860718426961,3.183899983587119e-10
MA47_1.csv,Zr,65,25,yang2024_FE_VCV,Yang 2024 FE + VCV,own_CRVE,CR2_Satterthwaite,reported_sensitivity,z_1.96,0.04888019510515651,0.04955847041372834,0.16672320679369945,2.522562420514592,0.009645435623699107
MA47_2.csv,Zr,38,26,yang2024_FE_VCV,Yang 2024 FE + VCV,own_CRVE,CR2_Satterthwaite,reported_sensitivity,z_1.96,0.3022545315892349,0.06897920954999459,0.9922792823098067,1.0048861661863535,1.1444284288098927e-10
MA09.csv,lnRR,1297,126,yang2024_UWLS,Yang 2024 UWLS,own_CRVE,CR2_naive_t,supplementary,z_1.96,-0.03027560950179792,0.10894103255270383,0.05889370919487391,8.487635789417457,0.2141942646575636
MA20_cleaned.csv,lnRR,29,8,yang2024_UWLS,Yang 2024 UWLS,own_CRVE,CR2_naive_t,supplementary,z_1.96,0.06808764027783626,0.0778015610759703,0.14129140151292352,2.8168635507523727,0.01621120154785478
MA22_01.csv,lnRR,92,30,yang2024_UWLS,Yang 2024 UWLS,own_CRVE,CR2_naive_t,supplementary,z_1.96,0.02829054751702341,0.03072083155155606,0.15136846271357318,2.687017977077674,0.013100405493936065
MA22_02.csv,lnRR,92,30,yang2024_UWLS,Yang 2024 UWLS,own_CRVE,CR2_naive_t,supplementary,z_1.96,0.01470340327888769,0.02189321664776422,0.10305869032740655,3.6117100627898004,0.04123562345689844
MA22_03.csv,lnRR,92,30,yang2024_UWLS,Yang 2024 UWLS,own_CRVE,CR2_naive_t,supplementary,z_1.96,0.026795423631243,0.02122691757146606,0.24333961776698132,2.0202157191327696,0.002612964587442832
MA01_01.csv,SMD,22,20,yang2024_UWLS,Yang 2024 UWLS,own_CRVE,CR2_naive_t,supplementary,z_1.96,-1.422219386625735,0.16010421609801612,0.9999999999977911,1.0000000000017562,1.0758871434658117e-27
MA01_02.csv,SMD,14,13,yang2024_UWLS,Yang 2024 UWLS,own_CRVE,CR2_naive_t,supplementary,z_1.96,-1.368395614136234,0.1695447028904896,0.9999999995050737,1.000000000384296,5.571064059669045e-24
MA01_03.csv,SMD,16,11,yang2024_UWLS,Yang 2024 UWLS,own_CRVE,CR2_naive_t,supplementary,z_1.96,1.5736747238246525,0.18897472941251925,0.9999999999039146,1.0000000000752025,4.015843282907969e-25
MA05_01.csv,SMD,17,9,yang2024_UWLS,Yang 2024 UWLS,own_CRVE,CR2_naive_t,supplementary,z_1.96,0.17874448197943507,0.363075735651031,0.07819651775955883,4.860683850203977,0.09077001146468809
MA05_02.csv,SMD,16,10,yang2024_UWLS,Yang 2024 UWLS,own_CRVE,CR2_naive_t,supplementary,z_1.96,-0.573452886234062,0.2788060490085451,0.5386077461762977,1.3584339333428066,5.476957021164286e-5
MA05_03.csv,SMD,4,4,yang2024_UWLS,Yang 2024 UWLS,own_CRVE,CR2_naive_t,supplementary,z_1.96,1.4649616153614824,0.6494461327055179,0.6163001190880978,1.2746886657436673,2.0203970916949987e-5
MA06_01.csv,SMD,33,9,yang2024_UWLS,Yang 2024 UWLS,own_CRVE,CR2_naive_t,supplementary,z_1.96,0.2867776140738425,0.32300778694724763,0.14403218398879025,2.7794846446557995,0.015282252114182836
MA06_02.csv,SMD,13,6,yang2024_UWLS,Yang 2024 UWLS,own_CRVE,CR2_naive_t,supplementary,z_1.96,0.6516846916320689,0.20071105122022992,0.9009383092889652,1.0595826085428734,1.0659968998484417e-7
MA08.csv,SMD,531,176,yang2024_UWLS,Yang 2024 UWLS,own_CRVE,CR2_naive_t,supplementary,z_1.96,0.2259384304751847,0.03305199196300224,0.9999994583918761,1.0000004014243828,7.10079329689157e-19
MA10.csv,SMD,32,32,yang2024_UWLS,Yang 2024 UWLS,own_CRVE,CR2_naive_t,supplementary,z_1.96,0.3856950980061035,0.1383073269314048,0.7963689166618406,1.127428039091466,1.2857322932165668e-6
MA12.csv,SMD,70,16,yang2024_UWLS,Yang 2024 UWLS,own_CRVE,CR2_naive_t,supplementary,z_1.96,0.3231280300834984,0.12269122230772744,0.749752641445652,1.1610167861434368,2.9049305282308094e-6
MA13_01.csv,SMD,43,24,yang2024_UWLS,Yang 2024 UWLS,own_CRVE,CR2_naive_t,supplementary,z_1.96,-0.8663723158925489,0.3148664258638936,0.7857016611560652,1.1348978582193245,1.5646974777583118e-6
MA13_02.csv,SMD,37,20,yang2024_UWLS,Yang 2024 UWLS,own_CRVE,CR2_naive_t,supplementary,z_1.96,-0.3789833466959041,0.17805667299884512,0.5669181990848642,1.3259607876451094,3.830773417716537e-5
MA13_03.csv,SMD,14,9,yang2024_UWLS,Yang 2024 UWLS,own_CRVE,CR2_naive_t,supplementary,z_1.96,0.8798308499433414,0.2560565415083653,0.930043705504496,1.0419949330370417,3.662522551380433e-8
MA15_01.csv,SMD,5,3,yang2024_UWLS,Yang 2024 UWLS,own_CRVE,CR2_naive_t,supplementary,z_1.96,-0.7168624485333441,0.23314074611010013,0.8675410680854458,1.080337032023611,2.757357633303964e-7
MA15_02.csv,SMD,9,4,yang2024_UWLS,Yang 2024 UWLS,own_CRVE,CR2_naive_t,supplementary,z_1.96,-1.1944816705647263,0.1468785260961419,0.9999999996638689,1.0000000002615053,2.9842949811213945e-24
MA15_03.csv,SMD,11,5,yang2024_UWLS,Yang 2024 UWLS,own_CRVE,CR2_naive_t,supplementary,z_1.96,-0.9297257314358126,0.18628420648865004,0.9987810129881026,1.0008098839169588,1.8175023617499152e-12
MA15_04.csv,SMD,11,5,yang2024_UWLS,Yang 2024 UWLS,own_CRVE,CR2_naive_t,supplementary,z_1.96,0.4042859439963559,0.1373150136058503,0.8375062429985036,1.0996749793018454,5.60087529101952e-7
MA21.csv,SMD,11,6,yang2024_UWLS,Yang 2024 UWLS,own_CRVE,CR2_naive_t,supplementary,z_1.96,-0.10719300548278024,0.346899389008342,0.06100844882001455,7.647662719779441,0.19071394806496958
MA23.csv,SMD,24,22,yang2024_UWLS,Yang 2024 UWLS,own_CRVE,CR2_naive_t,supplementary,z_1.96,-0.5087582694102231,0.12351724731821512,0.9845734021735627,1.0095660001942384,6.145715294025906e-10
MA24.csv,SMD,139,54,yang2024_UWLS,Yang 2024 UWLS,own_CRVE,CR2_naive_t,supplementary,z_1.96,0.34800345224543505,0.07554593084505248,0.9959341362813771,1.0026203386865804,2.586464540337121e-11
MA25.csv,SMD,43,22,yang2024_UWLS,Yang 2024 UWLS,own_CRVE,CR2_naive_t,supplementary,z_1.96,0.6322531290590482,0.17821731427268386,0.9438216406654705,1.0337834406602018,1.926870425889607e-8
MA26.csv,SMD,459,71,yang2024_UWLS,Yang 2024 UWLS,own_CRVE,CR2_naive_t,supplementary,z_1.96,0.19975353102888055,0.04496536539126774,0.9934753773837455,1.004149385710759,7.700390218368074e-11
MA28_01.csv,SMD,84,42,yang2024_UWLS,Yang 2024 UWLS,own_CRVE,CR2_naive_t,supplementary,z_1.96,-0.5952560685887879,0.08873306944803204,0.9999989749726022,1.00000075535869,2.1920547670453453e-18
MA28_02.csv,SMD,84,41,yang2024_UWLS,Yang 2024 UWLS,own_CRVE,CR2_naive_t,supplementary,z_1.96,-0.594060160056392,0.09232967912427936,0.9999961642996509,1.0000027896845245,2.347727427230822e-17
MA31.csv,SMD,734,212,yang2024_UWLS,Yang 2024 UWLS,own_CRVE,CR2_naive_t,supplementary,z_1.96,0.18872222150191176,0.04325556402442524,0.9918692797253285,1.0051378748793882,1.293831917690517e-10
MA32.csv,SMD,13,7,yang2024_UWLS,Yang 2024 UWLS,own_CRVE,CR2_naive_t,supplementary,z_1.96,1.2062738980798524,0.20543096454331805,0.9999542239368975,1.000032289496403,2.403201765010698e-15
MA14_01.csv,SMD,104,20,yang2024_UWLS,Yang 2024 UWLS,own_CRVE,CR2_naive_t,supplementary,z_1.96,-0.27904900788693476,0.06677660266882926,0.9867525574555661,1.0082515716646068,4.21295949837919e-10
MA14_02.csv,SMD,167,17,yang2024_UWLS,Yang 2024 UWLS,own_CRVE,CR2_naive_t,supplementary,z_1.96,-0.24626830801922392,0.02883174529595104,0.99999999997673,1.0000000000183271,4.249480832589171e-26
MA18.csv,SMD,23,23,yang2024_UWLS,Yang 2024 UWLS,own_CRVE,CR2_naive_t,supplementary,z_1.96,1.0409638825024343,0.176522418147797,0.9999587637685257,1.0000291304222308,1.966866286890338e-15
MA39_1.csv,SMD,37,21,yang2024_UWLS,Yang 2024 UWLS,own_CRVE,CR2_naive_t,supplementary,z_1.96,-0.15662802832839764,0.1200661770851627,0.2566374207847768,1.9627922892099705,0.002136592598483947
MA39_2.csv,SMD,15,11,yang2024_UWLS,Yang 2024 UWLS,own_CRVE,CR2_naive_t,supplementary,z_1.96,-0.07298753090518058,0.13203431579162225,0.08567782378885047,4.3483061252186515,0.06990847298739687
MA17.csv,Zr,66,22,yang2024_UWLS,Yang 2024 UWLS,own_CRVE,CR2_naive_t,supplementary,z_1.96,0.06146325216148728,0.03601714509961483,0.4000777444263337,1.5659492814059515,3.0734988273419493e-4
MA34.csv,Zr,555,23,yang2024_UWLS,Yang 2024 UWLS,own_CRVE,CR2_naive_t,supplementary,z_1.96,0.14511265722883634,0.01921667652042343,0.9999999887395166,1.0000000085896827,9.40966091183474e-22
MA41_01.csv,Zr,110,24,yang2024_UWLS,Yang 2024 UWLS,own_CRVE,CR2_naive_t,supplementary,z_1.96,0.11391487446374109,0.07318144011185483,0.3435620575440894,1.6879632719546211,6.362122303586573e-4
MA41_02.csv,Zr,184,27,yang2024_UWLS,Yang 2024 UWLS,own_CRVE,CR2_naive_t,supplementary,z_1.96,0.02082485940868189,0.1671976585476724,0.05177897323809777,18.80652047507377,0.35838125672789384
MA41_03.csv,Zr,129,36,yang2024_UWLS,Yang 2024 UWLS,own_CRVE,CR2_naive_t,supplementary,z_1.96,0.28889114662206705,0.1006443749545266,0.8187083899150619,1.1121598146490637,8.322454209942726e-7
MA41_04.csv,Zr,104,20,yang2024_UWLS,Yang 2024 UWLS,own_CRVE,CR2_naive_t,supplementary,z_1.96,0.17949963151596868,0.06927612278138569,0.7360187074487271,1.1714153500186564,3.626378544622185e-6
MA43.csv,Zr,13,8,yang2024_UWLS,Yang 2024 UWLS,own_CRVE,CR2_naive_t,supplementary,z_1.96,0.0651961700062466,0.09272015717901816,0.1082815440798367,3.4581140881514627,0.03574995419638826
MA45_01.csv,Zr,28,25,yang2024_UWLS,Yang 2024 UWLS,own_CRVE,CR2_naive_t,supplementary,z_1.96,0.6271707858018328,0.04511843308347538,1,1,5.946356367399672e-57
MA45_02.csv,Zr,11,10,yang2024_UWLS,Yang 2024 UWLS,own_CRVE,CR2_naive_t,supplementary,z_1.96,1.1030766991968988,0.2637016968723344,0.9868949127561729,1.0081655040820767,4.1023351656236187e-10
MA47_1.csv,Zr,65,25,yang2024_UWLS,Yang 2024 UWLS,own_CRVE,CR2_naive_t,supplementary,z_1.96,0.02565909879586108,0.03755644434388478,0.10495190142983979,3.5534961667393787,0.03912829661541882
MA47_2.csv,Zr,38,26,yang2024_UWLS,Yang 2024 UWLS,own_CRVE,CR2_naive_t,supplementary,z_1.96,0.2906909477993496,0.06131663370617648,0.997289187238544,1.0017660573896225,1.0393593316870105e-11
