analysis,level,metric,scenario_label,n_units,model_median,ci_lower_raw,ci_upper,ci_lower_floored,legacy_lognormal_mean,arith_mean_unweighted,arith_mean_kweighted,min,q1,median_raw,q3,max,n_at_bound,grouping
B1 correction sensitivity,meta-analysis,power,uncorrected,48,0.8220737046105893,0.7171736480520882,0.9423173559816781,0.7171736480520882,1.1371850969144004,0.710038425457268,0.8857097503950125,0.0539316785204883,0.3623751639861593,0.9129258088815501,0.9998999782868563,1,16,NA
B1 correction sensitivity,meta-analysis,type_M,uncorrected,48,1.1073891194722347,1.0237584733648963,1.1978515380633141,1.0237584733648963,1.2951953243332128,1.7893541666666666,1.1749871080139374,0.998,1.001,1.0495,1.6465,12.689,44,NA
B1 correction sensitivity,meta-analysis,type_S,uncorrected,48,5.830502574538377e-4,-7.099687873945333e-4,0.001944899936388543,0,0.004250358270253073,0.013462737114737378,0.001625697414195957,7.970070141940813e-93,1.1008920415043813e-14,7.223375990578843e-8,5.279446924038867e-4,0.2962281539428636,0,NA
B1 correction sensitivity,primary-study,power,uncorrected,5740,0.17153779868105995,0.16427594060972675,0.1791206689618041,0.16427594060972675,0.23104841916222174,0.22664490670695409,NA,0.05000645922206981,0.09185026465630813,0.13577740746176875,0.26135497577915895,1,69,study
B1 correction sensitivity,primary-study,type_M,uncorrected,5740,2.857181592380678,2.764568627848487,2.952897088393925,2.764568627848487,3.482048297801396,3.8549203832752617,NA,0.996,1.9427500000000002,2.9074999999999998,4.04025,312.815,5730,study
B1 correction sensitivity,primary-study,type_S,uncorrected,5740,0.026914000083800918,0.024972145604911566,0.028931312575780105,0.024972145604911566,0.043794157427432485,0.049893905409411514,NA,0,0.0019919124967934733,0.018302348059628173,0.057336105038322434,0.49122343371856075,0,study
B1 correction sensitivity,meta-analysis,power,corrected_error_model,48,0.32516079796378894,0.2275922520763543,0.4645568711933878,0.2275922520763543,0.5754013822563706,0.6552847148641862,0.5649548865346796,0.05000003450386037,0.21407358725220857,0.9649638345116438,0.9999999999217197,1,20,NA
B1 correction sensitivity,meta-analysis,type_M,corrected_error_model,48,2.1843985545423346,1.6041617834786166,2.974511108685969,1.6041617834786166,5.776505136136266,92.00416666666666,30.56667961672474,0.998,1.00075,1.0205,2.1734999999999998,4261.237,47,NA
B1 correction sensitivity,meta-analysis,type_S,corrected_error_model,48,0.02335295153108429,0.01161605331451547,0.03885199141166166,0.01161605331451547,0.04117757383128646,0.03630132014020773,0.05607343940454371,0,3.414172221721399e-25,5.169782802524159e-9,0.004167879330135742,0.4993584751387011,0,NA
B1 correction sensitivity,primary-study,power,corrected_error_model,5740,0.15985050015984031,0.15167802144386547,0.1684633156347422,0.15167802144386547,0.23246559030900968,0.17855095837182708,NA,0.05000000090330303,0.05174775254491337,0.08677766396098258,0.18164174931459107,1,66,study
B1 correction sensitivity,primary-study,type_M,corrected_error_model,5740,4.473795640811164,4.1220266814669975,4.855584153719705,4.1220266814669975,13.55241036936569,122.36709337979082,NA,0.996,2.394,4.283,19.045250000000003,26350.083,5730,study
B1 correction sensitivity,primary-study,type_S,corrected_error_model,5740,0.043982352987662836,0.03998917632319778,0.04822088527556786,0.03998917632319778,0.111733630749661,0.16776730613087612,NA,0,0.007292055784096195,0.06741291785829007,0.3595613903563208,0.4998962001815142,0,study
B1 correction sensitivity,meta-analysis,power,corrected_variance_model,48,0.39835662402407546,0.3032360918604898,0.5233150148131654,0.3032360918604898,0.6937278952170108,0.4433608043235465,0.5403261128011121,0.05000003450386037,0.11390920448712366,0.32441181654663087,0.7971949901675974,1,7,NA
B1 correction sensitivity,meta-analysis,type_M,corrected_variance_model,48,2.1461476311905763,1.4593624485418075,3.1561382571322008,1.4593624485418075,5.978527549699938,92.97039583333331,35.14750261324041,0.998,1.13075,1.7415,3.3337499999999998,4239.257,46,NA
B1 correction sensitivity,meta-analysis,type_S,corrected_variance_model,48,0.011751317821954092,0.0032325139850773385,0.02284056291849139,0.0032325139850773385,0.03238141151096534,0.058141113572268185,0.04927919109869366,9.622871143476194e-146,1.2661152491835971e-6,8.378087583203141e-4,0.03163234280924053,0.4993584751387011,0,NA
B1 correction sensitivity,primary-study,power,corrected_variance_model,5740,0.09055482036268221,0.08737245506940365,0.09385309688738741,0.08737245506940365,0.10983349816013378,0.11446714146278902,NA,0.05000000090330303,0.05595666298758786,0.06851177605809577,0.10722813148735577,1,25,study
B1 correction sensitivity,primary-study,type_M,corrected_variance_model,5740,7.904115101555331,7.237617597804643,8.63198900665674,7.237617597804643,28.23892057366843,161.31761567944233,NA,0.997,3.4850000000000003,5.9345,10.3215,26097.582,5738,study
B1 correction sensitivity,primary-study,type_S,corrected_variance_model,5740,0.10093834418823741,0.09475636730302359,0.10743944262890573,0.09475636730302359,0.17056412179585853,0.1689321875114609,NA,4.616103574364896e-99,0.03677637305990844,0.13342513953099322,0.25644109755719463,0.4998962001815142,0,study
B1 correction sensitivity,meta-analysis,power,corrected_reported,48,0.3903771039959561,0.29635898397792376,0.5142219118136186,0.29635898397792376,0.6941176237899098,0.40608145754710545,0.5337045120758701,0.05000003450386037,0.09341367445794788,0.2613870909145822,0.6611709368538004,1,4,NA
B1 correction sensitivity,meta-analysis,type_M,corrected_reported,48,2.1761260781165612,1.4787108138289853,3.2024684364056024,1.4787108138289853,6.214490116238163,93.93679166666668,35.323571428571434,0.998,1.2305,1.9575,3.9455,4264.118,47,NA
B1 correction sensitivity,meta-analysis,type_S,corrected_reported,48,0.012225245985474795,0.0035094830874761555,0.02360554414218178,0.0035094830874761555,0.03708093217044862,0.07007059553837987,0.05060516858564434,6.031812924633213e-57,1.1168105980575671e-5,0.0021950024574868927,0.05468571892174613,0.4993584751387011,0,NA
B1 correction sensitivity,primary-study,power,corrected_reported,5740,0.08774295651913867,0.08486580350985168,0.09071765187288586,0.08486580350985168,0.1033940998947621,0.1061631333170593,NA,0.05000000090330303,0.05586307825853909,0.06810376475671787,0.1039884319508636,1,6,study
B1 correction sensitivity,primary-study,type_M,corrected_reported,5740,8.123781913774943,7.440706119385387,8.86956580782527,7.440706119385387,28.407059868280516,161.60068885017444,NA,0.999,3.58275,5.9990000000000006,10.4325,26294.047,5740,study
B1 correction sensitivity,primary-study,type_S,corrected_reported,5740,0.10431253331335777,0.09806014870847785,0.11088258625894437,0.09806014870847785,0.17277082181249626,0.17122360721799773,NA,1.6970934270344427e-72,0.040182739175389434,0.13582053996874144,0.25804042041347264,0.4998962001815142,0,study
