case,es_type,paper,k,n_study_id,scenario,has_small_study_effect,has_decline_effect,gate_selects_c2,beta0,beta0_c,beta0_c2,beta0_c3,shrinkage,shrinkage_pct,corrected_toward_zero,se_beta0,se_beta0_c2
MA39_1.csv,SMD,MA39,37,21,2,FALSE,FALSE,TRUE,-0.11816493551417973,6.49213943645363e-5,6.49213943645363e-5,6.49213943645363e-5,0.11810001411981519,99.94505866390733,TRUE,0.11829107731418058,0.22686961600090164
MA26.csv,SMD,MA26,459,71,1,TRUE,FALSE,TRUE,0.22589965288436858,-0.27824208433771425,-0.0017570516382645024,-0.0017570516382645024,0.22414260124610408,99.22219816815571,TRUE,0.05823647930865843,0.13248570740740892
MA01_02.csv,SMD,MA01,14,13,3,TRUE,FALSE,TRUE,-1.3847886157232574,1.4276876998695969,-0.029132123115403263,-0.029132123115403263,1.355656492607854,97.8962765302495,TRUE,0.17169224753427653,0.5841939857347
MA13_03.csv,SMD,MA13,14,9,3,TRUE,FALSE,TRUE,1.0976514123708025,-1.7327000405231325,-0.029895716331059006,-0.029895716331059006,1.0677556960397436,97.27639248725717,TRUE,0.313139329336432,0.4934682983062198
MA06_02.csv,SMD,MA06,13,6,1,FALSE,FALSE,TRUE,0.8227067818908614,-0.5610487028611961,-0.07400659041018796,-0.07400659041018796,0.7487001914806735,91.00449977571651,TRUE,0.2609280870176003,0.47831135096686056
MA47_1.csv,Zr,MA47,65,25,1,FALSE,FALSE,TRUE,0.09574666360048853,-0.05869655749438599,0.008735408090999191,0.008735408090999191,0.08701125550948934,90.87654048453484,TRUE,0.05010860887758607,0.0926155921786396
MA01_03.csv,SMD,MA01,16,11,3,TRUE,FALSE,TRUE,1.6984009801615376,-2.4138877482879066,-0.24307311977363452,-0.24307311977363452,1.4553278603879032,85.68811943628792,TRUE,0.21964781161101243,0.41001084706896124
MA01_01.csv,SMD,MA01,22,20,3,TRUE,FALSE,TRUE,-1.4714367914931457,1.9687271860697881,0.2301128661826245,0.2301128661826245,1.241323925310521,84.36134888613756,TRUE,0.15846194405574549,0.40604766493164524
MA15_01.csv,SMD,MA15,5,3,3,FALSE,FALSE,TRUE,-0.5790574364484041,0.011450314728050788,0.10584858895219851,0.10584858895219851,0.4732088474962056,81.72053715406693,TRUE,0.3385515056999909,1.5586090165933217
MA15_02.csv,SMD,MA15,9,4,3,FALSE,FALSE,TRUE,-1.1925594205990069,-1.4500669588713715,0.23147502248453422,0.23147502248453422,0.9610843981144727,80.59006381683965,TRUE,0.1499454447888904,1.0560867698377812
MA23.csv,SMD,MA23,24,22,3,TRUE,FALSE,TRUE,-0.941060831414486,1.7798983587866066,0.18617969575533128,0.18617969575533128,0.7548811356591547,80.21597652986055,TRUE,0.3036103430977167,0.16761469502734413
MA10.csv,SMD,MA10,32,32,1,FALSE,FALSE,TRUE,0.48156202247916413,-0.5338244186047466,-0.10170890059521101,-0.10170890059521101,0.37985312188395315,78.87937672667871,TRUE,0.17093178929323732,0.3813945287759163
MA28_02.csv,SMD,MA28,84,41,1,TRUE,FALSE,TRUE,-0.7054960206833235,0.9379371653022254,0.15484791475285717,0.15484791475285717,0.5506481059304663,78.0511994096188,TRUE,0.08369249085694046,0.2436728335146741
MA25.csv,SMD,MA25,43,22,1,TRUE,FALSE,TRUE,0.6633060148621823,-0.761170828299214,-0.16554493208247015,-0.16554493208247015,0.4977610827797122,75.04244973311962,TRUE,0.1414042911143753,0.3723544762820647
MA28_01.csv,SMD,MA28,84,42,1,TRUE,FALSE,TRUE,-0.7030139163060111,0.9637004137445521,0.18056401554316504,0.18056401554316504,0.522449900762846,74.31572670823655,TRUE,0.08151513644934394,0.24734115805972948
MA45_02.csv,Zr,MA45,11,10,1,FALSE,TRUE,TRUE,0.9856311968197567,0.11874784466863862,0.2811670354303105,0.2811670354303105,0.7044641613894462,71.47340340509456,TRUE,0.17386793342332124,0.3125120477545397
MA09.csv,lnRR,MA09,1297,126,1,TRUE,TRUE,TRUE,0.21944703048501393,0.011640046610489532,0.0681099550025141,0.0681099550025141,0.15133707548249983,68.96291790689537,TRUE,0.03842099506762128,0.02666628465187017
MA41_03.csv,Zr,MA41,129,36,2,FALSE,TRUE,TRUE,0.18584626471612667,-0.059005582817953074,-0.059005582817953074,-0.059005582817953074,0.1268406818981736,68.25032619940899,TRUE,0.0743938830795319,0.1249924236281245
MA08.csv,SMD,MA08,531,176,3,TRUE,FALSE,TRUE,0.3359196369889882,-0.49895079812480775,-0.121409316140895,-0.121409316140895,0.21451032084809318,63.85763058416411,TRUE,0.044021597346625585,0.08130217282632993
MA34.csv,Zr,MA34,555,23,1,TRUE,FALSE,TRUE,0.18344269148767187,0.033965128840929566,0.06792939745298551,0.06792939745298551,0.11551329403468635,62.96968993308154,TRUE,0.029696176692393834,0.05469312566809585
MA13_01.csv,SMD,MA13,43,24,1,TRUE,FALSE,TRUE,-1.384663257257386,1.7971823352638725,-0.5168501599308614,-0.5168501599308614,0.8678130973265247,62.67322345545654,TRUE,0.47510100393490606,0.5752966600741919
MA20_cleaned.csv,lnRR,MA20,29,8,3,FALSE,FALSE,TRUE,0.15618598357445485,-0.06717152624620831,0.06088865856102059,0.06088865856102059,0.09529732501343426,61.01528628399963,TRUE,0.11813302494430482,0.11641796060866239
MA24.csv,SMD,MA24,139,54,1,TRUE,FALSE,TRUE,0.40570264732023553,-0.036248543238119824,0.17687127092279167,0.17687127092279167,0.22883137639744386,56.40371782361555,TRUE,0.07514051802349016,0.14578947676997844
MA06_01.csv,SMD,MA06,33,9,1,FALSE,FALSE,TRUE,0.4768783513958681,-0.41921355180281944,-0.21643106922967614,-0.21643106922967614,0.26044728216619195,54.61503576411848,TRUE,0.3274709092381255,0.7970928021787914
MA18.csv,SMD,MA18,23,23,1,FALSE,FALSE,TRUE,1.1628671993528081,-0.10426664604229756,0.5382261059102695,0.5382261059102695,0.6246410934425386,53.71560000919982,TRUE,0.16735016199267433,0.6225385723465219
MA41_02.csv,Zr,MA41,184,27,1,FALSE,FALSE,TRUE,0.1607852566099663,-0.16722506220257782,-0.07534470339803352,-0.07534470339803352,0.08544055321193277,53.13954464070976,TRUE,0.09617534534788813,0.15689730121026962
MA43.csv,Zr,MA43,13,8,3,FALSE,FALSE,TRUE,0.08173653449350099,-0.1111191086685107,0.04881817145103004,0.04881817145103004,0.03291836304247095,40.27374447235507,TRUE,0.08404385229021741,0.0765752771467921
MA41_01.csv,Zr,MA41,110,24,1,TRUE,FALSE,TRUE,0.20862061601753856,-0.4225839731273877,-0.1309901103404929,-0.1309901103404929,0.07763050567704566,37.21132990543913,TRUE,0.06352594507633753,0.11944594866164472
MA17.csv,Zr,MA17,66,22,1,FALSE,FALSE,TRUE,0.07359859190408709,-0.11741411116013852,-0.05101777113436367,-0.05101777113436367,0.02258082076972342,30.681049984149844,TRUE,0.04475894647980437,0.08973414508252797
MA45_01.csv,Zr,MA45,28,25,1,TRUE,TRUE,TRUE,0.6550095383508181,0.38823133418537376,0.49366752420765586,0.49366752420765586,0.16134201414316224,24.632009871091178,TRUE,0.03551654778484713,0.0509104265214703
MA14_01.csv,SMD,MA14,104,20,2,FALSE,FALSE,TRUE,-0.2735896277052463,-0.2513902545652648,-0.2513902545652648,-0.2513902545652648,0.022199373139981493,8.1141135817832,TRUE,0.06417018668242591,0.09676146302362292
MA13_02.csv,SMD,MA13,37,20,1,FALSE,FALSE,TRUE,-0.379111087425584,0.7824896724245397,0.3714883561877102,0.3714883561877102,0.0076227312378738254,2.010685387662292,TRUE,0.2538934343668182,0.593288891828895
MA47_2.csv,Zr,MA47,38,26,3,FALSE,FALSE,TRUE,0.32194966265729363,0.28054055493352764,0.31697858256479317,0.31697858256479317,0.004971080092500468,1.5440550710537737,TRUE,0.07460581772359097,0.09300932455353997
MA31.csv,SMD,MA31,734,212,3,TRUE,FALSE,TRUE,0.3279277286373822,-0.38234465452514493,0.32445799014650084,0.32445799014650084,0.0034697384908813356,1.0580802377703535,TRUE,0.04600530787934395,0.0686166573127309
MA22_01.csv,lnRR,MA22,92,30,3,FALSE,FALSE,FALSE,-0.05465569682344966,-0.019549204412859403,-0.06684511192238451,-0.05465569682344966,0,0,FALSE,0.03890615105670374,0.04260822179726194
MA22_02.csv,lnRR,MA22,92,30,4,FALSE,FALSE,FALSE,0.03452585079677678,0.03452585079677678,0.03452585079677678,0.03452585079677678,0,0,FALSE,0.02810151050298772,0.02810151050298772
MA22_03.csv,lnRR,MA22,92,30,3,FALSE,FALSE,FALSE,-0.04580320918496699,-0.011983305919066095,-0.05005390435084059,-0.04580320918496699,0,0,FALSE,0.037297913843469976,0.038280831881520636
MA05_01.csv,SMD,MA05,17,9,2,FALSE,FALSE,FALSE,0.28420900014765826,0.5254233844891688,0.5254233844891688,0.28420900014765826,0,0,FALSE,0.3159402157937035,0.505884655083452
MA05_02.csv,SMD,MA05,16,10,1,TRUE,FALSE,FALSE,-1.043924298168363,3.827317977012132,1.1956924981016641,-1.043924298168363,0,0,FALSE,0.4274793872119504,0.38524444501138333
MA05_03.csv,SMD,MA05,4,4,3,FALSE,FALSE,FALSE,1.5418440896305954,-9.799951057189302,-4.170442030170288,1.5418440896305954,0,0,FALSE,0.6747686060824811,4.469555841602233
MA12.csv,SMD,MA12,70,16,3,TRUE,FALSE,FALSE,0.44106767832673593,-2.0305124068603297,-0.7555042724162083,0.44106767832673593,0,0,FALSE,0.11559108233824683,0.2847731420397317
MA15_03.csv,SMD,MA15,11,5,3,FALSE,FALSE,FALSE,-0.9161862177754302,-1.8505752301871,-1.309453648959127,-0.9161862177754302,0,0,FALSE,0.17390106443802117,1.05379002733961
MA15_04.csv,SMD,MA15,11,5,3,TRUE,FALSE,FALSE,-0.12124755262038935,3.773693063665803,1.8279633486149174,-0.12124755262038935,0,0,FALSE,0.6552343227724959,0.4282945369078834
MA21.csv,SMD,MA21,11,6,4,FALSE,FALSE,FALSE,-0.2275942098163718,-0.2275942098163718,-0.2275942098163718,-0.2275942098163718,0,0,FALSE,0.29999162847927996,0.29999162847927996
MA32.csv,SMD,MA32,13,7,1,TRUE,FALSE,FALSE,1.2905504034916613,-13.881926216400217,-6.771002703580544,1.2905504034916613,0,0,FALSE,0.28544754390376886,1.6426025069717258
MA14_02.csv,SMD,MA14,167,17,2,FALSE,FALSE,FALSE,-0.23607219737444507,-0.2570426403510175,-0.2570426403510175,-0.23607219737444507,0,0,FALSE,0.04459940983192463,0.06330352665919836
MA39_2.csv,SMD,MA39,15,11,3,FALSE,FALSE,FALSE,0.052008863240549645,-0.581464963736083,-0.2216528591861602,0.052008863240549645,0,0,FALSE,0.2519697603594166,1.0387248689542936
MA41_04.csv,Zr,MA41,104,20,3,FALSE,FALSE,FALSE,0.24512817572299164,0.2839992253464888,0.27686724011738756,0.24512817572299164,0,0,FALSE,0.07304969491028543,0.09125641087364529
