paper_left_out,n_models_dropped,n_rows_dropped,level,metric,scenario_label,n_units,model_median,ci_lower_raw,ci_upper,ci_lower_floored,legacy_lognormal_mean,arith_mean_unweighted,arith_mean_kweighted,min,q1,median_raw,q3,max,n_at_bound,grouping
MA01,3,52,meta-analysis,power,uncorrected,45,0.8206025579432613,0.7120626696966095,0.9456872081075899,0.7120626696966095,1.1472311864631521,0.6907076539192945,0.8846649028370358,0.0539316785204883,0.32060776159319526,0.8835729172885957,0.9995707411634385,1,13,NA
MA01,3,52,meta-analysis,type_M,uncorrected,45,1.1097570269376964,1.0227680435983566,1.2041446411491827,1.0227680435983566,1.3070696515150353,1.8452888888888888,1.178167545710267,0.998,1.003,1.072,1.74,12.67,43,NA
MA01,3,52,meta-analysis,type_S,uncorrected,45,5.88442781056929e-4,-7.552402665387606e-4,0.0020065948748401174,0,0.004499591483064159,0.014360252922386537,0.0016405596268433181,7.970070141940813e-93,2.0370792797041127e-13,1.794641993221186e-7,8.640979599358836e-4,0.2962281539428636,0,NA
MA01,3,52,primary-study,power,uncorrected,5688,0.16395924191079855,0.15719734259794324,0.17101200671515354,0.15719734259794324,0.21897271557794157,0.22165615436904665,NA,0.05000645922206981,0.09127480160006682,0.13387781121685605,0.25287091515231863,1,69,study
MA01,3,52,primary-study,type_M,uncorrected,5688,2.934768030009392,2.84004999202068,3.03264499363168,2.84004999202068,3.5678201276021535,3.878970639943741,NA,0.996,1.9777500000000001,2.9255,4.0595,309.051,5677,study
MA01,3,52,primary-study,type_S,uncorrected,5688,0.028023430281823747,0.02601460240911173,0.030111360788519316,0.02601460240911173,0.0452589629775128,0.050349944120620806,NA,0,0.0022606748026855906,0.019099841307404632,0.05837287836842772,0.49122343371856075,0,study
MA01,3,52,meta-analysis,power,corrected,45,0.3934155268636787,0.2959245962795703,0.5230243741929574,0.2959245962795703,0.7067698688310324,0.4207702473126683,0.5367119920178877,0.05000003450386037,0.09406961644090739,0.28977723593975846,0.685131495575072,1,4,NA
MA01,3,52,meta-analysis,type_M,corrected,45,2.1714418369202027,1.4536107088403887,3.24375682048248,1.4536107088403887,6.453321667521509,98.83415555555557,35.37094215893108,0.995,1.212,1.839,3.966,4219.611,43,NA
MA01,3,52,meta-analysis,type_S,corrected,45,0.012096112453946019,0.0031671437569202807,0.02385555919590586,0.0031671437569202807,0.03599257799884111,0.06767629159706208,0.0502818081371342,6.031812924633213e-57,7.82715834311169e-6,0.001321821624398462,0.05356025511606163,0.4993584751387011,0,NA
MA01,3,52,primary-study,power,corrected,5688,0.08853548415664282,0.08555788707728476,0.09161670796954786,0.08555788707728476,0.10443932732879248,0.1065258323624067,NA,0.05000000090330303,0.05586307825853909,0.06810376475671787,0.10489839075786986,1,6,study
MA01,3,52,primary-study,type_M,corrected,5688,8.07676113917074,7.380300778470954,8.838944706632104,7.380300778470954,28.456010082928906,162.9332332981716,NA,0.999,3.563,5.9990000000000006,10.429499999999999,26294.047,5688,study
MA01,3,52,primary-study,type_S,corrected,5688,0.10269109684424535,0.0963824125090327,0.109327666391316,0.0963824125090327,0.17064790147074363,0.17090518950891126,NA,1.6970934270344427e-72,0.03918590707632528,0.13582053996874144,0.25804042041347264,0.4998962001815142,0,study
MA05,3,37,meta-analysis,power,uncorrected,45,0.8268887311076095,0.7197056162316388,0.9500342337368781,0.7197056162316388,1.1443233417370087,0.7249483786412492,0.8886568261812477,0.0539316785204883,0.3762976314504807,0.9388691098542964,0.9999121730776179,1,16,NA
MA05,3,37,meta-analysis,type_M,uncorrected,45,1.1053433970773872,1.020186557645836,1.1976084337769997,1.020186557645836,1.2998040007177794,1.796111111111111,1.171747852007715,0.998,1.001,1.037,1.611,12.67,43,NA
MA05,3,37,meta-analysis,type_S,uncorrected,45,5.520352126693953e-4,-7.763693767322659e-4,0.0019532884505906734,0,0.004436520003475046,0.014038136025416571,0.0015930769864588579,7.970070141940813e-93,8.49344235505365e-15,2.4613873802517442e-8,4.158936032265545e-4,0.2962281539428636,0,NA
MA05,3,37,primary-study,power,uncorrected,5703,0.17033176400407127,0.1630930393422811,0.17789177236343998,0.1630930393422811,0.22912218928445355,0.22585470327078766,NA,0.05000645922206981,0.0916738955033779,0.1354520047186183,0.2598601738835775,1,69,study
MA05,3,37,primary-study,type_M,uncorrected,5703,2.8708252081053747,2.7770450067544257,2.9677723463061163,2.7770450067544257,3.4983071256097134,3.8620412063826053,NA,0.996,1.9535,2.907,4.04,309.051,5692,study
MA05,3,37,primary-study,type_S,uncorrected,5703,0.027091257444608892,0.02512488722976986,0.02913476722096118,0.02512488722976986,0.044060555790248694,0.050030272479108094,NA,0,0.0020365216775846866,0.01843595920778474,0.05765121601936342,0.49122343371856075,0,study
MA05,3,37,meta-analysis,power,corrected,45,0.39077099818888816,0.29369287061913296,0.5199376229447773,0.29369287061913296,0.704899115111382,0.40072761287040914,0.5343678435489704,0.05000003450386037,0.09144584850906934,0.2329969458894059,0.6531840839467097,1,4,NA
MA05,3,37,meta-analysis,type_M,corrected,45,2.1828045718105096,1.460790281672569,3.261683664311807,1.460790281672569,6.570490610692965,99.11302222222221,35.31236226547431,0.995,1.24,2.065,4.064,4219.611,43,NA
MA05,3,37,meta-analysis,type_S,corrected,45,0.0122706973519381,0.003253462108848325,0.02416582880172872,0.003253462108848325,0.03858502143121977,0.07441985167730189,0.050890317828842464,6.031812924633213e-57,1.2281755193063664e-5,0.0030681832905753233,0.05806211033879964,0.4993584751387011,0,NA
MA05,3,37,primary-study,power,corrected,5703,0.08610874217127971,0.08336819149363656,0.08893938258077584,0.08336819149363656,0.10093938742367477,0.10459126661323974,NA,0.05000000090330303,0.05578462757740127,0.06802642969542794,0.10308216423783878,1,6,study
MA05,3,37,primary-study,type_M,corrected,5703,8.316264887062651,7.6101919016919926,9.087847266560333,7.6101919016919926,29.113008250860567,162.63186603541996,NA,0.999,3.6025,6.038,10.4895,26294.047,5703,study
MA05,3,37,primary-study,type_S,corrected,5703,0.10683383593926685,0.10046151135599793,0.11352981771553189,0.10046151135599793,0.1760931077865602,0.1721471387567312,NA,1.6970934270344427e-72,0.04120861910789034,0.13628176580981538,0.25939611982222444,0.4998962001815142,0,study
MA06,2,46,meta-analysis,power,uncorrected,46,0.826635259254163,0.7197832713035227,0.9493494487649022,0.7197832713035227,1.1527415358929094,0.7150157405220414,0.8890654116264999,0.0539316785204883,0.37891038068629623,0.9287312495977567,0.999908108147364,1,16,NA
MA06,2,46,meta-analysis,type_M,uncorrected,46,1.1057175427295562,1.0207809969902082,1.1977214386874173,1.0207809969902082,1.3006915240454375,1.8081521739130435,1.1732330523357917,0.998,1.00125,1.0455,1.60575,12.67,44,NA
MA06,2,46,meta-analysis,type_S,uncorrected,46,5.81815103219873e-4,-7.454536221358846e-4,0.0019817152537056973,0,0.004411176818370402,0.014025627276741797,0.0016328474469825814,7.970070141940813e-93,9.331935041717038e-15,4.123881804167424e-8,4.029025183848999e-4,0.2962281539428636,0,NA
MA06,2,46,primary-study,power,uncorrected,5694,0.17070585378748465,0.16343088945916365,0.17830465595425524,0.16343088945916365,0.23013081797926413,0.22634111003946925,NA,0.05000645922206981,0.09128546358244286,0.13405133047050122,0.2607924174427192,1,69,study
MA06,2,46,primary-study,type_M,uncorrected,5694,2.869503164235293,2.775760154518779,2.9664120641517955,2.775760154518779,3.499770853536452,3.867424833157711,NA,0.996,1.9475,2.9204999999999997,4.055,309.051,5683,study
MA06,2,46,primary-study,type_S,uncorrected,5694,0.027236261728622688,0.025267912837160962,0.029281685579831983,0.025267912837160962,0.044294137553166225,0.05023548998487082,NA,0,0.002008572631835529,0.019025200456417223,0.05835344237953244,0.49122343371856075,0,study
MA06,2,46,meta-analysis,power,corrected,46,0.39513703645340525,0.29862141722570995,0.52284688428482,0.29862141722570995,0.6970323699431618,0.42024555160200416,0.5372934543285779,0.05000003450386037,0.100076194171487,0.2979483173352407,0.6771446426679815,1,4,NA
MA06,2,46,meta-analysis,type_M,corrected,46,2.1666765827062893,1.457142203674207,3.2217084936601106,1.457142203674207,6.393871916541356,96.81217391304347,35.34048472075869,0.995,1.219,1.8145,3.77625,4219.611,44,NA
MA06,2,46,meta-analysis,type_S,corrected,46,0.01193901504233661,0.0031310158701614264,0.023504854520568018,0.0031310158701614264,0.03624700063345636,0.06761735403208256,0.050284411453883494,6.031812924633213e-57,8.940807555599683e-6,0.0011873201138835818,0.047108659946700465,0.4993584751387011,0,NA
MA06,2,46,primary-study,power,corrected,5694,0.08799827334368891,0.08508553147538517,0.09101072740799421,0.08508553147538517,0.10379885695230717,0.10645406812951781,NA,0.05000000090330303,0.05586307825853909,0.06810376475671787,0.10477146105744087,1,6,study
MA06,2,46,primary-study,type_M,corrected,5694,8.131227237172308,7.440527791066974,8.886043872037153,7.440527791066974,28.686798402810012,162.84165718299968,NA,0.999,3.5702499999999997,6.015499999999999,10.43775,26294.047,5694,study
MA06,2,46,primary-study,type_S,corrected,5694,0.10386123355814719,0.09757952465524616,0.11046485484284094,0.09757952465524616,0.1725191420012706,0.1712734591019335,NA,1.6970934270344427e-72,0.03932300381002922,0.13582053996874144,0.25804042041347264,0.4998962001815142,0,study
MA08,1,531,meta-analysis,power,uncorrected,47,0.8058177859077919,0.6980147962699123,0.9302701139794242,0.6980147962699123,1.1186420960393575,0.7038690304054113,0.8740591228720241,0.0539316785204883,0.34845269652183797,0.9072582284218831,0.9998021454824398,1,15,NA
MA08,1,531,meta-analysis,type_M,uncorrected,47,1.1205451228125456,1.0315711986388658,1.2171931262871105,1.0315711986388658,1.3137788536256207,1.8093191489361702,1.1946488769437509,0.998,1.0025,1.056,1.6755,12.67,45,NA
MA08,1,531,meta-analysis,type_S,uncorrected,47,6.432442454691115e-4,-7.294328361826391e-4,0.002093556198929751,0,0.004396971064706441,0.013749178329944559,0.0017914193045660957,7.970070141940813e-93,5.218531961347454e-14,8.660375753074583e-8,6.39995781581219e-4,0.2962281539428636,0,NA
MA08,1,531,primary-study,power,uncorrected,5209,0.1803492372968537,0.17175709006845247,0.18937120663021198,0.17175709006845247,0.24747873374047696,0.2362629803243963,NA,0.05000645922206981,0.0906522588782458,0.14108590963730083,0.2830564782701578,1,69,study
MA08,1,531,primary-study,type_M,uncorrected,5209,2.8072171123380327,2.7034049839081495,2.9150156793789606,2.7034049839081495,3.4757606679419455,3.9017208677289297,NA,0.996,1.869,2.821,4.083,309.051,5198,study
MA08,1,531,primary-study,type_S,uncorrected,5209,0.026484378980953606,0.024306306671279296,0.028758666142366822,0.024306306671279296,0.04456825140902828,0.05117754209876406,NA,0,0.0014538538566782758,0.016283633060868094,0.0595229465189928,0.49122343371856075,0,study
MA08,1,531,meta-analysis,power,corrected,47,0.36342376831560325,0.27354912947878707,0.482826743511737,0.27354912947878707,0.6448649592067845,0.3979648593987708,0.5078265896275663,0.05000003450386037,0.09275773247498836,0.2329969458894059,0.640777958093695,1,4,NA
MA08,1,531,meta-analysis,type_M,corrected,47,2.3285778540602227,1.5522037706642344,3.493275125919426,1.5522037706642344,6.729681074990606,94.98217021276595,38.558577078134,0.995,1.2494999999999998,2.065,4.015000000000001,4219.611,45,NA
MA08,1,531,meta-analysis,type_S,corrected,47,0.013766794695878819,0.00428686164146766,0.026315309553840774,0.00428686164146766,0.04002822907306285,0.07156142708710655,0.055763652219675726,6.031812924633213e-57,1.4743412235230002e-5,0.0030681832905753233,0.05581118272743063,0.4993584751387011,0,NA
MA08,1,531,primary-study,power,corrected,5209,0.09315020286124892,0.08972638062332636,0.09670467294917343,0.08972638062332636,0.1108090551490372,0.11080805234216715,NA,0.05000000090330303,0.055733917820592116,0.07176848398302127,0.10921242890290794,1,6,study
MA08,1,531,primary-study,type_M,corrected,5209,8.074958600503926,7.292266944304331,8.941657909380435,7.292266944304331,31.944977899174912,177.14938183912463,NA,0.999,3.425,5.497,10.552,26294.047,5209,study
MA08,1,531,primary-study,type_S,corrected,5209,0.09313302905068671,0.08679209944134841,0.09983362082319677,0.08679209944134841,0.1595610446588659,0.16633122111243856,NA,1.6970934270344427e-72,0.03487359829100841,0.11635158126360788,0.260279840869293,0.4998962001815142,0,study
MA09,1,1297,meta-analysis,power,uncorrected,47,0.7763948585980257,0.6663689715967359,0.9045874015007949,0.6663689715967359,1.077798158537223,0.7038708989121542,0.8523717935596893,0.0539316785204883,0.34845269652183797,0.9072582284218831,0.9998021454824398,1,15,NA
MA09,1,1297,meta-analysis,type_M,uncorrected,47,1.142947231895845,1.0463934236570374,1.2484103448709483,1.0463934236570374,1.3400441209415686,1.8093191489361702,1.2283799234751296,0.998,1.0025,1.056,1.6755,12.67,45,NA
MA09,1,1297,meta-analysis,type_S,uncorrected,47,7.558043763133751e-4,-7.313175754772999e-4,0.0023340533065206066,0,0.004526008049176678,0.013749178329944378,0.0021002707984410928,7.970070141940813e-93,5.218531961347454e-14,8.660375753074583e-8,6.39995781581219e-4,0.2962281539428636,0,NA
MA09,1,1297,primary-study,power,uncorrected,4443,0.16752516331595152,0.16008014593569114,0.17531643402743163,0.16008014593569114,0.21496958199934144,0.20110466397972013,NA,0.05000645922206981,0.09221768099957184,0.13027133839281535,0.22453801581815191,1,14,study
MA09,1,1297,primary-study,type_M,uncorrected,4443,2.8938236714978127,2.794788795256092,2.9963679029827137,2.794788795256092,3.4757699901334247,3.9739221246905245,NA,0.998,2.1135,2.983,4.016500000000001,309.051,4440,study
MA09,1,1297,primary-study,type_S,uncorrected,4443,0.02725255925570491,0.025177403546111823,0.029413535890948327,0.025177403546111823,0.04366875130199844,0.051306505715955554,NA,7.876128335706298e-43,0.0035091117524772312,0.02073723736809415,0.05668699509099901,0.49122343371856075,0,study
MA09,1,1297,meta-analysis,power,corrected,47,0.3805950253088695,0.27737675618023644,0.522223185838021,0.27737675618023644,0.6831054624674795,0.4056612260667408,0.5651945437914361,0.05000003450386037,0.09275773247498836,0.2329969458894059,0.6691577897608909,1,4,NA
MA09,1,1297,meta-analysis,type_M,corrected,47,2.4190376940732565,1.558136596273215,3.755603571178281,1.558136596273215,7.027305514913353,94.97397872340424,44.89720391627279,0.995,1.226,2.065,4.015000000000001,4219.611,45,NA
MA09,1,1297,meta-analysis,type_S,corrected,47,0.01670486973758937,0.005947373981762805,0.031201736562664714,0.005947373981762805,0.04496601091415484,0.0715567265003088,0.06531288826841003,6.031812924633213e-57,1.0054456768087677e-5,0.0030681832905753233,0.05581118272743063,0.4993584751387011,0,NA
MA09,1,1297,primary-study,power,corrected,4443,0.08809901850000261,0.08504575036223548,0.09126190347672286,0.08504575036223548,0.10370688289357488,0.10787599626365353,NA,0.05000000090330303,0.057126876990143516,0.06977814444688102,0.10869348174851723,0.9999999994804074,2,study
MA09,1,1297,primary-study,type_M,corrected,4443,8.287633182556494,7.525137494303333,9.127389874352088,7.525137494303333,37.6641527214387,205.68764168354676,NA,0.999,3.4465000000000003,5.723,9.521999999999998,26294.047,4443,study
MA09,1,1297,primary-study,type_S,corrected,4443,0.10261504538364422,0.09604633499726878,0.10954021394895627,0.09604633499726878,0.17222863038192457,0.1666167858742454,NA,6.02676834375872e-24,0.03535867440725114,0.12637559176664576,0.23792559242042682,0.4998962001815142,0,study
MA10,1,32,meta-analysis,power,uncorrected,47,0.8221740756277708,0.7158705722792301,0.9442631626582811,0.7158705722792301,1.1438575893996195,0.7080314846078961,0.8861657846207576,0.0539316785204883,0.34845269652183797,0.918593389341217,0.9999040432171102,1,16,NA
MA10,1,32,meta-analysis,type_M,uncorrected,47,1.1086710983150887,1.02378976970148,1.2005898482435364,1.02378976970148,1.3007289658822507,1.8068510638297872,1.1768947091800979,0.998,1.0015,1.054,1.6755,12.67,45,NA
MA10,1,32,meta-analysis,type_S,uncorrected,47,5.863506329829675e-4,-7.246875243044071e-4,0.0019681941012868083,0,0.0043317536371659145,0.013749154825513291,0.001634805151860576,7.970070141940813e-93,1.0170427728380425e-14,5.786376228083103e-8,6.39995781581219e-4,0.2962281539428636,0,NA
MA10,1,32,primary-study,power,uncorrected,5708,0.17092335647421,0.1635505768307217,0.17862849740143563,0.1635505768307217,0.23043092230512538,0.2266411609535272,NA,0.05000645922206981,0.09153287325297049,0.13497743814917107,0.261378052154501,1,69,study
MA10,1,32,primary-study,type_M,uncorrected,5708,2.870837157757294,2.7760350506207443,2.968876774274541,2.7760350506207443,3.5008434914269118,3.862462158374211,NA,0.996,1.94475,2.9135,4.048,309.051,5697,study
MA10,1,32,primary-study,type_S,uncorrected,5708,0.02738651745069342,0.02539523888081833,0.02945647786494316,0.02539523888081833,0.04447190956648308,0.050108095511779506,NA,0,0.001991232785774581,0.018633142472030653,0.057904863958815035,0.49122343371856075,0,study
MA10,1,32,meta-analysis,power,corrected,47,0.3935664042205523,0.2981709476509861,0.5194822491975364,0.2981709476509861,0.7006574395992798,0.4127758322074892,0.5361838879052565,0.05000003450386037,0.09770932614986227,0.28977723593975846,0.6691577897608909,1,4,NA
MA10,1,32,meta-analysis,type_M,corrected,47,2.1722734581657743,1.467732578310129,3.215007997222792,1.467732578310129,6.333110301701991,94.91997872340424,35.271102137351086,0.995,1.226,1.839,3.821,4219.611,45,NA
MA10,1,32,meta-analysis,type_S,corrected,47,0.012058126594863959,0.0032907584694735377,0.023542521339708695,0.0032907584694735377,0.03731384437250991,0.07032609522347731,0.05056336372648159,6.031812924633213e-57,1.0054456768087677e-5,0.001321821624398462,0.04841400151858638,0.4993584751387011,0,NA
MA10,1,32,primary-study,power,corrected,5708,0.08863458070713065,0.08567526378867218,0.0916961156548849,0.08567526378867218,0.1044965514203999,0.1064349468348849,NA,0.05000000090330303,0.05588062792137308,0.0683338004919079,0.10450887652142468,1,6,study
MA10,1,32,primary-study,type_M,corrected,5708,8.077351482580411,7.382298210543575,8.83784495185544,7.382298210543575,28.433974909022986,162.44702049754724,NA,0.999,3.57275,5.971500000000001,10.413,26294.047,5708,study
MA10,1,32,primary-study,type_S,corrected,5708,0.10210519736811133,0.09586413705512736,0.10866852725401696,0.09586413705512736,0.16957595857577074,0.17079057342387868,NA,1.6970934270344427e-72,0.039608878941014225,0.13446227627216878,0.2577390525236621,0.4998962001815142,0,study
MA12,1,70,meta-analysis,power,uncorrected,47,0.8204142941155153,0.7140827429589456,0.9425793027850221,0.7140827429589456,1.1393514182398354,0.7045443793620373,0.8846906288945422,0.0539316785204883,0.34845269652183797,0.9072582284218831,0.9999040432171102,1,16,NA
MA12,1,70,meta-analysis,type_M,uncorrected,47,1.1098751987606164,1.0246799490463046,1.2021538607937108,1.0246799490463046,1.3014433460834867,1.8089148936170212,1.178507054673721,0.998,1.0015,1.056,1.6755,12.67,45,NA
MA12,1,70,meta-analysis,type_S,uncorrected,47,5.903326877501891e-4,-7.251076823390976e-4,0.0019770559020480874,0,0.004336314187212274,0.013749178245758012,0.0016457677037938377,7.970070141940813e-93,1.0170427728380425e-14,8.660375753074583e-8,6.39995781581219e-4,0.2962281539428636,0,NA
MA12,1,70,primary-study,power,uncorrected,5670,0.17174733820544005,0.16438337838585781,0.1794411848101517,0.16438337838585781,0.23212741142798432,0.22741387164538915,NA,0.05000645922206981,0.09121429170940448,0.13387781121685605,0.2645375154385978,1,69,study
MA12,1,70,primary-study,type_M,uncorrected,5670,2.860550062004704,2.766637191915472,2.9576507831046035,2.766637191915472,3.4935913393407905,3.869543386243387,NA,0.996,1.933,2.925,4.0675,309.051,5659,study
MA12,1,70,primary-study,type_S,uncorrected,5670,0.027140189230485535,0.02516803951690015,0.02918986588214241,0.02516803951690015,0.0442596522679986,0.05035202078509996,NA,0,0.0019005741230966574,0.019099841307404632,0.05848335943835207,0.49122343371856075,0,study
MA12,1,70,meta-analysis,power,corrected,47,0.3860236216032989,0.2921091650322986,0.5101320132124247,0.2921091650322986,0.6810547777653664,0.3941202419218713,0.5283396468924474,0.05000003450386037,0.09275773247498836,0.2329969458894059,0.640777958093695,1,4,NA
MA12,1,70,meta-analysis,type_M,corrected,47,2.2004606199713157,1.4856683030117195,3.259157464845201,1.4856683030117195,6.343295466481353,94.98478723404256,35.51785520282187,0.995,1.2494999999999998,2.065,4.015000000000001,4219.611,45,NA
MA12,1,70,meta-analysis,type_S,corrected,47,0.01240865668299724,0.0035248132917502298,0.024059307786287315,0.0035248132917502298,0.03775000190804088,0.07156145918905246,0.05122992370451936,6.031812924633213e-57,1.4743412235230002e-5,0.0030681832905753233,0.05581118272743063,0.4993584751387011,0,NA
MA12,1,70,primary-study,power,corrected,5670,0.08706871659610349,0.08419607739218915,0.09003936578161621,0.08419607739218915,0.10250944965203117,0.10544466895438463,NA,0.05000000090330303,0.055678535619403585,0.06773616039280561,0.10209025252847004,1,6,study
MA12,1,70,primary-study,type_M,corrected,5670,8.244454766247392,7.544828112723624,9.008957311840245,7.544828112723624,29.007937058682923,163.5633843033508,NA,0.999,3.626,6.0625,10.5595,26294.047,5670,study
MA12,1,70,primary-study,type_S,corrected,5670,0.1064621866324734,0.10010756625129888,0.11313957886029805,0.10010756625129888,0.17493445618526113,0.17317962014687854,NA,1.6970934270344427e-72,0.04237099658335887,0.13803390436808566,0.26125180618493166,0.4998962001815142,0,study
MA13,3,94,meta-analysis,power,uncorrected,45,0.8268286395525729,0.7183824444399585,0.9516457486893625,0.7183824444399585,1.159765561064684,0.7109396247184994,0.8897048674653207,0.0539316785204883,0.3762976314504807,0.918593389341217,0.9999121730776179,1,16,NA
MA13,3,94,meta-analysis,type_M,uncorrected,45,1.105625180202685,1.0193721037442982,1.1991764681495065,1.0193721037442982,1.3045339893155652,1.8256,1.1737252922422954,0.998,1.001,1.054,1.611,12.67,43,NA
MA13,3,94,meta-analysis,type_S,uncorrected,45,5.871680329613271e-4,-7.612772061890045e-4,0.0020106297892134375,0,0.0045014661496622435,0.014341035591449731,0.0016470958065327708,7.970070141940813e-93,8.49344235505365e-15,5.786376228083103e-8,4.158936032265545e-4,0.2962281539428636,0,NA
MA13,3,94,primary-study,power,uncorrected,5646,0.16656556317082777,0.15950588296586746,0.1739377026009251,0.15950588296586746,0.22316622337852318,0.22296645967455267,NA,0.05000645922206981,0.09110996814251626,0.13394685452281552,0.25428305623168757,1,68,study
MA13,3,94,primary-study,type_M,uncorrected,5646,2.9140053871070175,2.8181175906018114,3.013155811669082,2.8181175906018114,3.5483766799752567,3.8836229188806235,NA,0.996,1.97025,2.925,4.071,309.051,5635,study
MA13,3,94,primary-study,type_S,uncorrected,5646,0.027889077809488287,0.025861806134374887,0.0299971533481896,0.025861806134374887,0.04517032796835629,0.050499692911456916,NA,0,0.0022132204671593447,0.019070090444435916,0.058674484136380704,0.49122343371856075,0,study
MA13,3,94,meta-analysis,power,corrected,45,0.39506274025105903,0.29699922047982963,0.525504977698335,0.29699922047982963,0.7084545494698817,0.4208479461221324,0.5389643459581637,0.05000003450386037,0.09406961644090739,0.28977723593975846,0.685131495575072,1,4,NA
MA13,3,94,meta-analysis,type_M,corrected,45,2.168710676081693,1.4506681061782933,3.242165438476014,1.4506681061782933,6.2895477516101606,98.59375555555555,35.59141002479632,0.995,1.212,1.839,3.966,4219.611,43,NA
MA13,3,94,meta-analysis,type_S,corrected,45,0.012142349081041108,0.003187053612247231,0.023942827236774433,0.003187053612247231,0.035486755108991144,0.06591542031813714,0.05042801386496275,6.031812924633213e-57,7.82715834311169e-6,0.001321821624398462,0.05356025511606163,0.4993584751387011,0,NA
MA13,3,94,primary-study,power,corrected,5646,0.08643603087500762,0.08355503784873576,0.08941636106910475,0.08355503784873576,0.10172131537468378,0.10548584232339282,NA,0.05000000090330303,0.0557950512908407,0.06778487147038692,0.10209025252847004,1,6,study
MA13,3,94,primary-study,type_M,corrected,5646,8.332013664995435,7.6110406170610005,9.12128251661835,7.6110406170610005,29.3609891282757,164.13252355650002,NA,0.999,3.62,6.049,10.47575,26294.047,5646,study
MA13,3,94,primary-study,type_S,corrected,5646,0.10801596370040328,0.10155096027171237,0.11481123937075283,0.10155096027171237,0.1773481736861911,0.17253181112245852,NA,1.6970934270344427e-72,0.04237099658335887,0.13773753612213216,0.25921520011157084,0.4998962001815142,0,study
MA14,2,271,meta-analysis,power,uncorrected,46,0.8143072828104463,0.7061624147192191,0.9390139393099665,0.7061624147192191,1.1345906157805985,0.6976716960006891,0.8802615806104755,0.0539316785204883,0.3345302290575166,0.8954155728552393,0.999908108147364,1,15,NA
MA14,2,271,meta-analysis,type_M,uncorrected,46,1.1140983632909165,1.0263386584874123,1.209362185496126,1.0263386584874123,1.3092972303913564,1.8266304347826086,1.1850352898153225,0.998,1.00125,1.064,1.7077499999999999,12.67,44,NA
MA14,2,271,meta-analysis,type_S,uncorrected,46,6.12292583597674e-4,-7.423944680810847e-4,0.002042633310391697,0,0.004442514521416405,0.014048073505683305,0.0017062540010773274,7.970070141940813e-93,9.331935041717038e-15,1.3303397842643222e-7,7.520468707585513e-4,0.2962281539428636,0,NA
MA14,2,271,primary-study,power,uncorrected,5469,0.17093164970890165,0.16359906243408143,0.17859288700984607,0.16359906243408143,0.23197922481704283,0.22632020079662854,NA,0.05000645922206981,0.08935542090053195,0.13259844437497603,0.25555631046492466,1,69,study
MA14,2,271,primary-study,type_M,uncorrected,5469,2.8705116928578915,2.7761337888246755,2.968098083746301,2.7761337888246755,3.5187011492632756,3.928596818431157,NA,0.996,1.964,2.953,4.157,309.051,5458,study
MA14,2,271,primary-study,type_S,uncorrected,5469,0.027339221777519677,0.02535685628038569,0.029399625763441496,0.02535685628038569,0.044792878552423206,0.05182189854204809,NA,0,0.0021714000717947585,0.01966149532256509,0.06201818937011638,0.49122343371856075,0,study
MA14,2,271,meta-analysis,power,corrected,46,0.3727842231188455,0.28126229713848555,0.4940871151951705,0.28126229713848555,0.6509864373757976,0.3808147437602483,0.5110897861941992,0.05000003450386037,0.09210179049202885,0.23290987009397995,0.6281370753590446,1,3,NA
MA14,2,271,meta-analysis,type_M,corrected,46,2.2654831591713824,1.515650109820908,3.386278872170308,1.515650109820908,6.593407351754851,97.02815217391303,36.78661217772902,0.998,1.25925,2.066,4.0395,4219.611,45,NA
MA14,2,271,meta-analysis,type_S,corrected,46,0.012966887844426261,0.003744081668530585,0.02514891723500076,0.003744081668530585,0.039058546802439996,0.07311714312404417,0.05311275689512172,6.031812924633213e-57,1.7259481068731873e-5,0.003072387854705742,0.056936646533115136,0.4993584751387011,0,NA
MA14,2,271,primary-study,power,corrected,5469,0.08650590811354161,0.08368559957738694,0.08942126454657787,0.08368559957738694,0.10027620561465682,0.10048135993618103,NA,0.05000000090330303,0.05528188607195206,0.06619320419723351,0.10003687535347416,1,6,study
MA14,2,271,primary-study,type_M,corrected,5469,8.295583584432045,7.590416666555159,9.06626210778627,7.590416666555159,29.438128024793055,169.48849350886798,NA,0.999,3.706,6.346,10.976,26294.047,5469,study
MA14,2,271,primary-study,type_S,corrected,5469,0.10733824763245581,0.10096501039974315,0.11403394070187686,0.10096501039974315,0.1715311183943176,0.17910943452137396,NA,1.6970934270344427e-72,0.0449171934215442,0.14793976766203037,0.2684279385211288,0.4998962001815142,0,study
MA15,4,36,meta-analysis,power,uncorrected,44,0.8263557357832803,0.7194644163984225,0.949127971443375,0.7194644163984225,1.0940663665171861,0.718790900223021,0.8873383533240158,0.054894750365632516,0.3623751639861593,0.9129258088815501,0.9998999782868563,1,14,NA
MA15,4,36,meta-analysis,type_M,uncorrected,44,1.1035783531198766,1.0231959602971297,1.190275596007155,1.0231959602971297,1.233435217490503,1.5864318181818182,1.154665673211781,0.998,1.0027499999999998,1.0550000000000002,1.64325,11.472,43,NA
MA15,4,36,meta-analysis,type_S,uncorrected,44,4.6082780869062187e-4,-5.976958601173858e-4,0.0015652681397533043,0,0.002517634082675236,0.00794731045524354,0.001064425951339894,7.970070141940813e-93,1.1008920415043813e-14,7.223375990578843e-8,5.279446924038867e-4,0.2758249671651442,0,NA
MA15,4,36,primary-study,power,uncorrected,5704,0.171349759498293,0.16406450504517572,0.17895851434798937,0.16406450504517572,0.23014147634047644,0.22531772214533285,NA,0.05000645922206981,0.09188748316868167,0.13513494623114558,0.25902292342261746,1,69,study
MA15,4,36,primary-study,type_M,uncorrected,5704,2.857902166443292,2.764863514028192,2.954071602999923,2.764863514028192,3.4781222675645163,3.856483345021038,NA,0.996,1.9577499999999999,2.9124999999999996,4.03175,309.051,5693,study
MA15,4,36,primary-study,type_S,uncorrected,5704,0.0268853429992765,0.024936970922008042,0.028909733979601934,0.024936970922008042,0.043652507844822684,0.04980936609758385,NA,0,0.0020620009911406557,0.018567322879238738,0.05726990058033766,0.49122343371856075,0,study
MA15,4,36,meta-analysis,power,corrected,44,0.39188323296001615,0.29391463679189433,0.5225070447373839,0.29391463679189433,0.682529241141552,0.40996198955754753,0.534452983622988,0.05000003450386037,0.09952918100433972,0.2613870909145822,0.6611709368538004,1,3,NA
MA15,4,36,meta-analysis,type_M,corrected,44,2.174204506155298,1.4491881704461396,3.261940257993359,1.4491881704461396,6.489036332878278,100.96161363636362,35.28287009116409,0.995,1.2329999999999999,1.952,3.7485,4219.611,42,NA
MA15,4,36,meta-analysis,type_S,corrected,44,0.012064341239319203,0.0030577777109350966,0.0239620170798236,0.0030577777109350966,0.035050958474880496,0.06541798908996427,0.050187343110943264,6.031812924633213e-57,1.1168105980575671e-5,0.0021950024574868927,0.04584087471984876,0.4993584751387011,0,NA
MA15,4,36,primary-study,power,corrected,5704,0.08764842356951853,0.08475830191182672,0.09063709372343846,0.08475830191182672,0.1029973052232983,0.10540579059509458,NA,0.05000000090330303,0.05579139583075768,0.06810376475671787,0.10385673276927249,1,6,study
MA15,4,36,primary-study,type_M,corrected,5704,8.145408236455031,7.45814070466747,8.896007458935122,7.45814070466747,28.597050549623617,162.58694652875187,NA,0.999,3.583,6.0055,10.4795,26294.047,5704,study
MA15,4,36,primary-study,type_S,corrected,5704,0.10443360747062216,0.09815083509683875,0.1110369073395682,0.09815083509683875,0.1728309829703102,0.17159125339017958,NA,1.6970934270344427e-72,0.04032973481005984,0.13582053996874144,0.25927861696094484,0.4998962001815142,0,study
MA17,1,66,meta-analysis,power,uncorrected,47,0.8295802772124693,0.7236805166477832,0.9509768751655745,0.7236805166477832,1.153494643035895,0.7171392934148593,0.8916352350355378,0.0539316785204883,0.35367819499346914,0.918593389341217,0.9999040432171102,1,16,NA
MA17,1,66,meta-analysis,type_M,uncorrected,47,1.1038978246229776,1.0200677472883848,1.1946171324862334,1.0200677472883848,1.2955093639401636,1.7962978723404255,1.1714961226647864,0.998,1.0015,1.054,1.665,12.67,45,NA
MA17,1,66,meta-analysis,type_S,uncorrected,47,5.850010789134469e-4,-7.29837934636237e-4,0.0019710716576622524,0,0.004331765681232377,0.013740329529875906,0.0016397698589481566,7.970070141940813e-93,1.0170427728380425e-14,5.786376228083103e-8,6.140136118979098e-4,0.2962281539428636,0,NA
MA17,1,66,primary-study,power,uncorrected,5674,0.17457439866792493,0.1671658330433058,0.18231130198939907,0.1671658330433058,0.23470165047361644,0.2285404117289569,NA,0.05000645922206981,0.09291943469694322,0.13665848546311166,0.2645375154385978,1,69,study
MA17,1,66,primary-study,type_M,uncorrected,5674,2.8087144554530235,2.7186744229285016,2.9017365322372934,2.7186744229285016,3.409409015378203,3.8027282340500537,NA,0.996,1.933,2.883,3.9887499999999996,309.051,5663,study
MA17,1,66,primary-study,type_S,uncorrected,5674,0.025708277807785805,0.023849561871565193,0.027637717508953254,0.023849561871565193,0.04165379838063627,0.048233117120042544,NA,0,0.0019005741230966574,0.017946570582545764,0.05547424660565946,0.49122343371856075,0,study
MA17,1,66,meta-analysis,power,corrected,47,0.3932675926412581,0.2973584360386779,0.5201110198256953,0.2973584360386779,0.7077757849444949,0.41031639745169446,0.5375042838740607,0.05000003450386037,0.09275773247498836,0.28977723593975846,0.6691577897608909,1,4,NA
MA17,1,66,meta-analysis,type_M,corrected,47,2.1796740506799304,1.4706443077524385,3.230542519467743,1.4706443077524385,6.356199172709786,94.95970212765957,35.47981970391258,0.995,1.226,1.839,4.015000000000001,4219.611,45,NA
MA17,1,66,meta-analysis,type_S,corrected,47,0.01232350483104392,0.003456247378738682,0.02395389031210711,0.003456247378738682,0.037751811294276454,0.07146195475053942,0.05113940864508007,6.031812924633213e-57,1.0054456768087677e-5,0.001321821624398462,0.05581118272743063,0.4993584751387011,0,NA
MA17,1,66,primary-study,power,corrected,5674,0.08843915972847871,0.08550239269257927,0.09147679646347716,0.08550239269257927,0.10431375943324683,0.10674033780379495,NA,0.05000000090330303,0.05595457544373614,0.0684122062546379,0.1049574147930892,1,6,study
MA17,1,66,primary-study,type_M,corrected,5674,8.077206022942294,7.3869377499106905,8.83197602928819,7.3869377499106905,28.62702870961501,163.3420303137114,NA,0.999,3.55625,5.9375,10.341750000000001,26294.047,5674,study
MA17,1,66,primary-study,type_S,corrected,5674,0.10252870332418448,0.09630012004667007,0.10907711521876876,0.09630012004667007,0.1703279379212916,0.17013059326865584,NA,1.6970934270344427e-72,0.03912236811176474,0.1340038879284345,0.25647656346539155,0.4998962001815142,0,study
MA18,1,23,meta-analysis,power,uncorrected,47,0.8214259821941372,0.7153318897910609,0.9432553669887218,0.7153318897910609,1.1403095115824406,0.703869036719498,0.8852499517677673,0.0539316785204883,0.34845269652183797,0.9072582284218831,0.9998021454824398,1,15,NA
MA18,1,23,meta-analysis,type_M,uncorrected,47,1.1091711299158662,1.0243405191213157,1.2010269753794012,1.0243405191213157,1.3004434590531657,1.8093191489361702,1.1772639496239283,0.998,1.0025,1.056,1.6755,12.67,45,NA
MA18,1,23,meta-analysis,type_S,uncorrected,47,5.854231731855127e-4,-7.245789817954713e-4,0.001966118464436631,0,0.004330685988895428,0.013749178329944559,0.0016322377396335128,7.970070141940813e-93,5.218531961347454e-14,8.660375753074583e-8,6.39995781581219e-4,0.2962281539428636,0,NA
MA18,1,23,primary-study,power,uncorrected,5717,0.16807040907117635,0.16098191665056913,0.17547102800786965,0.16098191665056913,0.22586781718292612,0.22513582544164026,NA,0.05000645922206981,0.0916003429693073,0.13409581304511442,0.2584190592541229,1,69,study
MA18,1,23,primary-study,type_M,uncorrected,5717,2.893552622675361,2.7994663612370125,2.990800995548238,2.7994663612370125,3.5239911730625675,3.8644276718558688,NA,0.996,1.958,2.915,4.047,309.051,5706,study
MA18,1,23,primary-study,type_S,uncorrected,5717,0.027517938095705546,0.025538047077246162,0.02957539381386503,0.025538047077246162,0.0445943696129495,0.05009362812426008,NA,0,0.002080600014836475,0.019006128648534727,0.05778331644118894,0.49122343371856075,0,study
MA18,1,23,meta-analysis,power,corrected,47,0.3890753604768276,0.29440959460560057,0.5141803762644549,0.29440959460560057,0.6880043850204937,0.3956687445807221,0.5322490612340827,0.05000003450386037,0.09275773247498836,0.2329969458894059,0.640777958093695,1,4,NA
MA18,1,23,meta-analysis,type_M,corrected,47,2.1861881092877296,1.4775745225536987,3.234637831282288,1.4775745225536987,6.308301587135041,94.98385106382977,35.234051600489764,0.995,1.2494999999999998,2.065,4.015000000000001,4219.611,45,NA
MA18,1,23,meta-analysis,type_S,corrected,47,0.012284914346117767,0.0034560805856719418,0.023852997643579454,0.0034560805856719418,0.03754243883511573,0.07156145658201107,0.050808757175508326,6.031812924633213e-57,1.4743412235230002e-5,0.0030681832905753233,0.05581118272743063,0.4993584751387011,0,NA
MA18,1,23,primary-study,power,corrected,5717,0.08669660748342979,0.08384474612499965,0.08964547090321248,0.08384474612499965,0.10208795365863314,0.10583206277642651,NA,0.05000000090330303,0.05580964196495408,0.06810376475671787,0.10305169664233138,1,6,study
MA18,1,23,primary-study,type_M,corrected,5717,8.30005178630196,7.593639004274809,9.072179967537634,7.593639004274809,29.07315759714296,162.240664159524,NA,0.999,3.603,6.022,10.46,26294.047,5717,study
MA18,1,23,primary-study,type_S,corrected,5717,0.10719233696776506,0.10080393445117836,0.1139051465618568,0.10080393445117836,0.17675575455605488,0.1718608621862871,NA,1.6970934270344427e-72,0.041243679258857004,0.13582053996874144,0.258962341603033,0.4998962001815142,0,study
MA20,1,29,meta-analysis,power,uncorrected,47,0.8268561357215736,0.7215119707598143,0.9475810476996349,0.7215119707598143,1.1442431244806697,0.7195647175739213,0.8888753614225373,0.0539316785204883,0.38152312992211185,0.918593389341217,0.9999040432171102,1,16,NA
MA20,1,29,meta-analysis,type_M,uncorrected,47,1.1055637382871837,1.021847455758376,1.1961385943936311,1.021847455758376,1.2961801685039054,1.7893191489361702,1.17267798984416,0.998,1.0015,1.054,1.6005,12.67,45,NA
MA20,1,29,meta-analysis,type_S,uncorrected,47,5.762205603063557e-4,-7.337371023542552e-4,0.0019568932352126145,0,0.0043258461691268076,0.013707386809131063,0.0016239785177054804,7.970070141940813e-93,1.0170427728380425e-14,5.786376228083103e-8,3.8991143354324525e-4,0.2962281539428636,0,NA
MA20,1,29,primary-study,power,uncorrected,5711,0.17187475836203056,0.16457485153116447,0.17949846095660865,0.16457485153116447,0.23140369219172383,0.2272104640804996,NA,0.05000645922206981,0.09207978091040003,0.1361500101082911,0.26219185266326983,1,69,study
MA20,1,29,primary-study,type_M,uncorrected,5711,2.8524817420580533,2.7598302471161396,2.9482436817542923,2.7598302471161396,3.473180887096009,3.8421663456487476,NA,0.996,1.9405000000000001,2.901,4.023,309.051,5700,study
MA20,1,29,primary-study,type_S,uncorrected,5711,0.026785606149233566,0.024847377956254614,0.02879919895880991,0.024847377956254614,0.043478098216906534,0.04945310403434226,NA,0,0.0019674216709864964,0.018150825373842196,0.05692946414202591,0.49122343371856075,0,study
MA20,1,29,meta-analysis,power,corrected,47,0.3935083608287051,0.29818487059531207,0.5193047847563357,0.29818487059531207,0.6985304228514411,0.4129991862200502,0.5360035722689287,0.05000003450386037,0.09770932614986227,0.28977723593975846,0.6691577897608909,1,4,NA
MA20,1,29,meta-analysis,type_M,corrected,47,2.1714954401168396,1.4674813603610906,3.213255427849489,1.4674813603610906,6.323377063306117,94.90744680851063,35.251718087900535,0.995,1.226,1.839,3.821,4219.611,45,NA
MA20,1,29,meta-analysis,type_S,corrected,47,0.012025833086755894,0.00327771624929548,0.023480305258118672,0.00327771624929548,0.03703545962983536,0.06981235947720574,0.05044469351420157,6.031812924633213e-57,1.0054456768087677e-5,0.001321821624398462,0.04841400151858638,0.4993584751387011,0,NA
MA20,1,29,primary-study,power,corrected,5711,0.08790461142288573,0.08500822051934151,0.09089968784431143,0.08500822051934151,0.10362151101799769,0.1063984597651748,NA,0.05000000090330303,0.05590640617643117,0.06825760584172957,0.10422882971246472,1,6,study
MA20,1,29,primary-study,type_M,corrected,5711,8.117498420862221,7.431141507465057,8.867248799730989,7.431141507465057,28.523564206033946,162.34089949220825,NA,0.999,3.5735,5.984,10.378,26294.047,5711,study
MA20,1,29,primary-study,type_S,corrected,5711,0.10394857302189797,0.09769052658327723,0.11052582214322418,0.09769052658327723,0.17220725195506198,0.17061425552392442,NA,1.6970934270344427e-72,0.039916194642112254,0.13490990782693765,0.25729757258532693,0.4998962001815142,0,study
MA21,1,11,meta-analysis,power,uncorrected,47,0.8251420913163862,0.7203114197574246,0.9452293163577341,0.7203114197574246,1.1183660868933951,0.7226329466933115,0.8871836118112022,0.0539316785204883,0.38152312992211185,0.918593389341217,0.9999040432171102,1,16,NA
MA21,1,11,meta-analysis,type_M,uncorrected,47,1.1064343133603656,1.0231267689136418,1.1965251296093817,1.0231267689136418,1.2886026921653178,1.7619148936170212,1.1726126723686505,0.998,1.0015,1.054,1.6005,12.67,45,NA
MA21,1,11,meta-analysis,type_S,uncorrected,47,5.475258070292525e-4,-7.385814619827354e-4,0.0019018101245025058,0,0.004180804520379999,0.01315867036316547,0.0015755298548891614,7.970070141940813e-93,1.0170427728380425e-14,5.786376228083103e-8,3.8991143354324525e-4,0.2962281539428636,0,NA
MA21,1,11,primary-study,power,uncorrected,5729,0.17221931745831073,0.16491501738441358,0.17984713445877845,0.16491501738441358,0.23194924722794133,0.2269420883443709,NA,0.05000645922206981,0.09197577813909608,0.13608804410099196,0.2621070883345852,1,69,study
MA21,1,11,primary-study,type_M,uncorrected,5729,2.8490053123144063,2.7564917526934467,2.9446238181792204,2.7564917526934467,3.4716469886222163,3.850779193576541,NA,0.996,1.941,2.901,4.027,309.051,5718,study
MA21,1,11,primary-study,type_S,uncorrected,5729,0.02668323009272027,0.024750209292144686,0.028691357500255345,0.024750209292144686,0.043457526918661636,0.049754921669974,NA,0,0.00196988516751757,0.018175914852302678,0.05711324550337724,0.49122343371856075,0,study
MA21,1,11,meta-analysis,power,corrected,47,0.3912743024085345,0.2961586871041359,0.5169376634609862,0.2961586871041359,0.7000651112163856,0.41220880925314546,0.5345025037728223,0.05000003450386037,0.09275773247498836,0.28977723593975846,0.6691577897608909,1,4,NA
MA21,1,11,meta-analysis,type_M,corrected,47,2.178257203953997,1.472520899129806,3.2222323291855846,1.472520899129806,6.3574564221875765,94.93821276595745,35.15835608308605,0.995,1.226,1.839,4.015000000000001,4219.611,45,NA
MA21,1,11,meta-analysis,type_S,corrected,47,0.012200334719854905,0.003397693128899957,0.02373159580208651,0.003397693128899957,0.037730923800940584,0.07097095130645993,0.050649044346792405,6.031812924633213e-57,1.0054456768087677e-5,0.001321821624398462,0.05581118272743063,0.4993584751387011,0,NA
MA21,1,11,primary-study,power,corrected,5729,0.08782401595835537,0.08493161645839853,0.09081491793849814,0.08493161645839853,0.10351892910862918,0.106228983219917,NA,0.05000000090330303,0.05583472667814837,0.06810376475671787,0.10414736263919877,1,6,study
MA21,1,11,primary-study,type_M,corrected,5729,8.138183666084233,7.450899589067642,8.888864034632332,7.450899589067642,28.520037969129234,161.90000523651628,NA,0.999,3.577,6.004,10.44,26294.047,5729,study
MA21,1,11,primary-study,type_S,corrected,5729,0.10425896594852666,0.09798175998782041,0.11085657157400458,0.09798175998782041,0.17284012790566156,0.17131758328304517,NA,1.6970934270344427e-72,0.040006256217823284,0.13582053996874144,0.25852876523380397,0.4998962001815142,0,study
MA22,3,276,meta-analysis,power,uncorrected,45,0.8729313679216231,0.7754551797326054,0.9826604980113413,0.7754551797326054,1.204221884441412,0.7405832765738032,0.9177267652751872,0.0539316785204883,0.40158217139414853,0.9388691098542964,0.9999121730776179,1,16,NA
MA22,3,276,meta-analysis,type_M,uncorrected,45,1.0763946196106076,1.0011396657813232,1.1573064345846633,1.0011396657813232,1.2666746496794388,1.779,1.1352582357247436,0.998,1.001,1.037,1.565,12.67,43,NA
MA22,3,276,meta-analysis,type_S,uncorrected,45,4.90957016952509e-4,-8.677016941894024e-4,0.0019261087943564653,0,0.004407798513233922,0.01419432853719076,0.001582096669614619,7.970070141940813e-93,8.49344235505365e-15,2.4613873802517442e-8,3.0156753357032777e-4,0.2962281539428636,0,NA
MA22,3,276,primary-study,power,uncorrected,5464,0.17470144179088606,0.1672250592260117,0.18251208225057042,0.1672250592260117,0.23375555147566981,0.23260457318426797,NA,0.05003030697720823,0.09549621882424966,0.13897183217908016,0.2700461075939881,1,69,study
MA22,3,276,primary-study,type_M,uncorrected,5464,2.7871498374962504,2.69965176663008,2.8774837972351763,2.69965176663008,3.2836125469844846,3.447203879941435,NA,0.996,1.9075,2.8495,3.883,146.532,5453,study
MA22,3,276,primary-study,type_S,uncorrected,5464,0.02556008523698579,0.02371010556661117,0.027480325990578945,0.02371010556661117,0.039575240833345716,0.04296750308704876,NA,0,0.0017533720995205543,0.017052647104700544,0.051306377673374495,0.4809962888657446,0,study
MA22,3,276,meta-analysis,power,corrected,45,0.3992239815331567,0.2985240387951434,0.5338926408554914,0.2985240387951434,0.7379896845704921,0.4163625108029632,0.5479408816822373,0.05000003450386037,0.09144584850906934,0.3061193987307229,0.685131495575072,1,4,NA
MA22,3,276,meta-analysis,type_M,corrected,45,2.190075981746283,1.452846122232665,3.3014045551162816,1.452846122232665,6.673682565101498,99.09626666666668,36.769430270863836,0.995,1.212,1.79,4.064,4219.611,43,NA
MA22,3,276,meta-analysis,type_S,corrected,45,0.012800637596150029,0.003504204333898392,0.025129033104641957,0.003504204333898392,0.03943386967208771,0.07457604418907608,0.05303564068940118,6.031812924633213e-57,7.82715834311169e-6,0.0010528186033687016,0.05806211033879964,0.4993584751387011,0,NA
MA22,3,276,primary-study,power,corrected,5464,0.08779914922196365,0.08486158271804042,0.09083840245725086,0.08486158271804042,0.1032919453381914,0.10603697083104756,NA,0.05000000090330303,0.05600388981129223,0.06839992569593312,0.10405833810198653,1,6,study
MA22,3,276,primary-study,type_M,corrected,5464,8.156477630717834,7.456502745989742,8.922162253099229,7.456502745989742,29.69269117522572,169.16221577598833,NA,0.999,3.5814999999999997,5.949,10.27,26294.047,5464,study
MA22,3,276,primary-study,type_S,corrected,5464,0.1041306921260283,0.0977896851908886,0.11079915628112078,0.0977896851908886,0.17196682194676977,0.17042586479665442,NA,1.6970934270344427e-72,0.040104987700240624,0.13407552568493472,0.25564126754979793,0.4998962001815142,0,study
MA23,1,24,meta-analysis,power,uncorrected,47,0.8218671576489913,0.7156755304923151,0.9438154527336954,0.7156755304923151,1.142630241115799,0.7065759556900003,0.8857640621341707,0.0539316785204883,0.34845269652183797,0.918593389341217,0.9999040432171102,1,16,NA
MA23,1,24,meta-analysis,type_M,uncorrected,47,1.1088500107506472,1.0240142549458544,1.2007140920188886,1.0240142549458544,1.3006875184942521,1.8077021276595744,1.1769760321903426,0.998,1.0015,1.054,1.6755,12.67,45,NA
MA23,1,24,meta-analysis,type_S,uncorrected,47,5.855257470031919e-4,-7.245913922556968e-4,0.00196634846927881,0,0.004330804542161778,0.013749173207038803,0.0016325222846128586,7.970070141940813e-93,1.0170427728380425e-14,5.786376228083103e-8,6.39995781581219e-4,0.2962281539428636,0,NA
MA23,1,24,primary-study,power,uncorrected,5716,0.1685584003363329,0.161444111657303,0.17598619133445642,0.161444111657303,0.226527849549113,0.22517284702707768,NA,0.05000645922206981,0.09158640290184014,0.1342834190409009,0.2587085772988428,1,69,study
MA23,1,24,primary-study,type_M,uncorrected,5716,2.888805214587566,2.794831690274938,2.985938508163748,2.794831690274938,3.518367903931194,3.86415955213436,NA,0.996,1.958,2.914,4.04725,309.051,5705,study
MA23,1,24,primary-study,type_S,uncorrected,5716,0.027431403171387134,0.025453868566262722,0.029486447058269173,0.025453868566262722,0.044487745241089026,0.05008992901227652,NA,0,0.0020716656424810565,0.018926059683930435,0.057808420318141,0.49122343371856075,0,study
MA23,1,24,meta-analysis,power,corrected,47,0.3927166426445305,0.2974283074197326,0.5185328953654256,0.2974283074197326,0.6995809883720321,0.4127200073578756,0.5355504248637006,0.05000003450386037,0.09639744218394325,0.28977723593975846,0.6691577897608909,1,4,NA
MA23,1,24,meta-analysis,type_M,corrected,47,2.1744015415751043,1.469462383607308,3.217518268414337,1.469462383607308,6.340389175973743,94.92206382978725,35.22783677396781,0.995,1.226,1.839,3.87,4219.611,45,NA
MA23,1,24,meta-analysis,type_S,corrected,47,0.012108692329292257,0.003328822605295028,0.023609681580366304,0.003328822605295028,0.03743601255652932,0.0704218793771526,0.05059276094450893,6.031812924633213e-57,1.0054456768087677e-5,0.001321821624398462,0.05066492912995539,0.4993584751387011,0,NA
MA23,1,24,primary-study,power,corrected,5716,0.08802129739204882,0.08509192383594248,0.0910515175272942,0.08509192383594248,0.10378140172568273,0.10629699153372947,NA,0.05000000090330303,0.05583057643122605,0.06810376475671787,0.10422659196194012,1,6,study
MA23,1,24,primary-study,type_M,corrected,5716,8.165966656294158,7.468617707986557,8.92842745993018,7.468617707986557,28.686217167138537,162.25189870538867,NA,0.999,3.57375,6.0145,10.44075,26294.047,5716,study
MA23,1,24,primary-study,type_S,corrected,5716,0.10407529019930539,0.09774752423511265,0.11072925925677518,0.09774752423511265,0.17267061701691275,0.17138019500019844,NA,1.6970934270344427e-72,0.03991866484768503,0.13582053996874144,0.25860046051614277,0.4998962001815142,0,study
MA24,1,139,meta-analysis,power,uncorrected,47,0.8180921790643514,0.711597342059956,0.9405246111639758,0.711597342059956,1.1356856388046217,0.7038752349859699,0.8828806468094664,0.0539316785204883,0.34845269652183797,0.9072582284218831,0.9999040432171102,1,15,NA
MA24,1,139,meta-analysis,type_M,uncorrected,47,1.111494159630654,1.0257661274176517,1.2043868810556264,1.0257661274176517,1.3031955693863482,1.809255319148936,1.1808814497411175,0.998,1.0019999999999998,1.056,1.6755,12.67,45,NA
MA24,1,139,meta-analysis,type_S,uncorrected,47,5.976914348487863e-4,-7.258579469114866e-4,0.0019934074440485297,0,0.004344750111581565,0.013749178329942588,0.0016660423419874901,7.970070141940813e-93,1.0170427728380425e-14,8.660375753074583e-8,6.39995781581219e-4,0.2962281539428636,0,NA
MA24,1,139,primary-study,power,uncorrected,5601,0.17125299123304474,0.1637633691179596,0.1790851468446554,0.1637633691179596,0.23174284022054284,0.22753124675170855,NA,0.05000645922206981,0.0906349130059968,0.13396495879892278,0.26412340161427994,1,69,study
MA24,1,139,primary-study,type_M,uncorrected,5601,2.872727402698601,2.776296394527665,2.97250781526137,2.776296394527665,3.513434261324442,3.8824715229423314,NA,0.996,1.933,2.924,4.086,309.051,5590,study
MA24,1,139,primary-study,type_S,uncorrected,5601,0.027513220049925784,0.02548464856651706,0.02962330348558425,0.02548464856651706,0.04489112287026948,0.05067504482044395,NA,0,0.0019121759727154463,0.01906230049348105,0.059555424002983526,0.49122343371856075,0,study
MA24,1,139,meta-analysis,power,corrected,47,0.38542197019824387,0.2909860576880467,0.5105058857175556,0.2909860576880467,0.6868938997493228,0.4008239548577522,0.5307393879033926,0.05000003450386037,0.09275773247498836,0.2329969458894059,0.6567516639078761,1,4,NA
MA24,1,139,meta-analysis,type_M,corrected,47,2.2106067325382557,1.4890488003428728,3.281814622071633,1.4890488003428728,6.399414200596982,94.98006382978726,35.937357436172114,0.995,1.2355,2.065,4.015000000000001,4219.611,45,NA
MA24,1,139,meta-analysis,type_S,corrected,47,0.012594393348999443,0.0036280735087506656,0.024368966823676848,0.0036280735087506656,0.03806203561091063,0.07156119795929873,0.051860732104557515,6.031812924633213e-57,1.2516113810254017e-5,0.0030681832905753233,0.05581118272743063,0.4993584751387011,0,NA
MA24,1,139,primary-study,power,corrected,5601,0.0882092237984967,0.08521175238969665,0.0913121364709089,0.08521175238969665,0.10424113702340541,0.10685159502858274,NA,0.05000000090330303,0.055532273002438015,0.06832016580582934,0.10548088866644612,1,6,study
MA24,1,139,primary-study,type_M,corrected,5601,8.269929957843013,7.546730864779509,9.062432824630422,7.546730864779509,29.722814959032824,165.46263560078555,NA,0.999,3.538,5.995,10.717,26294.047,5601,study
MA24,1,139,primary-study,type_S,corrected,5601,0.10424282895797393,0.09777575366823768,0.1110505501941087,0.09777575366823768,0.17418485634346134,0.17223583708651924,NA,1.6970934270344427e-72,0.03856466710393017,0.13454218922645636,0.26385318154700704,0.4998962001815142,0,study
MA25,1,43,meta-analysis,power,uncorrected,47,0.8208785103613676,0.7147106227140406,0.9428172848673404,0.7147106227140406,1.1395944553590482,0.7039362267706823,0.8848709446071827,0.0539316785204883,0.34845269652183797,0.9072582284218831,0.9999040432171102,1,16,NA
MA25,1,43,meta-analysis,type_M,uncorrected,47,1.1095367458080083,1.0245526584918176,1.2015700511776637,1.0245526584918176,1.3009193214142176,1.8092127659574468,1.177852027382833,0.998,1.0015,1.056,1.6755,12.67,45,NA
MA25,1,43,meta-analysis,type_S,uncorrected,47,5.875023331797825e-4,-7.248056268630877e-4,0.0019707531724235533,0,0.004333069501960593,0.01374917832963349,0.0016379679053635462,7.970070141940813e-93,1.0170427728380425e-14,8.660375753074583e-8,6.39995781581219e-4,0.2962281539428636,0,NA
MA25,1,43,primary-study,power,uncorrected,5697,0.1696206913153081,0.16237268612668862,0.17719223354988906,0.16237268612668862,0.22847246335626553,0.22579092729380223,NA,0.05000645922206981,0.09129144036931236,0.13405133047050122,0.2581425121938262,1,69,study
MA25,1,43,primary-study,type_M,uncorrected,5697,2.8817855343447683,2.787426759118675,2.9793385023628485,2.787426759118675,3.5129115392116983,3.8698623837107244,NA,0.996,1.96,2.921,4.052,309.051,5686,study
MA25,1,43,primary-study,type_S,uncorrected,5697,0.02750734507212476,0.025526358213951224,0.029566000479368054,0.025526358213951224,0.0446003905611116,0.05025665704988601,NA,0,0.0020891813541414725,0.019025200456417223,0.05834255031292004,0.49122343371856075,0,study
MA25,1,43,meta-analysis,power,corrected,47,0.3921268077487979,0.2965677325259419,0.5184766125620643,0.2965677325259419,0.705833514216414,0.4101287882744249,0.5361035724137058,0.05000003450386037,0.09275773247498836,0.28977723593975846,0.6691577897608909,1,4,NA
MA25,1,43,meta-analysis,type_M,corrected,47,2.180046047057012,1.472065253425947,3.2285258796973473,1.472065253425947,6.356507821682068,94.96055319148934,35.345751799192556,0.995,1.226,1.839,4.015000000000001,4219.611,45,NA
MA25,1,43,meta-analysis,type_S,corrected,47,0.012295082826685254,0.0034495520262364555,0.023890864846187743,0.0034495520262364555,0.03768798030263842,0.07147550827759484,0.05095663695267713,6.031812924633213e-57,1.0054456768087677e-5,0.001321821624398462,0.05581118272743063,0.4993584751387011,0,NA
MA25,1,43,primary-study,power,corrected,5697,0.08813521487292028,0.08520050046162957,0.0911710149425014,0.08520050046162957,0.10396004766345668,0.10645294015785454,NA,0.05000000090330303,0.05577816955997661,0.06815898128225661,0.10477197534465466,1,6,study
MA25,1,43,primary-study,type_M,corrected,5697,8.160942521991792,7.463440268921208,8.92363045023478,7.463440268921208,28.79223373177195,162.771140951378,NA,0.999,3.57,5.993,10.497,26294.047,5697,study
MA25,1,43,primary-study,type_S,corrected,5697,0.10376738202268215,0.09744467604491713,0.11041657513057437,0.09744467604491713,0.17246840756196916,0.1713763523524905,NA,1.6970934270344427e-72,0.0393224470541211,0.13549264826016608,0.25950833462800793,0.4998962001815142,0,study
MA26,1,459,meta-analysis,power,uncorrected,47,0.8101536004054742,0.7021171395265904,0.9348138925828001,0.7021171395265904,1.1250435085794572,0.7044539133501372,0.8781654327391316,0.0539316785204883,0.34845269652183797,0.9072582284218831,0.9999040432171102,1,16,NA
MA26,1,459,meta-analysis,type_M,uncorrected,47,1.1170572914030987,1.0286678776704246,1.213041662293081,1.0286678776704246,1.309856189812268,1.808936170212766,1.1904169664836204,0.998,1.0015,1.056,1.6755,12.67,45,NA
MA26,1,459,meta-analysis,type_S,uncorrected,47,6.343638235141447e-4,-7.288755374582102e-4,0.0020741724245385007,0,0.004386790713622836,0.013749178272487944,0.001766995250515677,7.970070141940813e-93,1.0170427728380425e-14,8.660375753074583e-8,6.39995781581219e-4,0.2962281539428636,0,NA
MA26,1,459,primary-study,power,uncorrected,5281,0.1789358905464536,0.17113632520978656,0.18709092231823524,0.17113632520978656,0.24150653123923552,0.23834699240713642,NA,0.05000645922206981,0.09832178242906742,0.14228335840454753,0.2830564782701578,1,69,study
MA26,1,459,primary-study,type_M,uncorrected,5281,2.7710590570325637,2.6786479330963795,2.8666582878198326,2.6786479330963795,3.3800467153981977,3.7493465252793037,NA,0.996,1.868,2.804,3.774,309.051,5270,study
MA26,1,459,primary-study,type_S,uncorrected,5281,0.02476336383478816,0.022890336341688827,0.02670964685829086,0.022890336341688827,0.040132292881145955,0.0457893060973587,NA,0,0.0014538538566782758,0.015867122544115854,0.0472000200973262,0.49122343371856075,0,study
MA26,1,459,meta-analysis,power,corrected,47,0.4666367048628181,0.3736884040923708,0.5827042314949756,0.3736884040923708,0.8163498961380267,0.4136554400405011,0.5757367988319252,0.05000003450386037,0.09770932614986227,0.28977723593975846,0.6691577897608909,1,4,NA
MA26,1,459,meta-analysis,type_M,corrected,47,1.5979337486396585,1.2504915872072153,2.0419107902550615,1.2504915872072153,4.1405437314268925,93.35410638297873,31.397757811020636,0.995,1.226,1.839,3.821,4219.611,45,NA
MA26,1,459,meta-analysis,type_S,corrected,47,0.0047552915962028215,4.970201509422421e-4,0.009724739312030516,4.970201509422421e-4,0.022356624275098866,0.06167228205742192,0.014606030601169575,6.031812924633213e-57,1.0054456768087677e-5,0.001321821624398462,0.04841400151858638,0.4993584751387011,0,NA
MA26,1,459,primary-study,power,corrected,5281,0.09093434302035057,0.08786524002274877,0.09411064874348353,0.08786524002274877,0.10733629566107673,0.11104435808022331,NA,0.05000000090330303,0.058096981188830665,0.0716327207869718,0.10877239125364013,1,6,study
MA26,1,459,primary-study,type_M,corrected,5281,6.243402905555727,5.833273892232286,6.682367494008538,5.833273892232286,10.442654564464059,120.34634368490792,NA,0.999,3.442,5.525,8.878,26294.047,5281,study
MA26,1,459,primary-study,type_S,corrected,5281,0.09338775915338193,0.0878213637098218,0.09922879015545014,0.0878213637098218,0.14757671878972398,0.14308208476587406,NA,1.6970934270344427e-72,0.03528435525344931,0.11699793142514192,0.22435160146396485,0.4998962001815142,0,study
MA28,2,168,meta-analysis,power,uncorrected,46,0.8172317896292696,0.7094824518390265,0.9413450554689553,0.7094824518390265,1.1385016400440398,0.6974314004785058,0.8822638132219337,0.0539316785204883,0.3345302290575166,0.8954155728552393,0.9996739684970676,1,14,NA
MA28,2,168,meta-analysis,type_M,uncorrected,46,1.1121110285612277,1.0251929995244924,1.2063981517832867,1.0251929995244924,1.3068736246884076,1.8268260869565216,1.1818275305096912,0.998,1.00225,1.064,1.7077499999999999,12.67,44,NA
MA28,2,168,meta-analysis,type_S,uncorrected,46,6.008392623051521e-4,-7.412195177381523e-4,0.0020171442218053434,0,0.004429348398008404,0.014048073511030308,0.001674713416634026,7.970070141940813e-93,1.2031940158653423e-13,1.3303397842643222e-7,7.520468707585513e-4,0.2962281539428636,0,NA
MA28,2,168,primary-study,power,uncorrected,5572,0.16705260272166414,0.15986520922478384,0.1745631348522065,0.15986520922478384,0.22479925527070663,0.2227779016293587,NA,0.05000645922206981,0.09015982542965603,0.13211039936978952,0.24248040236174734,1,69,study
MA28,2,168,primary-study,type_M,uncorrected,5572,2.9153500293996006,2.8190519056778425,3.014937673478772,2.8190519056778425,3.555664672315416,3.9183147882268483,NA,0.996,2.02375,2.9595000000000002,4.11225,309.051,5561,study
MA28,2,168,primary-study,type_S,uncorrected,5572,0.028290838601005786,0.02626486296575465,0.030396880329038117,0.02626486296575465,0.04566323258486068,0.05135948409024103,NA,0,0.0026477065571248407,0.019881196102936594,0.06045427323980465,0.49122343371856075,0,study
MA28,2,168,meta-analysis,power,corrected,46,0.38693676670322763,0.29079700657840435,0.5148610819223843,0.29079700657840435,0.6966909975209927,0.40075732232264294,0.5338603294939444,0.05000003450386037,0.09210179049202885,0.23290987009397995,0.6771446426679815,1,4,NA
MA28,2,168,meta-analysis,type_M,corrected,46,2.210107232077934,1.4800758374760679,3.3002187142063715,1.4800758374760679,6.51913649806135,97.01167391304347,36.11363155061019,0.995,1.219,2.066,4.0395,4219.611,44,NA
MA28,2,168,meta-analysis,type_S,corrected,46,0.01267075739484437,0.0035784842178336433,0.0246557463259608,0.0035784842178336433,0.03856608002160004,0.07311329647919865,0.05212828500834071,6.031812924633213e-57,8.940807555599683e-6,0.003072387854705742,0.056936646533115136,0.4993584751387011,0,NA
MA28,2,168,primary-study,power,corrected,5572,0.08862820845810508,0.08562773836610052,0.09173381762005123,0.08562773836610052,0.10485084571963912,0.10734371566025602,NA,0.05000000090330303,0.055396785891575095,0.06839992569593312,0.10633607678333501,1,6,study
MA28,2,168,primary-study,type_M,corrected,5572,8.194306859938177,7.481537299482991,8.974982310048764,7.481537299482991,29.69645145877952,166.27365308686285,NA,0.999,3.51275,5.9475,10.8465,26294.047,5572,study
MA28,2,168,primary-study,type_S,corrected,5572,0.10299992831143795,0.09660683932183006,0.1097291134207787,0.09660683932183006,0.17289186632145706,0.17174901909104662,NA,1.6970934270344427e-72,0.03767560047239686,0.13407552568493472,0.2663091373896868,0.4998962001815142,0,study
MA31,1,734,meta-analysis,power,uncorrected,47,0.7987937069974068,0.6903473224615714,0.9242758906683203,0.6903473224615714,1.1088912202825727,0.7038690327703443,0.8689520683316507,0.0539316785204883,0.34845269652183797,0.9072582284218831,0.9998021454824398,1,15,NA
MA31,1,734,meta-analysis,type_M,uncorrected,47,1.1257744709270934,1.0349664500476219,1.224549993222352,1.0349664500476219,1.319909982869123,1.8093191489361702,1.202582700759089,0.998,1.0025,1.056,1.6755,12.67,45,NA
MA31,1,734,meta-analysis,type_S,uncorrected,47,6.696750038031017e-4,-7.307153111179611e-4,0.002150870874358158,0,0.004427270828282568,0.013749178329944559,0.0018640637549909695,7.970070141940813e-93,5.218531961347454e-14,8.660375753074583e-8,6.39995781581219e-4,0.2962281539428636,0,NA
MA31,1,734,primary-study,power,uncorrected,5006,0.18883081019472264,0.1796206460787216,0.1985132313975092,0.1796206460787216,0.26147307563897043,0.2432260176422572,NA,0.05000645922206981,0.0891863294298488,0.14640814703961635,0.29755926709959013,1,69,study
MA31,1,734,primary-study,type_M,uncorrected,5006,2.725809837230708,2.62207473692822,2.833648928500049,2.62207473692822,3.3987051124087726,3.891743907311226,NA,0.996,1.818,2.753,4.16325,309.051,4995,study
MA31,1,734,primary-study,type_S,uncorrected,5006,0.024627039516755468,0.02247049233492577,0.026881556943229877,0.02247049233492577,0.04264543732898766,0.0510010001658293,NA,0,0.0011852904929921045,0.014529701142689536,0.06235395189859927,0.49122343371856075,0,study
MA31,1,734,meta-analysis,power,corrected,47,0.3400839434486713,0.25816705793193095,0.4479932084212447,0.25816705793193095,0.5994165647651175,0.39344489657024073,0.4653344044938157,0.05000003450386037,0.09275773247498836,0.2329969458894059,0.640777958093695,1,3,NA
MA31,1,734,meta-analysis,type_M,corrected,47,2.4444474861621175,1.6255475739958942,3.675883504237193,1.6255475739958942,7.043320985326939,94.98521276595743,40.09687714742309,0.995,1.2494999999999998,2.065,4.015000000000001,4219.611,46,NA
MA31,1,734,meta-analysis,type_S,corrected,47,0.014462856482171979,0.004682551699768285,0.027465740057808448,0.004682551699768285,0.041195756092421855,0.07156145927323902,0.058025103412225026,6.031812924633213e-57,1.4743412235230002e-5,0.0030681832905753233,0.05581118272743063,0.4993584751387011,0,NA
MA31,1,734,primary-study,power,corrected,5006,0.08433218464119428,0.08107792823498028,0.08771705840515197,0.08107792823498028,0.10080389028731358,0.10527949561456484,NA,0.05000000090330303,0.054564482523625,0.06381807761986336,0.09434688840365488,1,6,study
MA31,1,734,primary-study,type_M,corrected,5006,9.586130225198955,8.649939554994269,10.623645646334678,8.649939554994269,37.4420385486877,184.7618122253296,NA,0.999,3.9252499999999997,6.8685,11.74525,26294.047,5006,study
MA31,1,734,primary-study,type_S,corrected,5006,0.12380568628558156,0.11584725118610137,0.13221380491597393,0.11584725118610137,0.20270343521549727,0.18994138851764464,NA,1.6970934270344427e-72,0.05311207961815356,0.16544473147641628,0.28247616631114053,0.4998962001815142,0,study
MA32,1,13,meta-analysis,power,uncorrected,47,0.8217179308066412,0.7156561398651456,0.9434983090292258,0.7156561398651456,1.1407890480670573,0.7039800050250127,0.8854621569499423,0.0539316785204883,0.34845269652183797,0.9072582284218831,0.9999040432171102,1,16,NA
MA32,1,13,meta-analysis,type_M,uncorrected,47,1.108958480113967,1.024203429934512,1.200727194103727,1.024203429934512,1.3002319530096869,1.8092340425531914,1.176943600488912,0.998,1.0015,1.056,1.6755,12.67,45,NA
MA32,1,13,meta-analysis,type_S,uncorrected,47,5.843891016179582e-4,-7.244647392245056e-4,0.001963811865381599,0,0.004329500547343695,0.013749178328970865,0.0016293876649013214,7.970070141940813e-93,1.0170427728380425e-14,8.660375753074583e-8,6.39995781581219e-4,0.2962281539428636,0,NA
MA32,1,13,primary-study,power,uncorrected,5727,0.16996545263379315,0.16281891887992886,0.17742566581168542,0.16281891887992886,0.22833707704076023,0.22515988466002684,NA,0.05000645922206981,0.0916738955033779,0.13514498732318547,0.2598601738835775,1,69,study
MA32,1,13,primary-study,type_M,uncorrected,5727,2.87299691338463,2.7800474409854328,2.9690541041241394,2.7800474409854328,3.4984469100548248,3.86062214073686,NA,0.996,1.9535,2.912,4.04,309.051,5716,study
MA32,1,13,primary-study,type_S,uncorrected,5727,0.027118670001390156,0.02516467911263999,0.02914877182039756,0.02516467911263999,0.044064330041494286,0.050007161438130956,NA,0,0.0020365216775846866,0.018563144204058534,0.05765121601936342,0.49122343371856075,0,study
MA32,1,13,meta-analysis,power,corrected,47,0.38954908036461183,0.29480308695722324,0.5147452408967954,0.29480308695722324,0.6867117319523214,0.3935558675848467,0.5326578845644215,0.05000003450386037,0.09275773247498836,0.2329969458894059,0.640777958093695,1,4,NA
MA32,1,13,meta-analysis,type_M,corrected,47,2.1837269143253573,1.4762987357892732,3.230147883178588,1.4762987357892732,6.292544351784159,94.98514893617022,35.174521739130434,0.995,1.2494999999999998,2.065,4.015000000000001,4219.611,45,NA
MA32,1,13,meta-analysis,type_S,corrected,47,0.012258901370608331,0.0034416479515015537,0.02380960954554777,0.0034416479515015537,0.037498799309775524,0.07156145927226532,0.05072003975571915,6.031812924633213e-57,1.4743412235230002e-5,0.0030681832905753233,0.05581118272743063,0.4993584751387011,0,NA
MA32,1,13,primary-study,power,corrected,5727,0.08660179573019973,0.08386529892857887,0.08942758351201084,0.08386529892857887,0.10144670807479621,0.1044046237454125,NA,0.05000000090330303,0.055826426184303723,0.06810376475671787,0.10342425314727494,1,6,study
MA32,1,13,primary-study,type_M,corrected,5727,8.21626880209594,7.5247455241013155,8.971342992540263,7.5247455241013155,28.668398503822473,161.96508119434253,NA,0.999,3.598,6.016,10.4415,26294.047,5727,study
MA32,1,13,primary-study,type_S,corrected,5727,0.10549247959568353,0.09920598081939191,0.11209716004570452,0.09920598081939191,0.17411678168372324,0.17161227552601027,NA,1.6970934270344427e-72,0.04081739783491551,0.13582053996874144,0.2586721557984816,0.4998962001815142,0,study
MA34,1,555,meta-analysis,power,uncorrected,47,0.8050139719941725,0.6971331629690625,0.9295892514219604,0.6971331629690625,1.1175264083582463,0.7038692932191762,0.8734774979186049,0.0539316785204883,0.34845269652183797,0.9072582284218831,0.9998021454824398,1,15,NA
MA34,1,555,meta-analysis,type_M,uncorrected,47,1.1206613529576703,1.0314614733457428,1.2175751595832494,1.0314614733457428,1.3139533406777164,1.8092340425531914,1.1951263259402118,0.998,1.0015,1.056,1.6755,12.67,45,NA
MA34,1,555,meta-analysis,type_S,uncorrected,47,6.462598106970092e-4,-7.296074101302528e-4,0.0021001237348053335,0,0.004400428056454433,0.013749178329944555,0.0017997113129189356,7.970070141940813e-93,5.218531961347454e-14,8.660375753074583e-8,6.39995781581219e-4,0.2962281539428636,0,NA
MA34,1,555,primary-study,power,uncorrected,5185,0.17337427445876816,0.1658527480316848,0.18123690683956478,0.1658527480316848,0.23397688079251514,0.21935437429030974,NA,0.05000645922206981,0.08820341328197234,0.1281600537151656,0.2374683953581208,1,69,study
MA34,1,555,primary-study,type_M,uncorrected,5185,2.8497879593612145,2.7557114126747067,2.9470761618821295,2.7557114126747067,3.497446898277393,4.0299976856316295,NA,0.996,2.047,3.02,4.219,309.051,5174,study
MA34,1,555,primary-study,type_S,uncorrected,5185,0.027083319252178363,0.02511331957381989,0.029130761390260856,0.02511331957381989,0.04469183503137681,0.05411251029299677,NA,0,0.002861054989612018,0.0217778781372839,0.06435422400029504,0.49122343371856075,0,study
MA34,1,555,meta-analysis,power,corrected,47,0.37098453057196507,0.2778287920566745,0.4953753025554893,0.2778287920566745,0.6616977749350291,0.40135187510681664,0.5235713659444391,0.05000003450386037,0.09275773247498836,0.2329969458894059,0.6691577897608909,1,4,NA
MA34,1,555,meta-analysis,type_M,corrected,47,2.311798034354042,1.5376463527115114,3.4757082746749854,1.5376463527115114,6.694280522165131,94.9796595744681,38.7191425265188,0.995,1.226,2.065,4.015000000000001,4219.611,45,NA
MA34,1,555,meta-analysis,type_S,corrected,47,0.013842973685359292,0.004329235741429894,0.026442752140665104,0.004329235741429894,0.04015664094306882,0.07156109320793523,0.056020080784599725,6.031812924633213e-57,1.0054456768087677e-5,0.0030681832905753233,0.05581118272743063,0.4993584751387011,0,NA
MA34,1,555,primary-study,power,corrected,5185,0.08972539829836214,0.08659789990711392,0.09296584684426482,0.08659789990711392,0.10709666066398785,0.10851490297925553,NA,0.05000000090330303,0.054965318568751864,0.0670507802963497,0.10746833831970093,1,6,study
MA34,1,555,primary-study,type_M,corrected,5185,8.038203953562657,7.351916136945017,8.788555472549126,7.351916136945017,31.37169201819668,178.29801600771472,NA,0.999,3.48,6.193,11.326,26294.047,5185,study
MA34,1,555,primary-study,type_S,corrected,5185,0.10224128291139478,0.09595662621917866,0.10885247739631893,0.09595662621917866,0.17450669171774996,0.17734290960377297,NA,1.6970934270344427e-72,0.03653898303236035,0.1423070431691683,0.2744457365722182,0.4998962001815142,0,study
MA39,2,52,meta-analysis,power,uncorrected,46,0.8364998779942374,0.7357769113297764,0.9510111490448129,0.7357769113297764,1.0835880586210416,0.7360247284768502,0.8925575766580357,0.0539316785204883,0.39045701414384437,0.9287312495977567,0.999908108147364,1,16,NA
MA39,2,52,meta-analysis,type_M,uncorrected,46,1.0961628167527173,1.0225748136911843,1.1750464657876114,1.0225748136911843,1.2222887854840134,1.5672391304347826,1.140972398030942,0.998,1.00125,1.0455,1.5837500000000002,12.67,44,NA
MA39,2,52,meta-analysis,type_S,uncorrected,46,3.6989004502893663e-4,-5.430440978067483e-4,0.0013169023761922388,0,0.002417658003592286,0.007854255060151574,8.540389296277004e-4,7.970070141940813e-93,9.331935041717038e-15,4.123881804167424e-8,3.4833883128753394e-4,0.2962281539428636,0,NA
MA39,2,52,primary-study,power,uncorrected,5688,0.17540288487387515,0.16797816959283232,0.1831557761145571,0.16797816959283232,0.23569774083632358,0.22819684111542093,NA,0.05000645922206981,0.09257304516154502,0.1363541002905746,0.2628641269701803,1,69,study
MA39,2,52,primary-study,type_M,uncorrected,5688,2.7824734866916736,2.695692535542892,2.872048129399486,2.695692535542892,3.365320858995965,3.7715133614627288,NA,0.996,1.935,2.8855,3.99825,309.051,5677,study
MA39,2,52,primary-study,type_S,uncorrected,5688,0.025256268757923223,0.02344931793262551,0.02713061106414095,0.02344931793262551,0.04091351310645817,0.047941799984070284,NA,0,0.0019479906916403526,0.01806849854050341,0.05606849064996175,0.49122343371856075,0,study
MA39,2,52,meta-analysis,power,corrected,46,0.3976827795348755,0.30143301155678337,0.5246658032635292,0.30143301155678337,0.6853613707373207,0.4214568516824254,0.5381136562558663,0.050104280357511355,0.10553575873491933,0.2979483173352407,0.6771446426679815,1,4,NA
MA39,2,52,meta-analysis,type_M,corrected,46,2.0661410204546056,1.4537690033831618,2.936462881290405,1.4537690033831618,3.303825100525623,5.094217391304348,7.939789381153305,0.995,1.219,1.8145,3.55875,77.66,44,NA
MA39,2,52,meta-analysis,type_S,corrected,46,0.011389127932368848,0.002930535929361891,0.022409352796781752,0.002930535929361891,0.031094117849531977,0.05626532920735627,0.04709212897222037,6.031812924633213e-57,8.940807555599683e-6,0.0011873201138835818,0.0393892795504876,0.4647913291434031,0,NA
MA39,2,52,primary-study,power,corrected,5688,0.08874496845552349,0.08580053562408485,0.09179044593238063,0.08580053562408485,0.10460734330267753,0.10667271582859485,NA,0.050000109543353544,0.05604520902358748,0.06839992569593312,0.10489839075786986,1,6,study
MA39,2,52,primary-study,type_M,corrected,5688,7.234385466165216,6.714387304244099,7.794655074481809,6.714387304244099,21.258797835368355,59.083965365682126,NA,0.999,3.563,5.946,10.265,2370.489,5688,study
MA39,2,52,primary-study,type_S,corrected,5688,0.10087881017904057,0.09480337873759895,0.10726233699799653,0.09480337873759895,0.16681934800860862,0.1685497226545367,NA,1.6970934270344427e-72,0.03918590707632528,0.13407552568493472,0.2549454280315309,0.4988569318130425,0,study
MA41,4,527,meta-analysis,power,uncorrected,44,0.8438374218951333,0.7313256977600393,0.9736586541011514,0.7313256977600393,1.1939407589658972,0.7082833667326838,0.9066878942878517,0.0539316785204883,0.3173426813564876,0.9535638508937043,0.9999310399701082,1,16,NA
MA41,4,527,meta-analysis,type_M,uncorrected,44,1.094750642542641,1.006970006876372,1.190183382983983,1.006970006876372,1.2965492268376275,1.844,1.1663399194321884,0.998,1.00075,1.0274999999999999,1.7525,12.67,42,NA
MA41,4,527,meta-analysis,type_S,uncorrected,44,6.295152036235978e-4,-7.906045583356662e-4,0.002132938992862963,0,0.004636980165248598,0.014678214579643403,0.0017770511950201517,7.970070141940813e-93,6.4206141914899524e-15,1.4285320702082166e-8,9.0616029821996e-4,0.2962281539428636,0,NA
MA41,4,527,primary-study,power,uncorrected,5213,0.17228433090812315,0.1644721188015925,0.18046761294700533,0.1644721188015925,0.23654659163879585,0.2330553573231367,NA,0.05000645922206981,0.08970980213167012,0.13207202284289388,0.2748636574116493,1,69,study
MA41,4,527,primary-study,type_M,uncorrected,5213,2.8713723072513115,2.771644531134026,2.9746884328909045,2.771644531134026,3.5441805208119748,3.9249900249376566,NA,0.996,1.895,2.953,4.14,309.051,5202,study
MA41,4,527,primary-study,type_S,uncorrected,5213,0.027792167256275625,0.025704686972504755,0.029965587799129355,0.025704686972504755,0.0457076252555574,0.051612447797724864,NA,0,0.001635081273816817,0.01989860197348882,0.06132258189169007,0.49122343371856075,0,study
MA41,4,527,meta-analysis,power,corrected,44,0.4084106302025797,0.30643829392988775,0.5443159231940886,0.30643829392988775,0.7373902317080584,0.4042120992631052,0.5505088831251045,0.05000003450386037,0.09094980708804998,0.2613870909145822,0.6611709368538004,1,4,NA
MA41,4,527,meta-analysis,type_M,corrected,44,2.186189824119301,1.4324434057775242,3.336554818016373,1.4324434057775242,6.739273487010177,101.28747727272727,38.407676194130055,0.995,1.2329999999999999,1.952,4.09025,4219.611,42,NA
MA41,4,527,meta-analysis,type_S,corrected,44,0.01220291086671501,0.002794675921833901,0.024795744366621894,0.002794675921833901,0.03931447809235334,0.07533797324350569,0.05425921076888228,6.031812924633213e-57,1.1168105980575671e-5,0.0021950024574868927,0.05899870795206866,0.4993584751387011,0,NA
MA41,4,527,primary-study,power,corrected,5213,0.08773879204474788,0.08470045215221848,0.0908861220201867,0.08470045215221848,0.10406210943025844,0.10736069050814925,NA,0.05000000090330303,0.05504621637703877,0.06761983551123929,0.10635082322485101,1,6,study
MA41,4,527,primary-study,type_M,corrected,5213,8.472864665431679,7.704160576446755,9.318268346871708,7.704160576446755,32.75736344694526,177.32140629196226,NA,0.999,3.512,6.111,11.199,26294.047,5213,study
MA41,4,527,primary-study,type_S,corrected,5213,0.10580432010243943,0.09912002633783074,0.11284858626191352,0.09912002633783074,0.1787160914069851,0.17584135034054074,NA,1.6970934270344427e-72,0.03766050454735905,0.1387455131375589,0.27288193401363725,0.4998962001815142,0,study
MA43,1,13,meta-analysis,power,uncorrected,47,0.8250941079632045,0.7199479966793093,0.9455964738225948,0.7199479966793093,1.1297313607832051,0.7216690277160817,0.8873493566817815,0.0539316785204883,0.38152312992211185,0.918593389341217,0.9999040432171102,1,16,NA
MA43,1,13,meta-analysis,type_M,uncorrected,47,1.106609144232749,1.0229220016154579,1.1971428869118108,1.0229220016154579,1.2936796933944632,1.776255319148936,1.1734251789767765,0.998,1.0015,1.054,1.6005,12.67,45,NA
MA43,1,13,meta-analysis,type_S,uncorrected,47,5.643791996755784e-4,-7.386783902921662e-4,0.0019374230463727674,0,0.004302398493875374,0.01353027055867074,0.0016060329158785558,7.970070141940813e-93,1.0170427728380425e-14,5.786376228083103e-8,3.8991143354324525e-4,0.2962281539428636,0,NA
MA43,1,13,primary-study,power,uncorrected,5727,0.17262323515911177,0.16531087374446227,0.18025905157854885,0.16531087374446227,0.23238594302844098,0.2270219169796464,NA,0.05000645922206981,0.09198290503794909,0.13608804410099196,0.2621070883345852,1,69,study
MA43,1,13,primary-study,type_M,uncorrected,5727,2.833441697202213,2.743239358348259,2.9266100411588427,2.743239358348259,3.439817080054882,3.8022709970316044,NA,0.996,1.941,2.901,4.027,309.051,5716,study
MA43,1,13,primary-study,type_S,uncorrected,5727,0.026443721323917847,0.02453966494713821,0.02842096008273063,0.02453966494713821,0.04298004760310913,0.04934784373791623,NA,0,0.00196988516751757,0.018175914852302678,0.05710062812127935,0.49122343371856075,0,study
MA43,1,13,meta-analysis,power,corrected,47,0.3916848365445692,0.2965576134521816,0.5173261593018705,0.2965576134521816,0.6969618947861115,0.4128180484986398,0.5347129208029979,0.05000003450386037,0.09770932614986227,0.28977723593975846,0.6691577897608909,1,4,NA
MA43,1,13,meta-analysis,type_M,corrected,47,2.1766663888226154,1.4714557320722474,3.2198566799952215,1.4714557320722474,6.344703952936184,94.91774468085109,35.1673305395495,0.995,1.226,1.839,3.821,4219.611,45,NA
MA43,1,13,meta-analysis,type_S,corrected,47,0.012153767569255639,0.0033672734732296886,0.023661794933974314,0.0033672734732296886,0.03744218838754645,0.07024638478830549,0.05057973758884305,6.031812924633213e-57,1.0054456768087677e-5,0.001321821624398462,0.04841400151858638,0.4993584751387011,0,NA
MA43,1,13,primary-study,power,corrected,5727,0.08800657231866015,0.0851089137213423,0.09100288598017141,0.0851089137213423,0.10371853844381854,0.10628216321271886,NA,0.05000000090330303,0.055873135586445355,0.06811554124548991,0.10415732952579682,1,6,study
MA43,1,13,primary-study,type_M,corrected,5727,8.073771843748071,7.392098501107901,8.818306706157843,7.392098501107901,28.243266875325414,161.86665234852464,NA,0.999,3.5765000000000002,5.993,10.415,26294.047,5727,study
MA43,1,13,primary-study,type_S,corrected,5727,0.10352569756725338,0.0972985644946219,0.1100699004801115,0.0972985644946219,0.17151544441594005,0.17080251305612432,NA,1.6970934270344427e-72,0.0399952255823685,0.13575050884683698,0.2578676174991878,0.4998962001815142,0,study
MA45,2,39,meta-analysis,power,uncorrected,46,0.8209727773612301,0.7136705874635529,0.9444081247115047,0.7136705874635529,1.1437148382797022,0.6974336632302666,0.8849281024768374,0.0539316785204883,0.3345302290575166,0.8954155728552393,0.9996739684970676,0.9999999999998812,14,NA
MA45,2,39,meta-analysis,type_M,uncorrected,46,1.109493522908136,1.0235901286564242,1.202606241417059,1.0235901286564242,1.3037481126131405,1.8269347826086957,1.1777612699526396,0.998,1.003,1.064,1.7077499999999999,12.67,45,NA
MA45,2,39,meta-analysis,type_S,uncorrected,46,5.870853206834635e-4,-7.396488609173434e-4,0.001986375071597213,0,0.004413537606194829,0.014048073511030053,0.0016368186559348645,1.2157121939156583e-29,1.2031940158653423e-13,1.3303397842643222e-7,7.520468707585513e-4,0.2962281539428636,0,NA
MA45,2,39,primary-study,power,uncorrected,5701,0.16636874750937147,0.15948636964102184,0.17354812332951702,0.15948636964102184,0.22213632185703586,0.2217034955950886,NA,0.05000645922206981,0.09136557658322919,0.13405133047050122,0.25448523039335746,1,56,study
MA45,2,39,primary-study,type_M,uncorrected,5701,2.9084999124441158,2.8148573439299605,3.0052577118799513,2.8148573439299605,3.535375653501794,3.873610068409051,NA,0.996,1.968,2.921,4.052,309.051,5693,study
MA45,2,39,primary-study,type_S,uncorrected,5701,0.027553421851643008,0.025572880890725132,0.02961152498479206,0.025572880890725132,0.0446376911636459,0.050235219334715205,NA,0,0.002206519441223709,0.019025200456417223,0.05820767646629429,0.49122343371856075,0,study
MA45,2,39,meta-analysis,power,corrected,46,0.3886260399958909,0.29307354404968106,0.5153320797092676,0.29307354404968106,0.6923413537794645,0.394040752169426,0.531737854819918,0.05000003450386037,0.09210179049202885,0.23290987009397995,0.6469810210202023,0.9999998234597456,3,NA
MA45,2,39,meta-analysis,type_M,corrected,46,2.1894123029703225,1.4723692634933347,3.2556549170448705,1.4723692634933347,6.432457885455523,97.01430434782607,35.32913295912998,0.995,1.2447499999999998,2.066,4.0395,4219.611,44,NA
MA45,2,39,meta-analysis,type_S,corrected,46,0.01232541056907386,0.00338848104064593,0.024075759712370692,0.00338848104064593,0.037994982800855955,0.07310682593851045,0.0509504380217892,1.0062806136567166e-19,1.3512583714146834e-5,0.003072387854705742,0.056936646533115136,0.4993584751387011,0,NA
MA45,2,39,primary-study,power,corrected,5701,0.08466627424337862,0.0821133122609074,0.08729860965147947,0.0821133122609074,0.0983455530497716,0.10194244522074439,NA,0.05000000090330303,0.05578276456922748,0.06793471777012905,0.1025616876146711,1,4,study
MA45,2,39,primary-study,type_M,corrected,5701,8.41142355456245,7.700787601189717,9.187637664921095,7.700787601189717,29.272405124358617,162.69731766356767,NA,0.999,3.613,6.038,10.492,26294.047,5701,study
MA45,2,39,primary-study,type_S,corrected,5701,0.10808408119503299,0.1017080431699878,0.11478096594677162,0.1017080431699878,0.1771871315356286,0.17238476486628548,NA,1.6970934270344427e-72,0.04181326117920306,0.1368317632441604,0.25942847901211835,0.4998962001815142,0,study
MA47,2,103,meta-analysis,power,uncorrected,46,0.8261410362473731,0.7183594515338417,0.950094009781022,0.7183594515338417,1.1550539290066604,0.7089272755093652,0.8896747971886868,0.0539316785204883,0.3345302290575166,0.9129258088815501,0.999908108147364,1,16,NA
MA47,2,103,meta-analysis,type_M,uncorrected,46,1.1061274557985386,1.0204579699762977,1.198989066154059,1.0204579699762977,1.3015151315540756,1.8172826086956522,1.1747028561291466,0.998,1.00125,1.0550000000000002,1.7077499999999999,12.67,44,NA
MA47,2,103,meta-analysis,type_S,uncorrected,46,5.924994110806832e-4,-7.417467474837951e-4,0.0020001314310719095,0,0.004420227352915123,0.01404561873490316,0.0016541002983181457,7.970070141940813e-93,9.331935041717038e-15,7.223375990578843e-8,7.520468707585513e-4,0.2962281539428636,0,NA
MA47,2,103,primary-study,power,uncorrected,5637,0.1713845130504607,0.1640388817626289,0.17905908037124388,0.1640388817626289,0.23017984584384357,0.22651548195315133,NA,0.05000645922206981,0.09221768099957184,0.1361500101082911,0.2613528130057531,1,69,study
MA47,2,103,primary-study,type_M,uncorrected,5637,2.8537159949421467,2.760143460914932,2.9504607623145698,2.760143460914932,3.465571598649849,3.82688238424694,NA,0.996,1.945,2.897,4.01,309.051,5626,study
MA47,2,103,primary-study,type_S,uncorrected,5637,0.0266956878645446,0.024742043998291045,0.02872606207899777,0.024742043998291045,0.0431599269353227,0.04901922041103763,NA,0,0.0019919762363860343,0.018150825373842196,0.05668699509099901,0.49122343371856075,0,study
MA47,2,103,meta-analysis,power,corrected,46,0.3969326021065105,0.3011411159099542,0.5231948820371539,0.3011411159099542,0.6905080740080018,0.40107539932559694,0.5361729512617729,0.05000003450386037,0.09588947129538483,0.2613870909145822,0.6469810210202023,1,4,NA
MA47,2,103,meta-analysis,type_M,corrected,46,2.145701849667821,1.4461763278473514,3.183592718960532,1.4461763278473514,6.171687574352935,96.75723913043477,35.57640447046301,0.995,1.2447499999999998,1.952,3.8935,4219.611,44,NA
MA47,2,103,meta-analysis,type_S,corrected,46,0.011395569013297704,0.0028959357349689976,0.02248496183769217,0.0028959357349689976,0.03433000914123351,0.06644795320611346,0.0479923345210975,6.031812924633213e-57,1.3512583714146834e-5,0.0021950024574868927,0.05098712831732401,0.4993584751387011,0,NA
MA47,2,103,primary-study,power,corrected,5637,0.0866271257968273,0.08382456257881367,0.08952338900383375,0.08382456257881367,0.10132618756482586,0.1045090695297343,NA,0.05000000090330303,0.05604525650551051,0.06834684688823756,0.10344580255328717,1,6,study
MA47,2,103,primary-study,type_M,corrected,5637,8.079537191196927,7.389786028324109,8.83366865748596,7.389786028324109,27.907510309157782,163.6182125243926,NA,0.999,3.598,5.972,10.265,26294.047,5637,study
MA47,2,103,primary-study,type_S,corrected,5637,0.10454752825673908,0.09824947807661583,0.11116740889562249,0.09824947807661583,0.17131623398730783,0.16916016151312052,NA,1.6970934270344427e-72,0.0407929070655231,0.13438581413539025,0.2549446304995024,0.4998962001815142,0,study
