es_type,label,mu,kind
SMD,small (d=0.2),0.2,Cohen convention
SMD,medium (d=0.5),0.5,Cohen convention
SMD,large (d=0.8),0.8,Cohen convention
Zr,small (r=0.1),0.10033534773107558,"Cohen convention, atanh-converted"
Zr,medium (r=0.3),0.30951960420311175,"Cohen convention, atanh-converted"
Zr,large (r=0.5),0.5493061443340549,"Cohen convention, atanh-converted"
lnRR,10% change,0.09531017980432493,reference scenario (not a convention)
lnRR,25% change,0.22314355131420976,reference scenario (not a convention)
lnRR,50% change,0.4054651081081644,reference scenario (not a convention)
