scenario_label,case,es_type,paper,power_min,power_q1,power_median,power_q3,power_max,power_mean,type_M_min,type_M_q1,type_M_median,type_M_q3,type_M_max,type_M_mean,type_S_min,type_S_q1,type_S_median,type_S_q3,type_S_max,type_S_mean,n_rows
corrected,MA01_01.csv,SMD,MA01,0.06092695390024683,0.0648566890463852,0.06894737881709878,0.07337427075385528,0.08362747495668965,0.06946558195167167,4.526,5.3205,5.871,6.67225,7.722,6.002909090909091,0.07490743868000103,0.10908210434336477,0.13094149329753346,0.15754551441955067,0.1915381657698038,0.13388641200212084,22
corrected,MA01_02.csv,SMD,MA01,0.05021113814256961,0.05027527406996948,0.050345396440560186,0.050394258616858284,0.05052938488443992,0.05034953278490238,34.744,40.196,42.798,47.65875,54.353,43.43564285714286,0.4212101686469035,0.4318662968373133,0.4361711063677699,0.4429542813256827,0.44998687996375025,0.4362829590192297,14
corrected,MA01_03.csv,SMD,MA01,0.061253988641864376,0.07029287738464562,0.07881684292066649,0.08419761659382885,0.08500142625481699,0.0765196562891117,4.403,4.44075,4.8345,5.7082500000000005,7.531,5.2225,0.07150591546813197,0.07346965843507389,0.08875227140142744,0.12371194445494493,0.18826535821948726,0.10383281339397453,16
corrected,MA05_01.csv,SMD,MA05,0.07150036562640161,0.08685401079080046,0.09680228811667912,0.10362285665677495,0.1092354283541519,0.09327275754969219,3.424,3.599,3.843,4.299,5.545,4.127058823529412,0.03485229964210576,0.04059248858131808,0.04935191246533011,0.06724419983292818,0.11763307146669127,0.061893561717593124,17
corrected,MA05_02.csv,SMD,MA05,0.15506838934870704,0.41876733516145875,0.5412007962276437,0.6588320963972357,0.8607174507085684,0.5263517274599461,1.079,1.2317500000000001,1.3519999999999999,1.5372500000000002,2.64,1.4699375000000001,3.270873279287601e-7,1.1781583697142623e-5,5.339662627165819e-5,2.653854053760522e-4,0.012145557959234691,0.0010098022465906008,16
corrected,MA05_03.csv,SMD,MA05,0.6348634721694678,0.6864570028167299,0.7320278043919377,0.7668526083028179,0.7862081459570976,0.7212818067276102,1.134,1.1475,1.1755,1.21375,1.258,1.18575,1.5504062471020172e-6,2.2126950616121043e-6,4.199334756051138e-6,8.415770797213498e-6,1.5767448651893567e-5,6.4291311027744655e-6,4
corrected,MA06_01.csv,SMD,MA06,0.064742880612357,0.07060686349999479,0.07346190097015948,0.07601998892695083,0.14769251238968184,0.07664984598431972,2.711,5.129,5.331,5.66,6.604,5.273333333333333,0.014141929280230585,0.09845037099240374,0.10870435251696138,0.12205465346177051,0.15826782479149332,0.10677663044497461,33
corrected,MA06_02.csv,SMD,MA06,0.05157661654841572,0.051976267398577414,0.05234279338325365,0.05443706265076309,0.05766574542399683,0.053652030227963846,9.212,12.011,16.231,17.791,20.083,14.887538461538462,0.23020931125207492,0.28513346741799156,0.33888953315292036,0.3511903720823624,0.366258223138298,0.3129846538625448,13
corrected,MA08.csv,SMD,MA08,0.05138518070373632,0.056030665828685766,0.058277076520042326,0.06103545373044006,0.15370682059423346,0.060597439905031705,2.667,7.603,8.798,10.269,21.212,9.071231638418078,0.0124866989533445,0.19044210799919017,0.22198288275779554,0.25519042300813244,0.3742647112548224,0.21921690142488526,531
corrected,MA09.csv,lnRR,MA09,0.05000854405041111,0.05366069703617704,0.06166177204821477,0.08980884823225821,1,0.10029555423323674,0.999,4.123,7.433,13.169,271.485,10.57653199691596,1.6970934270344427e-72,0.061130043602072824,0.18431023876462016,0.30258246629879343,0.4899062675210307,0.18700472304705845,1297
corrected,MA10.csv,SMD,MA10,0.05167683763273634,0.0539628099269642,0.05600714838531412,0.05847627748178752,0.07742606624267045,0.057678397074936265,4.894,8.65425,10.2785,12.7835,19.502,10.63628125,0.093389339634869,0.21942480363298533,0.25563554145865514,0.29559575349527395,0.3622881725590538,0.24846601024398388,32
corrected,MA12.csv,SMD,MA12,0.08417931608944673,0.1471586034760599,0.1598458816454883,0.17947660255210085,0.40877827264649924,0.1643587466937131,1.548,2.42225,2.588,2.7390000000000003,4.416,2.622357142857143,0.00027543305204754613,0.007586872826925692,0.011035206849446885,0.01430155712962924,0.07351521988617181,0.012786559978648148,70
corrected,MA13_01.csv,SMD,MA13,0.05149549666911546,0.1184234044500228,0.15043737592378192,0.2220230013151563,0.48792820595265163,0.17895488134983717,1.428,2.1155,2.703,3.21,20.516,3.534255813953488,1.0292013861656675e-4,0.003656381133798649,0.013355038843790079,0.027565496232557187,0.3695791806775373,0.03866432860670084,43
corrected,MA13_02.csv,SMD,MA13,0.08040638830838354,0.10892102876348486,0.12263440842778683,0.16777647868546441,0.3180307506484068,0.14602913492739214,1.756,2.508,3.128,3.429,4.665,3.0273513513513515,8.94762958364079e-4,0.009451794748763039,0.024830667142137167,0.035144912107494077,0.0838022213403241,0.02560291457178541,37
corrected,MA13_03.csv,SMD,MA13,0.0500856569033169,0.05025663014590934,0.050353699495208126,0.05048518643914282,0.05069950202090978,0.050370113692026076,29.966,35.82525,42.322,49.488249999999994,85.902,45.12435714285714,0.4096764834952988,0.4245185520883343,0.4355006882956145,0.4449686235906212,0.4680802065593695,0.43564470461871735,14
corrected,MA14_01.csv,SMD,MA14,0.10150169336494053,0.1426425499048797,0.19167683364303872,0.28638380497727745,0.5776980555609761,0.230097373773261,1.309,1.85625,2.311,2.8,3.611,2.320576923076923,3.338194786317187e-5,0.0013867410959924223,0.006092822378484075,0.015744816991708953,0.043081039658632685,0.00965323944054104,104
corrected,MA14_02.csv,SMD,MA14,0.0926129692460197,0.13035523530002507,0.17811757971099762,0.26544853266880464,0.5316056282795949,0.2150521010570501,1.368,1.9249999999999998,2.417,2.991,3.996,2.4792994011976046,5.9789744958169865e-5,0.0018767921467876996,0.007779215970640233,0.020697739827716638,0.05599956694587155,0.013593240311955346,167
corrected,MA15_01.csv,SMD,MA15,0.05604157169959878,0.05639102103544302,0.05754843558846978,0.06041934360096135,0.06251314376705275,0.05858270313830514,7.186,7.811,9.103,9.969,10.311,8.876,0.17647191754839545,0.19680656986815723,0.23185027080427706,0.24926094467645424,0.2550065362062516,0.22187924782070712,5
corrected,MA15_02.csv,SMD,MA15,0.07515235239434759,0.0786082010050062,0.08362524219055811,0.08574211825759515,0.10314568750609054,0.08439449343175133,3.635,4.319,4.469,4.842,5.042,4.493333333333333,0.04113558574010217,0.06975916560322964,0.07491314461302247,0.08941236352618731,0.10176821257484474,0.07624418159509914,9
corrected,MA15_03.csv,SMD,MA15,0.505371677591238,0.5300162615451441,0.5656107803111776,0.6067454761275746,0.7581535728711873,0.5843625939193325,1.149,1.283,1.323,1.365,1.396,1.3112727272727271,2.5271302167741054e-6,2.296515492884378e-5,3.8950101161633044e-5,6.159930444183079e-5,8.290105501556792e-5,4.149028122944527e-5,11
corrected,MA15_04.csv,SMD,MA15,0.053125719475845656,0.05884988789948742,0.060042227034350915,0.06016887566516049,0.0669942419439894,0.060118472346434235,6.255,7.923500000000001,8.043,8.533000000000001,14.189,8.433363636363636,0.14266836704086658,0.19949512340273856,0.2008779610876742,0.2147728965856926,0.3161086485260803,0.2064496206518,11
corrected,MA17.csv,Zr,MA17,0.05119347888177217,0.05269044268004541,0.05534123457271012,0.058043468956295,0.06583600113387322,0.056541038502849084,6.361,8.93275,11.0015,15.3385,22.912,11.898090909090909,0.1503859330769235,0.22507009292439345,0.26732932559079964,0.328263831791093,0.38293725960297376,0.2651896852265738,66
corrected,MA18.csv,SMD,MA18,0.08559318938219596,0.1491590041612974,0.16655211893172273,0.22098589401567764,0.3459373044718762,0.1884557542213195,1.691,2.142,2.52,2.7065,4.332,2.525086956521739,6.166313135603345e-4,0.0038629479759396896,0.009677340899438912,0.013714793960444796,0.07010567796651537,0.012824187491436535,23
corrected,MA20_cleaned.csv,lnRR,MA20,0.050677071572513555,0.05131791571576971,0.0527822296364695,0.057757237981111875,0.12450805866436021,0.05982005244854039,3.092,9.054,14.913,21.742,30.656,15.830241379310344,0.023738232645637056,0.22894388886241332,0.3256024973991978,0.3772261515060777,0.4111047187109768,0.29122386669564954,29
corrected,MA21.csv,SMD,MA21,0.06162605908919894,0.0666810928067178,0.07132983943346982,0.07743013494915929,0.08210273436932525,0.07186730663780146,4.568,4.9335,5.56,6.3469999999999995,7.456,5.7112727272727275,0.07894704068571926,0.09367197591042806,0.11845877466096558,0.14545970924972068,0.18465121939528145,0.12227916388556302,11
corrected,MA22_01.csv,lnRR,MA22,0.05056165762620546,0.057488803884637174,0.07858036593357792,0.19867658544293187,0.8905311651814186,0.15975684792409425,1.063,2.24525,4.8255,9.18375,33.265,6.641380434782609,1.4681190507476781e-7,0.005401342691032148,0.08968685817986724,0.23271864336564574,0.41888589256533076,0.12579453094003745,92
corrected,MA22_02.csv,lnRR,MA22,0.05022407845269883,0.05298043154160817,0.06130169452395995,0.10792324237947637,0.5218549719071499,0.09631883274040712,1.379,3.45375,7.608499999999999,14.5585,52.241,10.415217391304347,6.753127247315737e-5,0.0361199545024367,0.1879376452436688,0.3200544270989895,0.44848778565777037,0.1870946926238292,92
corrected,MA22_03.csv,lnRR,MA22,0.05000645922206981,0.051199317961318686,0.05503046654572824,0.07481462896815344,0.26892549330329796,0.06990667389067903,1.911,5.16275,11.1685,22.86825,307.867,18.656521739130437,0.0017822449682783458,0.10312284009634173,0.2732541747744507,0.3826626948057211,0.49122343371856075,0.2481605610273046,92
corrected,MA23.csv,SMD,MA23,0.052036087049508795,0.06490660246992186,0.07246237385991344,0.08006126426254714,0.12497126830519856,0.07428256804680093,3.083,4.722250000000001,5.4135,6.55475,17.448,6.504208333333334,0.023477582560484204,0.08484050820579975,0.11339921999589966,0.1570489941445104,0.3490945600736584,0.13392961709054174,24
corrected,MA24.csv,SMD,MA24,0.052942551594198584,0.06337591212157456,0.06810376475671787,0.07799319522038417,0.4242606104867911,0.0784215934160319,1.526,4.8675,6.007,6.9135,14.545,5.98368345323741,2.2685103771728473e-4,0.09145116656063026,0.13582053996874144,0.1690566177333313,0.3210836436967428,0.13043584107707074,139
corrected,MA25.csv,SMD,MA25,0.056307270623122574,0.0617116045640313,0.06550554112592055,0.07146909814132102,0.09891015662682678,0.06776709675868021,3.745,5.556,6.502,7.3815,10.033,6.529395348837209,0.0464000298016362,0.11779669047824684,0.15270418819629922,0.18383870159869692,0.2506153573213019,0.1509866530039097,43
corrected,MA26.csv,SMD,MA26,0.050000109543353544,0.05000101962057085,0.050001651150974324,0.05000280483811448,0.050012941789704835,0.05000246234915217,220.505,470.935,617.692,785.871,2370.489,636.2503551198257,0.48757815290074985,0.49421620795442966,0.495562261704957,0.49651267854716596,0.4988569318130425,0.4950043916834993,459
corrected,MA28_01.csv,SMD,MA28,0.05909162501983056,0.06314727302917686,0.06859406180276456,0.0741102424997847,0.10180236038131707,0.06968307087751802,3.635,5.243,5.945,7.034,8.37,6.100702380952381,0.04271638249915291,0.1059667420112637,0.13295122954345337,0.1709732447684132,0.21179405386518976,0.13690830539781332,84
corrected,MA28_02.csv,SMD,MA28,0.05577816955997661,0.05965013499162611,0.06299336318332022,0.06767240392153162,0.08786960048105708,0.06433123365788457,4.219,6.11775,7.0295000000000005,8.19275,10.552,7.127380952380952,0.06505326378062899,0.13842325301810288,0.17228383219883742,0.20526270895011076,0.25950833462800793,0.17068658812593854,84
corrected,MA31.csv,SMD,MA31,0.051447133410338575,0.09477081974784557,0.10866171198139518,0.126745195865354,0.23818204191097236,0.11218968691200217,2.043,3.052,3.4565,3.9185,21.289,3.6380408719346047,0.00282950406049057,0.02251224485298452,0.03538866398372564,0.05243649388076201,0.3716082972465112,0.04356527862667354,734
corrected,MA32.csv,SMD,MA32,0.8218494178495163,0.8532456699032998,0.8808636733791212,0.8851626298680308,0.954176737070741,0.880854234611005,1.027,1.065,1.075,1.086,1.109,1.071846153846154,1.0805997642801018e-8,1.715613093262463e-7,1.9356889484348236e-7,3.915698372237312e-7,7.805871295746986e-7,2.6875739380169074e-7,13
corrected,MA34.csv,Zr,MA34,0.053708354593072216,0.06278075377148218,0.07356605564586571,0.10209025252847004,0.18219945272660099,0.08419209602248809,2.373,3.657,5.246,7.1055,13.236,5.608542342342343,0.007218346424172807,0.04237099658335887,0.1082577980102773,0.17411766542801843,0.3014425533610917,0.11405498943377285,555
corrected,MA39_1.csv,SMD,MA39,0.05000000090330303,0.05000000199101173,0.05000000282068939,0.05000000313430519,0.0500000050562438,0.05000000272591393,11043.148,14139.2,15039.454,17730.808,26294.047,15977.675783783783,0.499754419517311,0.4998066471861177,0.4998165754349583,0.4998458949841414,0.4998962001815142,0.49982269629756465,37
corrected,MA39_2.csv,SMD,MA39,0.050260990905542036,0.05106921693936689,0.05123542065057085,0.051766205466803494,0.05303046713887505,0.05146516706764669,14.64,19.038,22.497,24.1575,48.841,22.957,0.31867177524099205,0.3591532036892925,0.38097663303352697,0.3890211866330207,0.44443963964127026,0.3746162139528119,15
corrected,MA41_01.csv,Zr,MA41,0.05988489392346685,0.08199783562481,0.08403040041011434,0.10195192815301868,0.1758324305514425,0.09191582736911848,2.426,3.6225000000000005,4.4350000000000005,4.604,8.059,4.353972727272727,0.008115981190231252,0.04255439840965587,0.0738874039236671,0.07923586093721077,0.20261829568040787,0.07058325115484147,110
corrected,MA41_02.csv,Zr,MA41,0.05130159448388372,0.061786025717990856,0.06839992569593312,0.07472367288664794,0.1143889419444597,0.0691869881494718,3.311,5.14875,5.935499999999999,7.35475,21.986,7.198701086956522,0.0304740978091186,0.10350244337496167,0.13407552568493472,0.18313177686607754,0.3779574831414514,0.15540395733207168,184
corrected,MA41_03.csv,Zr,MA41,0.05159684976333512,0.058014519879792226,0.06204926797730814,0.0632631201901408,0.11248242048844914,0.06341339213968894,3.33,6.958,7.244,8.946,20.081,8.044759689922481,0.03200651152703739,0.1699978128629958,0.18067483695052194,0.22545111505624488,0.36544525639147535,0.1894834917291463,129
corrected,MA41_04.csv,Zr,MA41,0.06387742597227364,0.09221768099957184,0.15791811124403554,0.27631469007209,0.5866078734359208,0.17965030004627713,1.301,1.89025,2.6205,4.0322499999999994,6.916,3.5595288461538463,2.9769698696539843e-5,0.0016012243686256648,0.011467690095064112,0.05668699509099901,0.1649690059052226,0.051545095162256825,104
corrected,MA43.csv,Zr,MA43,0.05001081105349059,0.05027277685717191,0.05159901736530825,0.05495896426351843,0.06967318560829583,0.05372588620614034,5.767,11.359,19.87,47.961,240.195,44.43353846153846,0.12693877205739695,0.2745693477222017,0.3653585147235554,0.443209739866342,0.48864628525133014,0.35673178145258144,13
corrected,MA45_01.csv,Zr,MA45,0.522302464176256,0.6634310425582258,0.8668763474056471,0.9609256047913886,0.9999999994804074,0.8249688392140312,0.999,1.02275,1.0825,1.2289999999999999,1.38,1.1208571428571428,6.02676834375872e-24,6.949114015294466e-9,2.8044257448683114e-7,1.067337813607223e-5,6.715553472207377e-5,8.063527143340242e-6,28
corrected,MA45_02.csv,Zr,MA45,0.09653634621809093,0.2709766070558129,0.36743141853155814,0.6412387711748182,0.9162005095694395,0.4639434125876212,1.049,1.254,1.635,1.9095,3.826,1.742,6.323617931972209e-8,1.5385288891483865e-5,4.661164366837948e-4,0.001827084564633888,0.049741784859144704,0.005248649986692063,11
corrected,MA47_1.csv,Zr,MA47,0.05000874107192499,0.05004370629490651,0.050139868370944196,0.050402911424905716,0.05438205296454013,0.05044455527007559,11.847,38.925,66.753,119.274,265.307,80.00810769230769,0.2862972330914401,0.43112398850362554,0.459247065241855,0.4771837074155901,0.48979058512159623,0.4451052305445648,65
corrected,MA47_2.csv,Zr,MA47,0.07332138635136609,0.20480845466865624,0.42230621084147413,0.6494089332035077,0.9934054867608763,0.4468385317961611,1.007,1.242,1.5234999999999999,2.2350000000000003,5.29,1.8832368421052632,7.894932236193402e-11,1.3108811830120683e-5,2.324613724481927e-4,0.005041564381307818,0.1093109856148647,0.008837763064475326,38
uncorrected,MA01_01.csv,SMD,MA01,0.5034926136809161,0.6300295579691216,0.734544426079224,0.8185113104513039,0.9296768842802695,0.7214332177020312,1.043,1.1125,1.1745,1.2675,1.394,1.196,3.720053711875929e-8,8.355766053711659e-7,3.718054306764027e-6,1.7321215028420344e-5,8.485771525069246e-5,1.6052910769704095e-5,22
uncorrected,MA01_02.csv,SMD,MA01,0.5321860284173794,0.6442930312387447,0.7421135493723393,0.795979203506626,0.8981315316329491,0.7305038965487949,1.066,1.13225,1.166,1.2465000000000002,1.366,1.1837142857142857,1.1650599625894169e-7,1.3253045832410343e-6,3.2954654797073207e-6,1.3921876433314606e-5,5.935721926659375e-5,1.003491718754807e-5,14
uncorrected,MA01_03.csv,SMD,MA01,0.5882100619831984,0.8322525845240214,0.9352794668287767,0.9658360543699782,0.9690016076254333,0.878935819103197,1.02,1.0225,1.0385,1.10575,1.304,1.0794375,3.7139517942038964e-9,4.821848784979224e-9,2.9345218333482012e-8,6.393320414662597e-7,2.916057719017616e-5,2.5774408498031515e-6,16
uncorrected,MA05_01.csv,SMD,MA05,0.07150036562640161,0.08685401079080046,0.09680228811667912,0.10362285665677495,0.1092354283541519,0.09327275754969219,3.409,3.597,3.817,4.279,5.579,4.131705882352941,0.03485229964210576,0.04059248858131808,0.04935191246533011,0.06724419983292818,0.11763307146669127,0.061893561717593124,17
uncorrected,MA05_02.csv,SMD,MA05,0.15506838934870704,0.41876733516145875,0.5412007962276437,0.6588320963972357,0.8607174507085684,0.5263517274599461,1.089,1.23625,1.353,1.534,2.623,1.4711875,3.270873279287601e-7,1.1781583697142623e-5,5.339662627165819e-5,2.653854053760522e-4,0.012145557959234691,0.0010098022465906008,16
uncorrected,MA05_03.csv,SMD,MA05,0.6348634721694678,0.6864570028167299,0.7320278043919377,0.7668526083028179,0.7862081459570976,0.7212818067276102,1.131,1.1475,1.177,1.21475,1.256,1.18525,1.5504062471020172e-6,2.2126950616121043e-6,4.199334756051138e-6,8.415770797213498e-6,1.5767448651893567e-5,6.4291311027744655e-6,4
uncorrected,MA06_01.csv,SMD,MA06,0.1234317986533171,0.153235838260653,0.16778084448763697,0.1808118674516248,0.5131855513334375,0.18295137348425303,1.391,2.39,2.513,2.664,3.132,2.498090909090909,7.522955548271033e-5,0.007403409069833496,0.009451001942587871,0.012607427035564986,0.02435812879978582,0.010345739570247104,33
uncorrected,MA06_02.csv,SMD,MA06,0.2563326992304109,0.3086110328995587,0.35540482637379933,0.5890283451933341,0.8183948977115991,0.4706222006306543,1.109,1.301,1.663,1.781,1.962,1.5527692307692307,8.375493680094378e-7,2.885402590518457e-5,5.447693867261149e-4,0.0010173843460043685,0.0021463390553201987,6.713592576642229e-4,13
uncorrected,MA08.csv,SMD,MA08,0.060661702210378254,0.09712439061607636,0.1150514445263322,0.13723645929401063,0.7311948504653565,0.1322935969644742,1.177,2.8715,3.292,3.834,7.806,3.389220338983051,3.913879228501594e-6,0.01771786455761138,0.029963694051500966,0.04888592033330454,0.19426175838334364,0.03730169540030186,531
uncorrected,MA09.csv,lnRR,MA09,0.05008869994156673,0.0887009992760619,0.1762008342215864,0.4680310439159303,1,0.31413549917966066,0.996,1.449,2.434,4.173,83.319,3.444567463377024,0,1.3167785653731034e-4,0.00806052395425408,0.06333091917682908,0.46751976034863485,0.04505490528452726,1297
uncorrected,MA10.csv,SMD,MA10,0.08832123928568636,0.14224908290932142,0.19123815453265292,0.2503460331695301,0.6328309487475422,0.22731305547447356,1.253,1.993,2.3205,2.8235,4.21,2.4001875,1.6205241435066107e-5,0.0023513797842300683,0.00616902505113273,0.015986981895775743,0.06410990586779083,0.011687745899523023,32
uncorrected,MA12.csv,SMD,MA12,0.08417931608944673,0.1471586034760599,0.1598458816454883,0.17947660255210085,0.40877827264649924,0.1643587466937131,1.546,2.4175,2.5854999999999997,2.75225,4.435,2.620414285714286,0.00027543305204754613,0.007586872826925692,0.011035206849446885,0.01430155712962924,0.07351521988617181,0.012786559978648148,70
uncorrected,MA13_01.csv,SMD,MA13,0.06079196885911664,0.530755383775212,0.690089675294622,0.8911748626998905,0.9993350437393466,0.6770728834880823,1.004,1.0645,1.208,1.3755000000000002,7.744,1.5486744186046513,5.044695016444795e-13,1.4462732313156436e-7,7.284241098775665e-6,6.0948748995270495e-5,0.19291628467196031,0.008652195383847795,43
uncorrected,MA13_02.csv,SMD,MA13,0.08168651298554419,0.11142230431034217,0.12572495402206718,0.17279454247463943,0.328949049123081,0.15008487543771468,1.73,2.465,3.071,3.379,4.57,2.9703513513513515,7.724264827837337e-4,0.008591198910669758,0.023061160047096064,0.03290156698252485,0.08010164718198645,0.023969152184177927,37
uncorrected,MA13_03.csv,SMD,MA13,0.1710600584180233,0.41163633205435063,0.5307252885286413,0.6661001010801799,0.8182108047687511,0.5289899138720768,1.113,1.2315,1.3744999999999998,1.548,2.474,1.4506428571428571,8.406767569465255e-7,1.027878453216138e-5,6.831132617340182e-5,2.8631073528449205e-4,0.00887753927356426,7.74845686890688e-4,14
uncorrected,MA14_01.csv,SMD,MA14,0.11123259573806443,0.16023963832236915,0.21845219868795251,0.3295057610063713,0.6503860683640587,0.26233543715988444,1.244,1.72625,2.142,2.595,3.41,2.1540384615384616,1.276407198209149e-5,7.666956514842701e-4,0.0038727125849909038,0.010949370958895333,0.03306512313411892,0.00679791145638954,104
uncorrected,MA14_02.csv,SMD,MA14,0.0926129692460197,0.13035523530002507,0.17811757971099762,0.26544853266880464,0.5316056282795949,0.2150521010570501,1.365,1.924,2.426,2.9815,3.975,2.480383233532934,5.9789744958169865e-5,0.0018767921467876996,0.007779215970640233,0.020697739827716638,0.05599956694587155,0.013593240311955346,167
uncorrected,MA15_01.csv,SMD,MA15,0.24078801244382486,0.251928432312847,0.288541326017955,0.37649708189665176,0.43713479154820845,0.3189779288438974,1.504,1.627,1.841,1.98,2.067,1.8038,1.932054267755988e-4,4.148318911935362e-4,0.0013450667574134278,0.0022929883005407886,0.0027176290313463535,0.001392744281453941,5
uncorrected,MA15_02.csv,SMD,MA15,0.669090951494421,0.7239442320740213,0.7899400688453212,0.8134137990047844,0.9335644172538929,0.7828106675327889,1.036,1.115,1.128,1.18,1.231,1.1393333333333333,3.142342387741269e-8,9.255707030245159e-7,1.4484069536113758e-6,4.383009092150277e-6,9.839333816826217e-6,2.9875258994494948e-6,9
uncorrected,MA15_03.csv,SMD,MA15,0.505371677591238,0.5300162615451441,0.5656107803111776,0.6067454761275746,0.7581535728711873,0.5843625939193325,1.152,1.2850000000000001,1.329,1.374,1.395,1.3136363636363637,2.5271302167741054e-6,2.296515492884378e-5,3.8950101161633044e-5,6.159930444183079e-5,8.290105501556792e-5,4.149028122944527e-5,11
uncorrected,MA15_04.csv,SMD,MA15,0.053125719475845656,0.05884988789948742,0.060042227034350915,0.06016887566516049,0.0669942419439894,0.060118472346434235,6.244,7.871,8.019,8.48,14.281,8.421454545454546,0.14266836704086658,0.19949512340273856,0.2008779610876742,0.2147728965856926,0.3161086485260803,0.2064496206518,11
uncorrected,MA17.csv,Zr,MA17,0.05248570406509423,0.05560881228558345,0.06115286636080697,0.06682123568986387,0.08324808384951943,0.06368891436082787,4.453,6.287999999999999,7.672000000000001,10.55375,15.772,8.288787878787879,0.07588559525942976,0.1437910138313943,0.18926752648956474,0.2624855142745619,0.3344111722376082,0.19267137137728585,66
uncorrected,MA18.csv,SMD,MA18,0.22234303761209895,0.5034141133620144,0.5673200219375573,0.7259646994019846,0.921779316649489,0.6017500194808176,1.049,1.181,1.326,1.4015,2.118,1.3394347826086956,5.123822772907822e-8,4.946391649933118e-6,3.811234436107387e-5,8.494466050960525e-5,0.0036352124149063186,2.4978537510221473e-4,23
uncorrected,MA20_cleaned.csv,lnRR,MA20,0.05446511796384701,0.05870941052722933,0.0684690746004093,0.10215581167617072,0.5292903882281293,0.11526910807527775,1.366,3.657,5.979,8.589,11.904,6.245793103448276,6.154576467351237e-5,0.04229285615257869,0.13367288621418122,0.21647179576327613,0.2845438245896222,0.1367013762032276,29
uncorrected,MA21.csv,SMD,MA21,0.06162605908919894,0.0666810928067178,0.07132983943346982,0.07743013494915929,0.08210273436932525,0.07186730663780146,4.583,4.917,5.559,6.308999999999999,7.468,5.693272727272728,0.07894704068571926,0.09367197591042806,0.11845877466096558,0.14545970924972068,0.18465121939528145,0.12227916388556302,11
uncorrected,MA22_01.csv,lnRR,MA22,0.05056165762620546,0.057488803884637174,0.07858036593357792,0.19867658544293187,0.8905311651814186,0.15975684792409425,1.063,2.26025,4.8495,9.24975,33.132,6.64395652173913,1.4681190507476781e-7,0.005401342691032148,0.08968685817986724,0.23271864336564574,0.41888589256533076,0.12579453094003745,92
uncorrected,MA22_02.csv,lnRR,MA22,0.05022407845269883,0.05298043154160817,0.06130169452395995,0.10792324237947637,0.5218549719071499,0.09631883274040712,1.382,3.47375,7.5695,14.579500000000001,52.575,10.42175,6.753127247315737e-5,0.0361199545024367,0.1879376452436688,0.3200544270989895,0.44848778565777037,0.1870946926238292,92
uncorrected,MA22_03.csv,lnRR,MA22,0.05000645922206981,0.051199317961318686,0.05503046654572824,0.07481462896815344,0.26892549330329796,0.06990667389067903,1.911,5.16925,11.214500000000001,22.932000000000002,309.051,18.675793478260868,0.0017822449682783458,0.10312284009634173,0.2732541747744507,0.3826626948057211,0.49122343371856075,0.2481605610273046,92
uncorrected,MA23.csv,SMD,MA23,0.10336137185518102,0.44266167126151745,0.6035255821629866,0.7284873667020004,0.9802500488988415,0.5772404537975377,1.01,1.17775,1.285,1.49425,3.635,1.5085,1.1460973259124375e-9,4.083950278686181e-6,2.5305778071094386e-5,1.8041509448427364e-4,0.04088893417435147,0.003207617327062094,24
uncorrected,MA24.csv,SMD,MA24,0.0655939120961666,0.12222654552822176,0.1482906860915546,0.20294714618203047,0.9820059788698181,0.19092986648630778,1.015,2.243,2.724,3.1100000000000003,6.445,2.719546762589928,9.047274413046844e-10,0.005011859986939844,0.013965685896681266,0.025076861641570355,0.1520789349796194,0.01841792094040047,139
uncorrected,MA25.csv,SMD,MA25,0.1553765713742763,0.2478536662348288,0.3115291059170804,0.4069000429374557,0.7342953605220031,0.3397872489563971,1.171,1.5565,1.77,1.9955,2.631,1.7938139534883721,3.7269248696796314e-6,2.8251126125874233e-4,9.775390391325866e-4,0.002439469222974189,0.012069931849992607,0.0018335310888739425,43
uncorrected,MA26.csv,SMD,MA26,0.05181270273761962,0.0670191274080954,0.07771236634818313,0.09750271296307583,0.2768948805624998,0.0920071843046389,1.883,3.81,4.913,6.2235,18.671,5.061962962962963,0.001587906817237076,0.0483459231203318,0.0924037902096789,0.14250921014735923,0.35711984935440716,0.0971191537034225,459
uncorrected,MA28_01.csv,SMD,MA28,0.19436478863045537,0.25967797711561763,0.3449341881911582,0.4264275324968707,0.7338093186165103,0.35494530290814214,1.175,1.51675,1.6875,1.954,2.301,1.7299880952380953,3.755712778873416e-6,2.2079313207779428e-4,6.249365290049637e-4,0.002042061684686024,0.00581106024659541,0.00127381248478164,84
uncorrected,MA28_02.csv,SMD,MA28,0.17543560299353012,0.2611738469231397,0.33336421496749996,0.4288829824040554,0.7367961000312959,0.35485584731959496,1.169,1.52,1.722,1.94775,2.449,1.7329880952380952,3.5817925599097362e-6,2.1412901774339854e-4,7.28337772119869e-4,0.0019972843027934056,0.008176230368911715,0.001297279172349029,84
uncorrected,MA31.csv,SMD,MA31,0.051478277921271465,0.0957527736626341,0.10995271666866113,0.1284390265322181,0.2422884836138307,0.11355901931985948,2.024,3.00725,3.417,3.87875,20.653,3.5990054495912807,0.0026555129526609593,0.021636711666474802,0.03419641638492408,0.050914615386015924,0.3702972602101456,0.04234333817422452,734
uncorrected,MA32.csv,SMD,MA32,0.8218494178495163,0.8532456699032998,0.8808636733791212,0.8851626298680308,0.954176737070741,0.880854234611005,1.03,1.07,1.074,1.089,1.114,1.0736153846153846,1.0805997642801018e-8,1.715613093262463e-7,1.9356889484348236e-7,3.915698372237312e-7,7.805871295746986e-7,2.6875739380169074e-7,13
uncorrected,MA34.csv,Zr,MA34,0.0773937644901238,0.14640814703961635,0.22944219066453508,0.43550254307574743,0.8078648168570131,0.29475555640119094,1.113,1.507,2.077,2.7445000000000004,4.967,2.2129765765765765,1.0323387708722594e-6,1.9717150691255916e-4,0.0032452035301414883,0.014529701142689536,0.09350145765790438,0.010482254379880943,555
uncorrected,MA39_1.csv,SMD,MA39,0.0529979385281919,0.0566220287519249,0.05939648465737768,0.06044744242577682,0.06691382841825089,0.05908526290235936,6.144,7.804,8.318,9.731,14.383,8.847783783783784,0.1431846520526313,0.1965087081260309,0.208185827788866,0.2455957191243754,0.3195588929755689,0.21834636571184485,37
uncorrected,MA39_2.csv,SMD,MA39,0.050260990905542036,0.05106921693936689,0.05123542065057085,0.051766205466803494,0.05303046713887505,0.05146516706764669,14.394,18.8575,22.603,24.109499999999997,49.225,22.9336,0.31867177524099205,0.3591532036892925,0.38097663303352697,0.3890211866330207,0.44443963964127026,0.3746162139528119,15
uncorrected,MA41_01.csv,Zr,MA41,0.07528015817600275,0.13279195435354607,0.13811004094232593,0.184976402455197,0.37064478119509825,0.15854336793611234,1.618,2.35925,2.8575,2.954,5.129,2.806309090909091,4.4721030775444115e-4,0.006871666748319459,0.017379030997750258,0.019575226067147497,0.10126963864744143,0.01903283421330372,110
uncorrected,MA41_02.csv,Zr,MA41,0.055943776035421444,0.10477769530660475,0.1361500101082911,0.16630870378947807,0.3504717657739188,0.1399907686279213,1.671,2.5145,2.883,3.5335,10.438,3.469494565217391,5.810228217583041e-4,0.009739217857613072,0.018150825373842196,0.03931625561344927,0.25666018586426154,0.04107015935186734,184
uncorrected,MA41_03.csv,Zr,MA41,0.06597186876914307,0.13211039936978952,0.1745367719476949,0.18733305718712157,0.6298027087741789,0.1871510361789328,1.261,2.337,2.428,2.965,6.447,2.6796046511627907,1.6878226295365117e-5,0.006579965666743428,0.008314695091810207,0.019881196102936594,0.14944830717009067,0.01801640077054806,129
uncorrected,MA41_04.csv,Zr,MA41,0.06387742597227364,0.09221768099957184,0.15791811124403554,0.27631469007209,0.5866078734359208,0.17965030004627713,1.299,1.89175,2.6155,4.0322499999999994,6.914,3.5578557692307697,2.9769698696539843e-5,0.0016012243686256648,0.011467690095064112,0.05668699509099901,0.1649690059052226,0.051545095162256825,104
uncorrected,MA43.csv,Zr,MA43,0.05003030697720823,0.05076490455753402,0.054490277580412694,0.06397289936950057,0.10607395332176317,0.06055738119091367,3.519,6.753,11.824,28.87,146.532,26.77953846153846,0.0379452513485913,0.1642083461033343,0.284017247530571,0.4056464421315902,0.4809962888657446,0.29045507407506155,13
uncorrected,MA45_01.csv,Zr,MA45,0.7625916848250189,0.8849549103663349,0.9828127457447352,0.9985483740296043,1,0.9439043390907129,0.998,1.001,1.011,1.06975,1.156,1.0350714285714286,5.022953380267075e-37,2.645877823053131e-12,8.058190734542458e-10,1.7316448576536014e-7,2.344977379253705e-6,2.1071938717256832e-7,28
uncorrected,MA45_02.csv,Zr,MA45,0.5978901063094231,0.9964805747411186,0.9999011392572315,0.9999999991896622,1,0.9618922377979011,0.998,0.999,1,1.0030000000000001,1.298,1.0279090909090909,7.876128335706298e-43,1.8102355067820285e-23,1.0708185110627502e-14,2.8826349485133504e-11,2.572240695250635e-5,2.338424366314271e-6,11
uncorrected,MA47_1.csv,Zr,MA47,0.05105080343721047,0.05526726480525557,0.06696632774913958,0.09962702996136652,0.5718354134275369,0.1040797662760002,1.318,3.722,6.193,10.955,24.448,7.397092307692308,3.598088367996341e-5,0.04544926728293685,0.142847269008666,0.26869998994390887,0.38990977871461907,0.14998044446708306,65
uncorrected,MA47_2.csv,Zr,MA47,0.07406774516301229,0.20980982387687466,0.43314825012234526,0.6629229987934016,0.9945864938635611,0.45549494526481066,1.002,1.2295,1.5045,2.1952499999999997,5.249,1.8629736842105262,4.987136811825132e-11,1.0876211235504901e-5,2.030391511077867e-4,0.004640057180988882,0.10614315420316316,0.008445860595859224,38
