obs_ID,study_ID,year,ntot,es,var,corr,research_aim
obs_001,Anderson_1993,1993,22,0.411800034,0.052631579,0.39,animal
obs_002,Anderson_1993,1993,22,0.276863823,0.052631579,0.27,animal
obs_003,Anderson_1993,1993,22,0.13073985,0.052631579,0.13,animal
obs_004,Anderson_1993,1993,22,0.459896681,0.052631579,0.43,animal
obs_005,Anderson_1993,1993,22,0.234189467,0.052631579,0.23,animal
obs_006,Anderson_1993,1993,22,0.562729769,0.052631579,0.51,animal
obs_007,Anderson_etal_2017,2017,19,0.041022997,0.0625,0.041,animal
obs_008,Anderson_etal_2017,2017,19,-0.080171325,0.0625,-0.08,animal
obs_009,Anderson_etal_2017,2017,19,0.477202013,0.0625,0.444,animal
obs_010,Anderson_etal_2017,2017,19,0.044028428,0.0625,0.044,animal
obs_011,Anderson_etal_2017,2017,19,0.736457344,0.0625,0.627,animal
obs_012,Anderson_etal_2017,2017,19,0.210035,0.0625,0.207,animal
obs_013,Anderson_etal_2017,2017,19,-0.076146835,0.0625,-0.076,animal
obs_014,Anderson_etal_2017,2017,19,0.40122894,0.0625,0.381,animal
obs_015,Anderson_etal_2017,2017,19,-0.435611223,0.0625,-0.41,animal
obs_016,Anderson_etal_2017,2017,19,-0.169607861,0.0625,-0.168,animal
obs_017,Anderson_etal_2017,2017,39,0.071119666,0.027777778,0.071,animal
obs_018,Anderson_etal_2017,2017,41,-0.019002287,0.026315789,-0.019,animal
obs_019,Anderson_etal_2017,2017,40,0.119566541,0.027027027,0.119,animal
obs_020,Anderson_etal_2017,2017,40,-0.163439918,0.027027027,-0.162,animal
obs_021,Anderson_etal_2017,2017,39,0.594326311,0.027777778,0.533,animal
obs_022,Anderson_etal_2017,2017,38,-0.039019791,0.028571429,-0.039,animal
obs_023,Anderson_etal_2017,2017,38,0.001,0.028571429,0.001,animal
obs_024,Anderson_etal_2017,2017,40,-0.032010929,0.027027027,-0.032,animal
obs_025,Anderson_etal_2017,2017,40,0.002000003,0.027027027,0.002,animal
obs_026,Anderson_etal_2017,2017,39,-0.118552299,0.027777778,-0.118,animal
obs_027,Arden & Adams_2016,2016,59,0.266108407,0.017857143,0.26,animal
obs_028,Arden & Adams_2016,2016,53,0.080171325,0.02,0.08,animal
obs_029,Arden & Adams_2016,2016,55,0.40005965,0.019230769,0.38,animal
obs_030,Arden & Adams_2016,2016,40,-0.060072156,0.027027027,-0.06,animal
obs_031,Arden & Adams_2016,2016,60,0.040021354,0.01754386,0.04,animal
obs_032,Arden & Adams_2016,2016,53,-0.050041729,0.02,-0.05,animal
obs_033,Arden & Adams_2016,2016,60,-0.255412812,0.01754386,-0.25,animal
obs_034,Arden & Adams_2016,2016,54,0.255412812,0.019607843,0.25,animal
obs_035,Arden & Adams_2016,2016,57,0.202732554,0.018518519,0.2,animal
obs_036,Arden & Adams_2016,2016,41,-0.13073985,0.026315789,-0.13,animal
obs_037,Arden & Adams_2016,2016,63,-0.161386696,0.016666667,-0.16,animal
obs_038,Arden & Adams_2016,2016,55,0.030009005,0.019230769,0.03,animal
obs_039,Arden & Adams_2016,2016,63,-0.151140436,0.016666667,-0.15,animal
obs_040,Arden & Adams_2016,2016,51,0.070114671,0.020833333,0.07,animal
obs_041,Arden & Adams_2016,2016,38,-0.151140436,0.028571429,-0.15,animal
obs_042,Arden & Adams_2016,2016,55,-0.320545409,0.019230769,-0.31,animal
obs_043,Arden & Adams_2016,2016,51,-0.110446916,0.020833333,-0.11,animal
obs_044,Arden & Adams_2016,2016,56,-0.020002667,0.018867925,-0.02,animal
obs_045,Arden & Adams_2016,2016,39,0.202732554,0.027777778,0.2,animal
obs_046,Arden & Adams_2016,2016,58,-0.298566264,0.018181818,-0.29,animal
obs_047,Arden & Adams_2016,2016,53,0.298566264,0.02,0.29,animal
obs_048,Arden & Adams_2016,2016,58,0.020002667,0.018181818,0.02,animal
obs_049,Arden & Adams_2016,2016,43,-0.618381314,0.025,-0.55,animal
obs_050,Arden & Adams_2016,2016,43,0.632833187,0.025,0.56,animal
obs_051,Arden & Adams_2016,2016,43,-0.223656109,0.025,-0.22,animal
obs_052,Arden & Adams_2016,2016,56,-0.320545409,0.018867925,-0.31,animal
obs_053,Arden & Adams_2016,2016,64,0.202732554,0.016393443,0.2,animal
obs_054,Arden & Adams_2016,2016,57,-0.276863823,0.018518519,-0.27,animal
obs_055,Ashton_etal_2018,2018,47,0.402399273,0.022727273,0.382,animal
obs_056,Ashton_etal_2018,2018,47,0.463583062,0.022727273,0.433,animal
obs_057,Ashton_etal_2018,2018,48,0.453778526,0.022222222,0.425,animal
obs_058,Ashton_etal_2018,2018,48,0.529501575,0.022222222,0.485,animal
obs_059,Ashton_etal_2018,2018,47,0.68382435,0.022727273,0.594,animal
obs_060,Ashton_etal_2018,2018,47,0.512640508,0.022727273,0.472,animal
obs_061,Ashton_etal_2018,2018,15,0.324976786,0.083333333,0.314,animal
obs_062,Ashton_etal_2018,2018,15,0.384951707,0.083333333,0.367,animal
obs_063,Ashton_etal_2018,2018,16,0.412979962,0.076923077,0.391,animal
obs_064,Ashton_etal_2018,2018,15,2.14573682,0.083333333,0.973,animal
obs_065,Ashton_etal_2018,2018,15,0.542661528,0.083333333,0.495,animal
obs_066,Ashton_etal_2018,2018,15,0.604155603,0.083333333,0.54,animal
obs_067,Ashton_etal_2018,2018,10,0.577711347,0.142857143,0.521,animal
obs_068,Ashton_etal_2018,2018,10,0.595724174,0.142857143,0.534,animal
obs_069,Ashton_etal_2018,2018,10,0.555995207,0.142857143,0.505,animal
obs_070,Ashton_etal_2018,2018,10,1.589026915,0.142857143,0.92,animal
obs_071,Ashton_etal_2018,2018,10,1.417136333,0.142857143,0.889,animal
obs_072,Ashton_etal_2018,2018,10,1.97206674,0.142857143,0.962,animal
obs_073,Boogert_etal_2011,2011,51,0.282264901,0.020833333,0.275,animal
obs_074,Boogert_etal_2011,2011,50,0.039019791,0.021276596,0.039,animal
obs_075,Boogert_etal_2011,2011,22,0.060072156,0.052631579,0.06,animal
obs_076,Boogert_etal_2011,2011,51,-0.052046946,0.020833333,-0.052,animal
obs_077,Boogert_etal_2011,2011,51,0.300751295,0.020833333,0.292,animal
obs_078,Boogert_etal_2011,2011,22,-0.237359351,0.052631579,-0.233,animal
obs_079,Boogert_etal_2011,2011,52,0.094278338,0.020408163,0.094,animal
obs_080,Boogert_etal_2011,2011,22,-0.18715497,0.052631579,-0.185,animal
obs_081,Boogert_etal_2011,2011,51,0.349576602,0.020833333,0.336,animal
obs_082,Boogert_etal_2011,2011,22,-0.726631158,0.052631579,-0.621,animal
obs_083,DuBois_etal_2018,2018,29,-0.21631183,0.038461538,-0.213,animal
obs_084,DuBois_etal_2018,2018,29,-0.104377407,0.038461538,-0.104,animal
obs_085,DuBois_etal_2018,2018,20,0.076146835,0.058823529,0.076,animal
obs_086,DuBois_etal_2018,2018,26,-0.050041729,0.043478261,-0.05,animal
obs_087,DuBois_etal_2018,2018,49,0.502396767,0.02173913,0.464,animal
obs_088,DuBois_etal_2018,2018,38,-0.020002667,0.028571429,-0.02,animal
obs_089,DuBois_etal_2018,2018,46,-0.043026532,0.023255814,-0.043,animal
obs_090,DuBois_etal_2018,2018,38,0.172696604,0.028571429,0.171,animal
obs_091,DuBois_etal_2018,2018,46,-0.063083548,0.023255814,-0.063,animal
obs_092,DuBois_etal_2018,2018,36,-0.121595763,0.03030303,-0.121,animal
obs_093,Galsworthy_etal_2005,2005,84,0.100335348,0.012345679,0.1,animal
obs_094,Galsworthy_etal_2005,2005,84,0.060072156,0.012345679,0.06,animal
obs_095,Galsworthy_etal_2005,2005,84,0.223656109,0.012345679,0.22,animal
obs_096,Galsworthy_etal_2005,2005,84,0.171666664,0.012345679,0.17,animal
obs_097,Galsworthy_etal_2005,2005,84,0.140925576,0.012345679,0.14,animal
obs_098,Galsworthy_etal_2005,2005,84,0.576339755,0.012345679,0.52,animal
obs_099,Galsworthy_etal_2005,2005,84,0.213171347,0.012345679,0.21,animal
obs_100,Galsworthy_etal_2005,2005,84,0.120581028,0.012345679,0.12,animal
obs_101,Galsworthy_etal_2005,2005,84,0.255412812,0.012345679,0.25,animal
obs_102,Galsworthy_etal_2005,2005,84,0.309519604,0.012345679,0.3,animal
obs_103,Galsworthy_etal_2005,2005,84,0.13073985,0.012345679,0.13,animal
obs_104,Galsworthy_etal_2005,2005,84,0.050041729,0.012345679,0.05,animal
obs_105,Galsworthy_etal_2005,2005,84,0.331647109,0.012345679,0.32,animal
obs_106,Galsworthy_etal_2005,2005,84,0.411800034,0.012345679,0.39,animal
obs_107,Galsworthy_etal_2005,2005,84,0.181982689,0.012345679,0.18,animal
obs_108,Galsworthy_etal_2005,2005,167,0.171666664,0.006097561,0.17,animal
obs_109,Galsworthy_etal_2005,2005,167,0.244774113,0.006097561,0.24,animal
obs_110,Galsworthy_etal_2005,2005,167,-0.050041729,0.006097561,-0.05,animal
obs_111,Galsworthy_etal_2005,2005,167,-0.040021354,0.006097561,-0.04,animal
obs_112,Galsworthy_etal_2005,2005,167,0,0.006097561,0,animal
obs_113,Galsworthy_etal_2005,2005,167,0.140925576,0.006097561,0.14,animal
obs_114,Galsworthy_etal_2005,2005,167,-0.080171325,0.006097561,-0.08,animal
obs_115,Galsworthy_etal_2005,2005,167,-0.090244188,0.006097561,-0.09,animal
obs_116,Galsworthy_etal_2005,2005,167,0.020002667,0.006097561,0.02,animal
obs_117,Galsworthy_etal_2005,2005,167,0.030009005,0.006097561,0.03,animal
obs_118,Galsworthy_etal_2005,2005,167,0.536060337,0.006097561,0.49,animal
obs_119,Galsworthy_etal_2005,2005,167,0.120581028,0.006097561,0.12,animal
obs_120,Galsworthy_etal_2005,2005,167,0,0.006097561,0,animal
obs_121,Galsworthy_etal_2005,2005,167,-0.070114671,0.006097561,-0.07,animal
obs_122,Galsworthy_etal_2005,2005,167,0.171666664,0.006097561,0.17,animal
obs_123,Galsworthy_etal_2005,2005,167,0.100335348,0.006097561,0.1,animal
obs_124,Galsworthy_etal_2005,2005,167,0.010000333,0.006097561,0.01,animal
obs_125,Galsworthy_etal_2005,2005,167,0.276863823,0.006097561,0.27,animal
obs_126,Galsworthy_etal_2005,2005,167,0.151140436,0.006097561,0.15,animal
obs_127,Galsworthy_etal_2005,2005,167,0.040021354,0.006097561,0.04,animal
obs_128,Galsworthy_etal_2005,2005,167,0.020002667,0.006097561,0.02,animal
obs_129,Galsworthy_etal_2005,2005,167,-0.070114671,0.006097561,-0.07,animal
obs_130,Galsworthy_etal_2005,2005,167,0.080171325,0.006097561,0.08,animal
obs_131,Galsworthy_etal_2005,2005,167,0.060072156,0.006097561,0.06,animal
obs_132,Galsworthy_etal_2005,2005,167,-0.050041729,0.006097561,-0.05,animal
obs_133,Galsworthy_etal_2005,2005,167,0.298566264,0.006097561,0.29,animal
obs_134,Galsworthy_etal_2005,2005,167,0.171666664,0.006097561,0.17,animal
obs_135,Galsworthy_etal_2005,2005,167,0.3884231,0.006097561,0.37,animal
obs_136,Galsworthy_etal_2005,2005,167,0.080171325,0.006097561,0.08,animal
obs_137,Galsworthy_etal_2005,2005,167,-0.140925576,0.006097561,-0.14,animal
obs_138,Galsworthy_etal_2005,2005,167,0.090244188,0.006097561,0.09,animal
obs_139,Galsworthy_etal_2005,2005,167,-0.030009005,0.006097561,-0.03,animal
obs_140,Galsworthy_etal_2005,2005,167,0.090244188,0.006097561,0.09,animal
obs_141,Galsworthy_etal_2005,2005,167,0.010000333,0.006097561,0.01,animal
obs_142,Galsworthy_etal_2005,2005,167,0.181982689,0.006097561,0.18,animal
obs_143,Galsworthy_etal_2005,2005,167,-0.060072156,0.006097561,-0.06,animal
obs_144,Galsworthy_etal_2005,2005,167,-0.010000333,0.006097561,-0.01,animal
obs_145,Galsworthy_etal_2005,2005,167,0.050041729,0.006097561,0.05,animal
obs_146,Galsworthy_etal_2005,2005,167,0.080171325,0.006097561,0.08,animal
obs_147,Galsworthy_etal_2005,2005,167,-0.060072156,0.006097561,-0.06,animal
obs_148,Galsworthy_etal_2005,2005,167,0.266108407,0.006097561,0.26,animal
obs_149,Galsworthy_etal_2005,2005,167,0.171666664,0.006097561,0.17,animal
obs_150,Galsworthy_etal_2005,2005,167,0,0.006097561,0,animal
obs_151,Galsworthy_etal_2005,2005,167,0.090244188,0.006097561,0.09,animal
obs_152,Galsworthy_etal_2005,2005,167,0.020002667,0.006097561,0.02,animal
obs_153,Galsworthy_etal_2005,2005,167,0.213171347,0.006097561,0.21,animal
obs_154,Galsworthy_etal_2005,2005,167,0.060072156,0.006097561,0.06,animal
obs_155,Galsworthy_etal_2005,2005,167,0.234189467,0.006097561,0.23,animal
obs_156,Galsworthy_etal_2005,2005,167,0.090244188,0.006097561,0.09,animal
obs_157,Galsworthy_etal_2005,2005,167,0.972955075,0.006097561,0.75,animal
obs_158,Galsworthy_etal_2005,2005,167,0.070114671,0.006097561,0.07,animal
obs_159,Galsworthy_etal_2005,2005,167,-0.070114671,0.006097561,-0.07,animal
obs_160,Galsworthy_etal_2005,2005,167,0.030009005,0.006097561,0.03,animal
obs_161,Galsworthy_etal_2005,2005,167,-0.050041729,0.006097561,-0.05,animal
obs_162,Galsworthy_etal_2005,2005,167,0.070114671,0.006097561,0.07,animal
obs_163,Galsworthy_etal_2002,2002,40,0.459896681,0.027027027,0.43,animal
obs_164,Galsworthy_etal_2002,2002,40,0.255412812,0.027027027,0.25,animal
obs_165,Galsworthy_etal_2002,2002,40,0.331647109,0.027027027,0.32,animal
obs_166,Galsworthy_etal_2002,2002,40,0.020002667,0.027027027,0.02,animal
obs_167,Galsworthy_etal_2002,2002,40,0.320545409,0.027027027,0.31,animal
obs_168,Galsworthy_etal_2002,2002,40,0.331647109,0.027027027,0.32,animal
obs_169,Galsworthy_etal_2002,2002,40,0.365443754,0.027027027,0.35,animal
obs_170,Galsworthy_etal_2002,2002,40,0.050041729,0.027027027,0.05,animal
obs_171,Galsworthy_etal_2002,2002,40,0.42364893,0.027027027,0.4,animal
obs_172,Galsworthy_etal_2002,2002,40,0.244774113,0.027027027,0.24,animal
obs_173,Galsworthy_etal_2002,2002,40,0.171666664,0.027027027,0.17,animal
obs_174,Galsworthy_etal_2002,2002,40,0.151140436,0.027027027,0.15,animal
obs_175,Galsworthy_etal_2002,2002,40,0.050041729,0.027027027,0.05,animal
obs_176,Galsworthy_etal_2002,2002,40,0.090244188,0.027027027,0.09,animal
obs_177,Galsworthy_etal_2002,2002,40,0.100335348,0.027027027,0.1,animal
obs_178,Galsworthy_etal_2002,2002,40,0.202732554,0.027027027,0.2,animal
obs_179,Galsworthy_etal_2002,2002,40,0.234189467,0.027027027,0.23,animal
obs_180,Galsworthy_etal_2002,2002,40,0.213171347,0.027027027,0.21,animal
obs_181,Galsworthy_etal_2002,2002,40,-0.040021354,0.027027027,-0.04,animal
obs_182,Galsworthy_etal_2002,2002,40,0.447692024,0.027027027,0.42,animal
obs_183,Galsworthy_etal_2002,2002,40,0.080171325,0.027027027,0.08,animal
obs_184,Galsworthy_etal_2002,2002,40,0.040021354,0.027027027,0.04,animal
obs_185,Galsworthy_etal_2002,2002,40,-0.020002667,0.027027027,-0.02,animal
obs_186,Galsworthy_etal_2002,2002,40,0.171666664,0.027027027,0.17,animal
obs_187,Galsworthy_etal_2002,2002,40,0.030009005,0.027027027,0.03,animal
obs_188,Galsworthy_etal_2002,2002,40,0.13073985,0.027027027,0.13,animal
obs_189,Galsworthy_etal_2002,2002,40,0.522984278,0.027027027,0.48,animal
obs_190,Galsworthy_etal_2002,2002,40,0.342828254,0.027027027,0.33,animal
obs_191,Isden_etal 2013_2013,2013,13,0,0.1,0,animal
obs_192,Isden_etal 2013_2013,2013,13,0.13073985,0.1,0.13,animal
obs_193,Isden_etal 2013_2013,2013,12,0.255412812,0.111111111,0.25,animal
obs_194,Isden_etal 2013_2013,2013,11,0.342828254,0.125,0.33,animal
obs_195,Isden_etal 2013_2013,2013,11,-0.070114671,0.125,-0.07,animal
obs_196,Isden_etal 2013_2013,2013,14,0.459896681,0.090909091,0.43,animal
obs_197,Isden_etal 2013_2013,2013,13,0.060072156,0.1,0.06,animal
obs_198,Isden_etal 2013_2013,2013,12,0.435611223,0.111111111,0.41,animal
obs_199,Isden_etal 2013_2013,2013,12,0.181982689,0.111111111,0.18,animal
obs_200,Isden_etal 2013_2013,2013,13,0.472230804,0.1,0.44,animal
obs_201,Isden_etal 2013_2013,2013,12,0.693147181,0.111111111,0.6,animal
obs_202,Isden_etal 2013_2013,2013,12,0.435611223,0.111111111,0.41,animal
obs_203,Isden_etal 2013_2013,2013,12,0.693147181,0.111111111,0.6,animal
obs_204,Isden_etal 2013_2013,2013,12,-0.223656109,0.111111111,-0.22,animal
obs_205,Isden_etal 2013_2013,2013,12,0.376885901,0.111111111,0.36,animal
obs_206,Keagey_etal_2011,2011,19,-0.181982689,0.0625,-0.18,animal
obs_207,Keagey_etal_2011,2011,19,0.181982689,0.0625,0.18,animal
obs_208,Keagey_etal_2011,2011,18,-0.161386696,0.066666667,-0.16,animal
obs_209,Keagey_etal_2011,2011,18,0.276863823,0.066666667,0.27,animal
obs_210,Keagey_etal_2011,2011,18,-0.181982689,0.066666667,-0.18,animal
obs_211,Keagey_etal_2011,2011,19,0.42364893,0.0625,0.4,animal
obs_212,Keagey_etal_2011,2011,18,0.161386696,0.066666667,0.16,animal
obs_213,Keagey_etal_2011,2011,18,0.090244188,0.066666667,0.09,animal
obs_214,Keagey_etal_2011,2011,18,0.110446916,0.066666667,0.11,animal
obs_215,Keagey_etal_2011,2011,18,-0.110446916,0.066666667,-0.11,animal
obs_216,Keagey_etal_2011,2011,18,-0.100335348,0.066666667,-0.1,animal
obs_217,Keagey_etal_2011,2011,18,-0.080171325,0.066666667,-0.08,animal
obs_218,Keagey_etal_2011,2011,18,0.161386696,0.066666667,0.16,animal
obs_219,Keagey_etal_2011,2011,18,0.484700279,0.066666667,0.45,animal
obs_220,Keagey_etal_2011,2011,18,-0.120581028,0.066666667,-0.12,animal
obs_221,Kolata_etal_2005,2005,21,0.604155603,0.055555556,0.54,animal
obs_222,Kolata_etal_2005,2005,21,0.255412812,0.055555556,0.25,animal
obs_223,Kolata_etal_2005,2005,21,0.287682072,0.055555556,0.28,animal
obs_224,Kolata_etal_2005,2005,21,0.110446916,0.055555556,0.11,animal
obs_225,Kolata_etal_2005,2005,21,0.510070337,0.055555556,0.47,animal
obs_226,Kolata_etal_2005,2005,21,0.604155603,0.055555556,0.54,animal
obs_227,Kolata_etal_2005,2005,21,0.020002667,0.055555556,0.02,animal
obs_228,Kolata_etal_2005,2005,21,0.42364893,0.055555556,0.4,animal
obs_229,Kolata_etal_2005,2005,21,0.171666664,0.055555556,0.17,animal
obs_230,Kolata_etal_2005,2005,21,0.320545409,0.055555556,0.31,animal
obs_231,Kolata_etal_2005,2005,21,0.693147181,0.055555556,0.6,animal
obs_232,Kolata_etal_2005,2005,21,0.536060337,0.055555556,0.49,animal
obs_233,Kolata_etal_2005,2005,21,0.309519604,0.055555556,0.3,animal
obs_234,Kolata_etal_2005,2005,21,0.497311288,0.055555556,0.46,animal
obs_235,Kolata_etal_2005,2005,21,0.070114671,0.055555556,0.07,animal
obs_236,Kolata_etal_2005,2005,21,0.110446916,0.055555556,0.11,animal
obs_237,Kolata_etal_2005,2005,21,0.497311288,0.055555556,0.46,animal
obs_238,Kolata_etal_2005,2005,21,0.244774113,0.055555556,0.24,animal
obs_239,Kolata_etal_2005,2005,21,0.40005965,0.055555556,0.38,animal
obs_240,Kolata_etal_2005,2005,21,0.40005965,0.055555556,0.38,animal
obs_241,Kolata_etal_2005,2005,21,0.725005088,0.055555556,0.62,animal
obs_242,Kolata_etal_2007,2007,27,0.907644983,0.041666667,0.72,animal
obs_243,Kolata_etal_2007,2007,27,0.459896681,0.041666667,0.43,animal
obs_244,Kolata_etal_2007,2007,27,0.13073985,0.041666667,0.13,animal
obs_245,Kolata_etal_2007,2007,27,0.287682072,0.041666667,0.28,animal
obs_246,Kolata_etal_2007,2007,27,0.365443754,0.041666667,0.35,animal
obs_247,Kolata_etal_2007,2007,27,0.287682072,0.041666667,0.28,animal
obs_248,Kolata_etal_2007,2007,27,0.13073985,0.041666667,0.13,animal
obs_249,Kolata_etal_2007,2007,27,0.758173745,0.041666667,0.64,animal
obs_250,Kolata_etal_2007,2007,27,0.376885901,0.041666667,0.36,animal
obs_251,Kolata_etal_2007,2007,27,0.070114671,0.041666667,0.07,animal
obs_252,Kolata_etal_2007,2007,27,0.298566264,0.041666667,0.29,animal
obs_253,Kolata_etal_2007,2007,27,0.435611223,0.041666667,0.41,animal
obs_254,Kolata_etal_2007,2007,27,0.287682072,0.041666667,0.28,animal
obs_255,Kolata_etal_2007,2007,27,0.161386696,0.041666667,0.16,animal
obs_256,Kolata_etal_2007,2007,27,0.632833187,0.041666667,0.56,animal
obs_257,Kolata_etal_2007,2007,27,0.140925576,0.041666667,0.14,animal
obs_258,Kolata_etal_2007,2007,27,0.472230804,0.041666667,0.44,animal
obs_259,Kolata_etal_2007,2007,27,0.287682072,0.041666667,0.28,animal
obs_260,Kolata_etal_2007,2007,27,0.202732554,0.041666667,0.2,animal
obs_261,Kolata_etal_2007,2007,27,0.060072156,0.041666667,0.06,animal
obs_262,Kolata_etal_2007,2007,27,0.244774113,0.041666667,0.24,animal
obs_263,Kolata_etal_2007,2007,27,0.13073985,0.041666667,0.13,animal
obs_264,Kolata_etal_2007,2007,27,0.266108407,0.041666667,0.26,animal
obs_265,Kolata_etal_2007,2007,27,-0.060072156,0.041666667,-0.06,animal
obs_266,Kolata_etal_2007,2007,27,-0.100335348,0.041666667,-0.1,animal
obs_267,Kolata_etal_2007,2007,27,0.140925576,0.041666667,0.14,animal
obs_268,Kolata_etal_2007,2007,27,0.060072156,0.041666667,0.06,animal
obs_269,Kolata_etal_2007,2007,27,0.365443754,0.041666667,0.35,animal
obs_270,Kolata_etal_2007,2007,27,0.213171347,0.041666667,0.21,animal
obs_271,Kolata_etal_2007,2007,27,0.234189467,0.041666667,0.23,animal
obs_272,Kolata_etal_2007,2007,27,0.298566264,0.041666667,0.29,animal
obs_273,Kolata_etal_2007,2007,27,0.070114671,0.041666667,0.07,animal
obs_274,Kolata_etal_2007,2007,27,0.708921359,0.041666667,0.61,animal
obs_275,Kolata_etal_2007,2007,27,0.080171325,0.041666667,0.08,animal
obs_276,Kolata_etal_2007,2007,27,0.276863823,0.041666667,0.27,animal
obs_277,Kolata_etal_2007,2007,27,-0.161386696,0.041666667,-0.16,animal
obs_278,Kolata_etal_2008,2008,241,0.484700279,0.004201681,0.45,animal
obs_279,Kolata_etal_2008,2008,241,0.234189467,0.004201681,0.23,animal
obs_280,Kolata_etal_2008,2008,241,0.151140436,0.004201681,0.15,animal
obs_281,Kolata_etal_2008,2008,241,0.192337169,0.004201681,0.19,animal
obs_282,Kolata_etal_2008,2008,241,0.223656109,0.004201681,0.22,animal
obs_283,Kolata_etal_2008,2008,241,0.223656109,0.004201681,0.22,animal
obs_284,Kolata_etal_2008,2008,241,0.234189467,0.004201681,0.23,animal
obs_285,Kolata_etal_2008,2008,241,0.080171325,0.004201681,0.08,animal
obs_286,Kolata_etal_2008,2008,241,0.171666664,0.004201681,0.17,animal
obs_287,Kolata_etal_2008,2008,241,0.234189467,0.004201681,0.23,animal
obs_288,Kolata_etal_2008,2008,98,0.255412812,0.010526316,0.25,animal
obs_289,Kolata_etal_2008,2008,98,0.161386696,0.010526316,0.16,animal
obs_290,Kolata_etal_2008,2008,98,0.161386696,0.010526316,0.16,animal
obs_291,Kolata_etal_2008,2008,98,0.140925576,0.010526316,0.14,animal
obs_292,Kolata_etal_2008,2008,98,0.070114671,0.010526316,0.07,animal
obs_293,Kolata_etal_2008,2008,98,0.213171347,0.010526316,0.21,animal
obs_294,Kolata_etal_2008,2008,98,0.234189467,0.010526316,0.23,animal
obs_295,Kolata_etal_2008,2008,98,0.202732554,0.010526316,0.2,animal
obs_296,Kolata_etal_2008,2008,98,0.171666664,0.010526316,0.17,animal
obs_297,Kolata_etal_2008,2008,98,0.060072156,0.010526316,0.06,animal
obs_298,Kolata_etal_2008,2008,98,0.151140436,0.010526316,0.15,animal
obs_299,Kolata_etal_2008,2008,98,0.255412812,0.010526316,0.25,animal
obs_300,Kolata_etal_2008,2008,98,0.161386696,0.010526316,0.16,animal
obs_301,Kolata_etal_2008,2008,98,0.151140436,0.010526316,0.15,animal
obs_302,Kolata_etal_2008,2008,98,0.181982689,0.010526316,0.18,animal
obs_303,Kolata_etal_2008,2008,78,0.266108407,0.013333333,0.26,animal
obs_304,Kolata_etal_2008,2008,78,0.151140436,0.013333333,0.15,animal
obs_305,Kolata_etal_2008,2008,78,0.140925576,0.013333333,0.14,animal
obs_306,Kolata_etal_2008,2008,78,0.181982689,0.013333333,0.18,animal
obs_307,Kolata_etal_2008,2008,78,0.010000333,0.013333333,0.01,animal
obs_308,Kolata_etal_2008,2008,78,0.223656109,0.013333333,0.22,animal
obs_309,Kolata_etal_2008,2008,78,0.213171347,0.013333333,0.21,animal
obs_310,Kolata_etal_2008,2008,78,0.151140436,0.013333333,0.15,animal
obs_311,Kolata_etal_2008,2008,78,0.192337169,0.013333333,0.19,animal
obs_312,Kolata_etal_2008,2008,78,0.223656109,0.013333333,0.22,animal
obs_313,Kolata_etal_2008,2008,78,0.320545409,0.013333333,0.31,animal
obs_314,Kolata_etal_2008,2008,78,0.060072156,0.013333333,0.06,animal
obs_315,Kolata_etal_2008,2008,78,0.161386696,0.013333333,0.16,animal
obs_316,Kolata_etal_2008,2008,78,0.255412812,0.013333333,0.25,animal
obs_317,Kolata_etal_2008,2008,78,0.342828254,0.013333333,0.33,animal
obs_318,Kolata_etal_2008,2008,78,0.100335348,0.013333333,0.1,animal
obs_319,Kolata_etal_2008,2008,78,0.181982689,0.013333333,0.18,animal
obs_320,Kolata_etal_2008,2008,78,0.13073985,0.013333333,0.13,animal
obs_321,Kolata_etal_2008,2008,78,0.161386696,0.013333333,0.16,animal
obs_322,Kolata_etal_2008,2008,78,0.202732554,0.013333333,0.2,animal
obs_323,Kolata_etal_2008,2008,78,0.223656109,0.013333333,0.22,animal
obs_324,Light_etal_2011,2011,24,0.632833187,0.047619048,0.56,animal
obs_325,Light_etal_2011,2011,24,0.223656109,0.047619048,0.22,animal
obs_326,Light_etal_2011,2011,24,0.234189467,0.047619048,0.23,animal
obs_327,Light_etal_2011,2011,24,0.775298706,0.047619048,0.65,animal
obs_328,Light_etal_2011,2011,24,0.050041729,0.047619048,0.05,animal
obs_329,Light_etal_2011,2011,24,0.42364893,0.047619048,0.4,animal
obs_330,Light_etal_2011,2011,24,0.618381314,0.047619048,0.55,animal
obs_331,Light_etal_2011,2011,24,0.110446916,0.047619048,0.11,animal
obs_332,Light_etal_2011,2011,24,0.050041729,0.047619048,0.05,animal
obs_333,Light_etal_2011,2011,24,0.120581028,0.047619048,0.12,animal
obs_334,Locurto_etal_2003,2003,60,0.266108407,0.01754386,0.26,animal
obs_335,Locurto_etal_2003,2003,60,0.213171347,0.01754386,0.21,animal
obs_336,Locurto_etal_2003,2003,60,0.120581028,0.01754386,0.12,animal
obs_337,Locurto_etal_2003,2003,60,0.110446916,0.01754386,0.11,animal
obs_338,Locurto_etal_2003,2003,60,-0.13073985,0.01754386,-0.13,animal
obs_339,Locurto_etal_2003,2003,60,0.140925576,0.01754386,0.14,animal
obs_340,Locurto_etal_2003,2003,60,0.040021354,0.01754386,0.04,animal
obs_341,Locurto_etal_2003,2003,60,0.110446916,0.01754386,0.11,animal
obs_342,Locurto_etal_2003,2003,60,-0.040021354,0.01754386,-0.04,animal
obs_343,Locurto_etal_2003,2003,60,-0.110446916,0.01754386,-0.11,animal
obs_344,Locurto_etal_2003,2003,60,-0.010000333,0.01754386,-0.01,animal
obs_345,Locurto_etal_2003,2003,60,0.365443754,0.01754386,0.35,animal
obs_346,Locurto_etal_2003,2003,60,0.497311288,0.01754386,0.46,animal
obs_347,Locurto_etal_2003,2003,60,0.13073985,0.01754386,0.13,animal
obs_348,Locurto_etal_2003,2003,60,0.181982689,0.01754386,0.18,animal
obs_349,Locurto_etal_2006,2006,47,-0.213171347,0.022727273,-0.21,animal
obs_350,Locurto_etal_2006,2006,47,0.276863823,0.022727273,0.27,animal
obs_351,Locurto_etal_2006,2006,47,-0.020002667,0.022727273,-0.02,animal
obs_352,Locurto_etal_2006,2006,47,-0.040021354,0.022727273,-0.04,animal
obs_353,Locurto_etal_2006,2006,47,0.080171325,0.022727273,0.08,animal
obs_354,Locurto_etal_2006,2006,47,-0.202732554,0.022727273,-0.2,animal
obs_355,Locurto_etal_2006,2006,47,0.060072156,0.022727273,0.06,animal
obs_356,Locurto_etal_2006,2006,47,-0.287682072,0.022727273,-0.28,animal
obs_357,Locurto_etal_2006,2006,47,0.030009005,0.022727273,0.03,animal
obs_358,Locurto_etal_2006,2006,47,0,0.022727273,0,animal
obs_359,Locurto_etal_2006,2006,47,0.020002667,0.022727273,0.02,animal
obs_360,Locurto_etal_2006,2006,47,0.151140436,0.022727273,0.15,animal
obs_361,Locurto_etal_2006,2006,47,0.42364893,0.022727273,0.4,animal
obs_362,Locurto_etal_2006,2006,47,0.140925576,0.022727273,0.14,animal
obs_363,Locurto_etal_2006,2006,47,0.020002667,0.022727273,0.02,animal
obs_364,Locurto_etal_2006,2006,47,-0.060072156,0.022727273,-0.06,animal
obs_365,Locurto_etal_2006,2006,47,0.090244188,0.022727273,0.09,animal
obs_366,Locurto_etal_2006,2006,47,0.171666664,0.022727273,0.17,animal
obs_367,Locurto_etal_2006,2006,47,0.309519604,0.022727273,0.3,animal
obs_368,Locurto_etal_2006,2006,47,0.255412812,0.022727273,0.25,animal
obs_369,Matzel_etal_2003,2003,56,0.510070337,0.018867925,0.47,animal
obs_370,Matzel_etal_2003,2003,56,0.244774113,0.018867925,0.24,animal
obs_371,Matzel_etal_2003,2003,56,0.234189467,0.018867925,0.23,animal
obs_372,Matzel_etal_2003,2003,56,0.213171347,0.018867925,0.21,animal
obs_373,Matzel_etal_2003,2003,56,0.298566264,0.018867925,0.29,animal
obs_374,Matzel_etal_2003,2003,56,0.140925576,0.018867925,0.14,animal
obs_375,Matzel_etal_2003,2003,56,0.100335348,0.018867925,0.1,animal
obs_376,Matzel_etal_2003,2003,56,0.213171347,0.018867925,0.21,animal
obs_377,Matzel_etal_2003,2003,56,0.223656109,0.018867925,0.22,animal
obs_378,Matzel_etal_2003,2003,56,0.090244188,0.018867925,0.09,animal
obs_379,Matzel_etal_2008,2008,58,0.060072156,0.018181818,0.06,animal
obs_380,Matzel_etal_2008,2008,58,0.459896681,0.018181818,0.43,animal
obs_381,Matzel_etal_2008,2008,58,0.040021354,0.018181818,0.04,animal
obs_382,Matzel_etal_2008,2008,58,0.010000333,0.018181818,0.01,animal
obs_383,Matzel_etal_2008,2008,58,0.331647109,0.018181818,0.32,animal
obs_384,Matzel_etal_2008,2008,58,0.213171347,0.018181818,0.21,animal
obs_385,Matzel_etal_2008,2008,58,0.202732554,0.018181818,0.2,animal
obs_386,Matzel_etal_2008,2008,58,0.100335348,0.018181818,0.1,animal
obs_387,Matzel_etal_2008,2008,58,0.234189467,0.018181818,0.23,animal
obs_388,Matzel_etal_2008,2008,58,0.365443754,0.018181818,0.35,animal
obs_389,Matzel_etal_2008,2008,58,0.030009005,0.018181818,0.03,animal
obs_390,Matzel_etal_2008,2008,58,0.040021354,0.018181818,0.04,animal
obs_391,Matzel_etal_2008,2008,58,0.010000333,0.018181818,0.01,animal
obs_392,Matzel_etal_2008,2008,58,0.181982689,0.018181818,0.18,animal
obs_393,Matzel_etal_2008,2008,58,0.234189467,0.018181818,0.23,animal
obs_394,Matzel_etal_2011,2011,26,0.447692024,0.043478261,0.42,animal
obs_395,Matzel_etal_2011,2011,26,0.171666664,0.043478261,0.17,animal
obs_396,Matzel_etal_2011,2011,26,0.266108407,0.043478261,0.26,animal
obs_397,Matzel_etal_2011,2011,26,0.365443754,0.043478261,0.35,animal
obs_398,Matzel_etal_2011,2011,26,0.255412812,0.043478261,0.25,animal
obs_399,Matzel_etal_2011,2011,26,0.192337169,0.043478261,0.19,animal
obs_400,Matzel_etal_2011,2011,26,0.662462707,0.043478261,0.58,animal
obs_401,Matzel_etal_2011,2011,37,0.298566264,0.029411765,0.29,animal
obs_402,Matzel_etal_2011,2011,37,0.020002667,0.029411765,0.02,animal
obs_403,Matzel_etal_2011,2011,30,0.365443754,0.037037037,0.35,animal
obs_404,Matzel_etal_2011,2011,30,0.13073985,0.037037037,0.13,animal
obs_405,Matzel_etal_2011,2011,36,0.40005965,0.03030303,0.38,animal
obs_406,Matzel_etal_2011,2011,30,0.040021354,0.037037037,0.04,animal
obs_407,Matzel_etal_2011,2011,30,0.618381314,0.037037037,0.55,animal
obs_408,Matzel_etal_2011,2011,36,0.331647109,0.03030303,0.32,animal
obs_409,Matzel_etal_2011,2011,30,0.100335348,0.037037037,0.1,animal
obs_410,Matzel_etal_2011,2011,30,0.255412812,0.037037037,0.25,animal
obs_411,Matzel_etal_2011,2011,36,0.309519604,0.03030303,0.3,animal
obs_412,Matzel_etal_2011,2011,30,0.020002667,0.037037037,0.02,animal
obs_413,Matzel_etal_2011,2011,36,0.110446916,0.03030303,0.11,animal
obs_414,Matzel_etal_2011,2011,30,0.090244188,0.037037037,0.09,animal
obs_415,van Horik_etal_2018,2018,31,0.192337169,0.035714286,0.19,animal
obs_416,van Horik_etal_2018,2018,31,-0.140925576,0.035714286,-0.14,animal
obs_417,van Horik_etal_2018,2018,31,0.140925576,0.035714286,0.14,animal
obs_418,van Horik_etal_2018,2018,31,0.202732554,0.035714286,0.2,animal
obs_419,van Horik_etal_2018,2018,31,-0.040021354,0.035714286,-0.04,animal
obs_420,van Horik_etal_2018,2018,31,0.3884231,0.035714286,0.37,animal
obs_421,van Horik_etal_2018,2018,31,-0.030009005,0.035714286,-0.03,animal
obs_422,van Horik_etal_2018,2018,31,-0.447692024,0.035714286,-0.42,animal
obs_423,van Horik_etal_2018,2018,31,0.010000333,0.035714286,0.01,animal
obs_424,van Horik_etal_2018,2018,31,0.13073985,0.035714286,0.13,animal
obs_425,van Horik_etal_2018,2018,31,0.070114671,0.035714286,0.07,animal
obs_426,van Horik_etal_2018,2018,31,-0.040021354,0.035714286,-0.04,animal
obs_427,van Horik_etal_2018,2018,31,0.435611223,0.035714286,0.41,animal
obs_428,van Horik_etal_2018,2018,31,0.213171347,0.035714286,0.21,animal
obs_429,van Horik_etal_2018,2018,31,-0.234189467,0.035714286,-0.23,animal
obs_430,van Horik_etal_2018,2018,31,-0.266108407,0.035714286,-0.26,animal
obs_431,van Horik_etal_2018,2018,31,-0.287682072,0.035714286,-0.28,animal
obs_432,van Horik_etal_2018,2018,31,0.331647109,0.035714286,0.32,animal
obs_433,van Horik_etal_2018,2018,31,0.010000333,0.035714286,0.01,animal
obs_434,van Horik_etal_2018,2018,31,-0.080171325,0.035714286,-0.08,animal
obs_435,van Horik_etal_2018,2018,31,0.110446916,0.035714286,0.11,animal
obs_436,van Horik_etal_2018,2018,31,0.070114671,0.035714286,0.07,animal
obs_437,van Horik_etal_2018,2018,31,-0.100335348,0.035714286,-0.1,animal
obs_438,van Horik_etal_2018,2018,31,0.010000333,0.035714286,0.01,animal
obs_439,van Horik_etal_2018,2018,31,-0.080171325,0.035714286,-0.08,animal
obs_440,van Horik_etal_2018,2018,31,-0.202732554,0.035714286,-0.2,animal
obs_441,van Horik_etal_2018,2018,31,-0.070114671,0.035714286,-0.07,animal
obs_442,van Horik_etal_2018,2018,31,0.276863823,0.035714286,0.27,animal
obs_443,van Horik_etal_2018,2018,31,0.276863823,0.035714286,0.27,animal
obs_444,van Horik_etal_2018,2018,31,-0.151140436,0.035714286,-0.15,animal
obs_445,van Horik_etal_2018,2018,31,0.213171347,0.035714286,0.21,animal
obs_446,van Horik_etal_2018,2018,31,0.040021354,0.035714286,0.04,animal
obs_447,van Horik_etal_2018,2018,31,-0.090244188,0.035714286,-0.09,animal
obs_448,van Horik_etal_2018,2018,31,0.13073985,0.035714286,0.13,animal
obs_449,van Horik_etal_2018,2018,31,-0.266108407,0.035714286,-0.26,animal
obs_450,van Horik_etal_2018,2018,31,0.287682072,0.035714286,0.28,animal
obs_451,van Horik_etal_2018,2018,111,0.293115727,0.009259259,0.285,animal
obs_452,van Horik_etal_2018,2018,111,0.062079626,0.009259259,0.062,animal
obs_453,van Horik_etal_2018,2018,111,0.195451377,0.009259259,0.193,animal
obs_454,van Horik_etal_2018,2018,111,0.11652454,0.009259259,0.116,animal
obs_455,van Horik_etal_2018,2018,111,0.158309385,0.009259259,0.157,animal
obs_456,van Horik_etal_2018,2018,111,-0.037016898,0.009259259,-0.037,animal
obs_457,Shaw_etal_2015,2015,20,0.016001366,0.058823529,0.016,animal
obs_458,Shaw_etal_2015,2015,20,-0.032010929,0.058823529,-0.032,animal
obs_459,Shaw_etal_2015,2015,17,0.438017735,0.071428571,0.412,animal
obs_460,Shaw_etal_2015,2015,19,-0.179916485,0.0625,-0.178,animal
obs_461,Shaw_etal_2015,2015,20,-0.008000171,0.058823529,-0.008,animal
obs_462,Shaw_etal_2015,2015,20,0.302939119,0.058823529,0.294,animal
obs_463,Shaw_etal_2015,2015,27,0.12464147,0.041666667,0.124,animal
obs_464,Shaw_etal_2015,2015,29,0.280102561,0.038461538,0.273,animal
obs_465,Shaw_etal_2015,2015,20,0.258615385,0.058823529,0.253,animal
obs_466,Shaw_etal_2015,2015,17,0.13073985,0.071428571,0.13,animal
obs_467,Shaw_etal_2015,2015,19,0.324976786,0.0625,0.314,animal
obs_468,Shaw_etal_2015,2015,20,0.40005965,0.058823529,0.38,animal
obs_469,Shaw_etal_2015,2015,16,-0.03401311,0.076923077,-0.034,animal
obs_470,Shaw_etal_2015,2015,17,0.106399703,0.071428571,0.106,animal
obs_471,Shaw_etal_2015,2015,19,0.324976786,0.0625,0.314,animal
obs_472,Smith_etal_2013,2013,58,0.223656109,0.018181818,0.22,animal
obs_473,Smith_etal_2013,2013,58,0.135829211,0.018181818,0.135,animal
obs_474,Smith_etal_2013,2013,58,0.239475208,0.018181818,0.235,animal
obs_475,Smith_etal_2013,2013,58,0.295293894,0.018181818,0.287,animal
obs_476,Smith_etal_2013,2013,58,0.045030412,0.018181818,0.045,animal
obs_477,Smith_etal_2013,2013,58,0.215264538,0.018181818,0.212,animal
obs_478,Woodley_etal_2015,2015,99,0.223656109,0.010416667,0.22,animal
obs_479,Woodley_etal_2015,2015,99,0.287682072,0.010416667,0.28,animal
obs_480,Woodley_etal_2015,2015,99,0.320545409,0.010416667,0.31,animal
obs_481,Woodley_etal_2015,2015,99,0.100335348,0.010416667,0.1,animal
obs_482,Woodley_etal_2015,2015,99,-0.030009005,0.010416667,-0.03,animal
obs_483,Woodley_etal_2015,2015,99,-0.181982689,0.010416667,-0.18,animal
obs_484,Woodley_etal_2015,2015,99,-0.140925576,0.010416667,-0.14,animal
obs_485,Woodley_etal_2015,2015,99,-0.020002667,0.010416667,-0.02,animal
obs_486,Woodley_etal_2015,2015,99,0.050041729,0.010416667,0.05,animal
obs_487,Woodley_etal_2015,2015,99,0.161386696,0.010416667,0.16,animal
obs_488,Woodley_etal_2015,2015,99,0.090244188,0.010416667,0.09,animal
obs_489,Woodley_etal_2015,2015,99,-0.050041729,0.010416667,-0.05,animal
obs_490,Woodley_etal_2015,2015,99,0.298566264,0.010416667,0.29,animal
obs_491,Woodley_etal_2015,2015,99,0.562729769,0.010416667,0.51,animal
obs_492,Woodley_etal_2015,2015,99,0.255412812,0.010416667,0.25,animal
obs_493,Woodley_etal_2015,2015,99,0.192337169,0.010416667,0.19,animal
obs_494,Woodley_etal_2015,2015,99,0.161386696,0.010416667,0.16,animal
obs_495,Woodley_etal_2015,2015,99,0.331647109,0.010416667,0.32,animal
obs_496,Woodley_etal_2015,2015,99,0.110446916,0.010416667,0.11,animal
obs_497,Woodley_etal_2015,2015,99,0.309519604,0.010416667,0.3,animal
obs_498,Woodley_etal_2015,2015,99,0.3884231,0.010416667,0.37,animal
obs_499,Woodley_etal_2015,2015,99,0.255412812,0.010416667,0.25,animal
obs_500,Woodley_etal_2015,2015,99,0.120581028,0.010416667,0.12,animal
obs_501,Woodley_etal_2015,2015,99,0.276863823,0.010416667,0.27,animal
obs_502,Woodley_etal_2015,2015,99,0.244774113,0.010416667,0.24,animal
obs_503,Woodley_etal_2015,2015,99,0.070114671,0.010416667,0.07,animal
obs_504,Woodley_etal_2015,2015,99,0.030009005,0.010416667,0.03,animal
obs_505,Woodley_etal_2015,2015,99,0.244774113,0.010416667,0.24,animal
obs_506,Woodley_etal_2015,2015,99,0.202732554,0.010416667,0.2,animal
obs_507,Woodley_etal_2015,2015,99,0.266108407,0.010416667,0.26,animal
obs_508,Woodley_etal_2015,2015,99,0.244774113,0.010416667,0.24,animal
obs_509,Woodley_etal_2015,2015,99,0.110446916,0.010416667,0.11,animal
obs_510,Woodley_etal_2015,2015,99,-0.090244188,0.010416667,-0.09,animal
obs_511,Woodley_etal_2015,2015,99,0.202732554,0.010416667,0.2,animal
obs_512,Woodley_etal_2015,2015,99,0.110446916,0.010416667,0.11,animal
obs_513,Woodley_etal_2015,2015,99,0.060072156,0.010416667,0.06,animal
obs_514,Woodley_etal_2015,2015,99,0.151140436,0.010416667,0.15,animal
obs_515,Woodley_etal_2015,2015,99,0.161386696,0.010416667,0.16,animal
obs_516,Woodley_etal_2015,2015,99,0.234189467,0.010416667,0.23,animal
obs_517,Woodley_etal_2015,2015,99,0.298566264,0.010416667,0.29,animal
obs_518,Woodley_etal_2015,2015,99,0.110446916,0.010416667,0.11,animal
obs_519,Woodley_etal_2015,2015,99,-0.080171325,0.010416667,-0.08,animal
obs_520,Woodley_etal_2015,2015,99,0.140925576,0.010416667,0.14,animal
obs_521,Woodley_etal_2015,2015,99,0.320545409,0.010416667,0.31,animal
obs_522,Woodley_etal_2015,2015,99,0.266108407,0.010416667,0.26,animal
obs_523,Woodley_etal_2015,2015,99,0.100335348,0.010416667,0.1,animal
obs_524,Woodley_etal_2015,2015,99,0.13073985,0.010416667,0.13,animal
obs_525,Woodley_etal_2015,2015,99,0.202732554,0.010416667,0.2,animal
obs_526,Woodley_etal_2015,2015,99,0.287682072,0.010416667,0.28,animal
obs_527,Woodley_etal_2015,2015,99,-0.010000333,0.010416667,-0.01,animal
obs_528,Woodley_etal_2015,2015,99,0.030009005,0.010416667,0.03,animal
obs_529,Woodley_etal_2015,2015,99,0.161386696,0.010416667,0.16,animal
obs_530,Woodley_etal_2015,2015,99,0.090244188,0.010416667,0.09,animal
obs_531,Woodley_etal_2015,2015,99,-0.010000333,0.010416667,-0.01,animal
obs_532,Woodley_etal_2015,2015,99,0.080171325,0.010416667,0.08,animal
obs_533,Woodley_etal_2015,2015,99,0.140925576,0.010416667,0.14,animal
obs_534,Woodley_etal_2015,2015,99,-0.050041729,0.010416667,-0.05,animal
obs_535,Woodley_etal_2015,2015,99,0.244774113,0.010416667,0.24,animal
obs_536,Woodley_etal_2015,2015,99,0.202732554,0.010416667,0.2,animal
obs_537,Woodley_etal_2015,2015,99,0.090244188,0.010416667,0.09,animal
obs_538,Woodley_etal_2015,2015,99,0.020002667,0.010416667,0.02,animal
obs_539,Woodley_etal_2015,2015,99,0.080171325,0.010416667,0.08,animal
obs_540,Woodley_etal_2015,2015,99,0.030009005,0.010416667,0.03,animal
obs_541,Woodley_etal_2015,2015,99,0.161386696,0.010416667,0.16,animal
obs_542,Woodley_etal_2015,2015,99,0.365443754,0.010416667,0.35,animal
obs_543,Woodley_etal_2015,2015,99,0.276863823,0.010416667,0.27,animal
obs_544,Woodley_etal_2015,2015,99,0.213171347,0.010416667,0.21,animal
obs_545,Woodley_etal_2015,2015,99,0.020002667,0.010416667,0.02,animal
obs_546,Woodley_etal_2015,2015,99,0.070114671,0.010416667,0.07,animal
obs_547,Woodley_etal_2015,2015,99,0.020002667,0.010416667,0.02,animal
obs_548,Woodley_etal_2015,2015,99,-0.070114671,0.010416667,-0.07,animal
obs_549,Woodley_etal_2015,2015,99,-0.13073985,0.010416667,-0.13,animal
obs_550,Woodley_etal_2015,2015,99,0.320545409,0.010416667,0.31,animal
obs_551,Woodley_etal_2015,2015,99,0.192337169,0.010416667,0.19,animal
obs_552,Woodley_etal_2015,2015,99,0.080171325,0.010416667,0.08,animal
obs_553,Woodley_etal_2015,2015,99,0.549306144,0.010416667,0.5,animal
obs_554,Woodley_etal_2015,2015,99,0.080171325,0.010416667,0.08,animal
obs_555,Woodley_etal_2015,2015,99,0.13073985,0.010416667,0.13,animal