MA_model,effect_size_type,source_paper,uses_effective_n,k,n_study_cluster,scenario,beta0,se_beta0,ci_lb_beta0,ci_ub_beta0,beta0_se_model,beta0_var_model,se_beta0_var_model,ci_lb_beta0_var_model,ci_ub_beta0_var_model,beta0_c3,gate_selects_var_model,has_small_study_effect,has_decline_effect,rho,FE_VCV_estimate,FE_VCV_CRVE_SE_CR1,FE_VCV_CRVE_SE_CR0,UWLS_estimate,UWLS_CRVE_SE_CR1,UWLS_CRVE_SE_CR0,crve_cluster_n,crve_df,n_negative_weight,prop_negative_weight,observed_effect_min,observed_effect_max,FE_VCV_within_observed_range,UWLS_within_observed_range,observed_effects_straddle_zero,FE_VCV_ci_includes_zero,UWLS_ci_includes_zero,reversal_se_model,reversal_var_model,reversal_c3,shrinkage_magnitude,change_in_assumed_effect,t_c3_fixed_se,t_c3_own_se,corrected_ci_includes_zero,uncorrected_ci_includes_zero,ma_power_c3,ma_type_M_c3,ma_type_S_c3,reversal_FE_VCV,reversal_UWLS,crve_variant,crve_verification_status,point_estimate_verification_status
MA09.csv,lnRR,MA09,FALSE,1297,126,1,0.21944703048501393,0.03842099506762128,0.14407287134438088,0.29482118962564696,0.011640046610489532,0.0681099550025141,0.02666628465187017,0.015796065593360373,0.12042384441166783,0.0681099550025141,TRUE,TRUE,TRUE,0.5,-0.12739276794999974,0.11444203964618066,0.11398699991308005,-0.030275609501797925,0.09451527867642968,0.0941394709110681,126,125,626,0.4826522744795682,-5.081404365,5.10291057,TRUE,TRUE,TRUE,TRUE,TRUE,FALSE,FALSE,FALSE,0.15133707548249983,0.15133707548249983,1.7727275122010764,2.554159902352103,FALSE,FALSE,0.4258323371242434,1.5193516371890883,2.2244032771990847e-4,TRUE,TRUE,CR1_sandwich_cluster_study_ID,single_derivation,two_derivations
MA20_cleaned.csv,lnRR,MA20,FALSE,29,8,3,0.15618598357445485,0.11813302494430482,-0.08579854840333498,0.3981705155522447,-0.06717152624620831,0.06088865856102059,0.11641796060866239,-0.17798126568223266,0.29975858280427387,0.06088865856102059,TRUE,FALSE,FALSE,0.5,0.08431147702569239,0.09806158422780507,0.09172821274618047,0.06808764027783626,0.07576289388003192,0.07086969788239791,8,7,12,0.41379310344827586,-0.65,1.93,TRUE,TRUE,TRUE,TRUE,TRUE,TRUE,FALSE,FALSE,0.09529732501343426,0.09529732501343426,0.5154245274742372,0.5230177392103363,TRUE,TRUE,0.08094820991870255,4.6505793844769485,0.08220769041356407,FALSE,FALSE,CR1_sandwich_cluster_study_ID,single_derivation,two_derivations
MA22_01.csv,lnRR,MA22,FALSE,92,30,3,-0.05465569682344966,0.03890615105670374,-0.13193798644884575,0.022626592801946413,-0.019549204412859403,-0.06684511192238451,0.04260822179726194,-0.15149378139166417,0.017803557546895138,-0.05465569682344966,FALSE,FALSE,FALSE,0.5,0.056933635709887506,0.03030832484662725,0.029798904954853513,0.028290547517023413,0.029511932037255096,0.029015897851910628,30,29,29,0.31521739130434784,-0.907216931,0.981243933,TRUE,TRUE,TRUE,TRUE,TRUE,FALSE,FALSE,FALSE,0,0,1.4048086315141213,1.2827500073462794,TRUE,TRUE,0.28977723593975846,1.840814936167618,0.001321821624398462,TRUE,TRUE,CR1_sandwich_cluster_study_ID,single_derivation,two_derivations
MA22_02.csv,lnRR,MA22,FALSE,92,30,4,0.03452585079677678,0.02810151050298772,-0.021294347671012875,0.09034604926456644,0.03452585079677678,0.03452585079677678,0.02810151050298772,-0.021294347671012875,0.09034604926456644,0.03452585079677678,FALSE,FALSE,FALSE,0.5,-0.0017740308582411238,0.02860840094837201,0.028127553241060956,0.01470340327888769,0.021742716967719455,0.02137726712578287,30,29,29,0.31521739130434784,-1.28652021,0.994762347,TRUE,TRUE,TRUE,TRUE,TRUE,FALSE,FALSE,FALSE,0,0,1.2286119208113753,1.2286119208113753,TRUE,TRUE,0.2329969458894059,2.069093426657648,0.0030681832905753233,TRUE,FALSE,CR1_sandwich_cluster_study_ID,single_derivation,two_derivations
MA22_03.csv,lnRR,MA22,FALSE,92,30,3,-0.04580320918496699,0.037297913843469976,-0.11989093315110966,0.028284514781175683,-0.011983305919066095,-0.05005390435084059,0.038280831881520636,-0.12610545844681875,0.025997649745137588,-0.04580320918496699,FALSE,FALSE,FALSE,0.5,0.04832243289955773,0.03170870341147715,0.03117574606916604,0.026795423631243005,0.021007107314383773,0.02065402154046765,30,29,30,0.32608695652173914,-1.209972695,3.784189634,TRUE,TRUE,TRUE,TRUE,TRUE,FALSE,FALSE,FALSE,0,0,1.2280367576908353,1.1965050635975767,TRUE,TRUE,0.23282279429855401,2.0699514394812484,0.003076592418836161,TRUE,TRUE,CR1_sandwich_cluster_study_ID,single_derivation,two_derivations
MA01_01.csv,SMD,MA01,FALSE,22,20,3,-1.4714367914931457,0.15846194405574549,-1.800976444213937,-1.1418971387723542,1.9687271860697881,0.2301128661826245,0.40604766493164524,-0.616887720712445,1.077113453077694,0.2301128661826245,TRUE,TRUE,FALSE,0.5,-1.4072791836527625,0.1512331231465814,0.14740381494328972,-1.4222193866257353,0.1591646849625813,0.15513454512865876,20,19,0,0,-2.96,-0.55,TRUE,TRUE,FALSE,FALSE,FALSE,TRUE,TRUE,TRUE,1.241323925310521,1.7015496576757703,1.4521648560721485,0.5667139256209295,TRUE,FALSE,0.3061193987307229,1.7894318694418232,0.0010528186033687016,FALSE,FALSE,CR1_sandwich_cluster_study_ID,single_derivation,two_derivations
MA01_02.csv,SMD,MA01,FALSE,14,13,3,-1.3847886157232574,0.17169224753427653,-1.7557071658539596,-1.0138700655925552,1.4276876998695969,-0.029132123115403263,0.5841939857347,-1.301981474248602,1.2437172280177953,-0.029132123115403263,TRUE,TRUE,FALSE,0.5,-1.3538451313364777,0.17337881373500325,0.16657697611381292,-1.368395614136234,0.16896697517158094,0.1623382187295315,13,12,0,0,-2.28,-0.27,TRUE,TRUE,FALSE,FALSE,FALSE,TRUE,FALSE,FALSE,1.355656492607854,1.355656492607854,0.16967640376183754,0.049867208199286445,TRUE,FALSE,0.05330450284540933,13.827266159233423,0.3114306688160342,FALSE,FALSE,CR1_sandwich_cluster_study_ID,single_derivation,two_derivations
MA01_03.csv,SMD,MA01,FALSE,16,11,3,1.6984009801615376,0.21964781161101243,1.230232751920046,2.166569208403029,-2.4138877482879066,-0.24307311977363452,0.41001084706896124,-1.122458926469045,0.636312686921776,-0.24307311977363452,TRUE,TRUE,FALSE,0.5,1.5546444855747892,0.1660889927560854,0.1583596410784096,1.5736747238246525,0.18653996733890185,0.17785888025673757,11,10,0,0,0.5,4.75,TRUE,TRUE,FALSE,FALSE,FALSE,TRUE,TRUE,TRUE,1.4553278603879032,1.941474099935172,1.1066494038379375,0.5928455832602672,TRUE,FALSE,0.19782493161485537,2.2718015896919135,0.0054719765550372435,FALSE,FALSE,CR1_sandwich_cluster_study_ID,single_derivation,two_derivations
MA05_01.csv,SMD,MA05,FALSE,17,9,2,0.28420900014765826,0.3159402157937035,-0.3855543375505207,0.9539723378458372,0.5254233844891688,0.5254233844891688,0.505884655083452,-0.5528442336941187,1.6036910026724565,0.28420900014765826,FALSE,FALSE,FALSE,0.5,0.29008980760634995,0.2803085382078104,0.2642774242549749,0.17874448197943507,0.33557690952333424,0.31638494444476556,9,8,0,0,-2.01,1.492,TRUE,TRUE,TRUE,TRUE,TRUE,FALSE,FALSE,FALSE,0,0,0.899565759406949,0.5618059320276761,TRUE,TRUE,0.14660308280344003,2.7458817954959907,0.014470010488862612,FALSE,FALSE,CR1_sandwich_cluster_study_ID,single_derivation,two_derivations
MA05_02.csv,SMD,MA05,FALSE,16,10,1,-1.043924298168363,0.4274793872119504,-1.955075043777446,-0.13277355255928003,3.827317977012132,1.1956924981016641,0.38524444501138333,0.3634224740226677,2.0279625221806605,-1.043924298168363,FALSE,TRUE,FALSE,0.5,-0.5092129029248362,0.22578104781404057,0.21419470907752475,-0.573452886234062,0.25982079013736203,0.24648764408960303,10,9,0,0,-6.451,0.706,TRUE,TRUE,TRUE,TRUE,TRUE,TRUE,TRUE,FALSE,0,0,2.4420459310960188,2.7097711899194725,FALSE,FALSE,0.685131495575072,1.2122828151379135,7.82715834311169e-6,FALSE,FALSE,CR1_sandwich_cluster_study_ID,single_derivation,two_derivations
MA05_03.csv,SMD,MA05,FALSE,4,4,3,1.5418440896305954,0.6747686060824811,-0.6055707677180353,3.6892589469792263,-9.799951057189302,-4.170442030170288,4.469555841602233,-23.401388672807798,15.06050461246722,1.5418440896305954,FALSE,FALSE,FALSE,0.5,1.4649616153614824,0.6507277619695849,0.5635467728134539,1.4649616153614824,0.6507277619695849,0.5635467728134539,4,3,0,0,-0.115,3.186,TRUE,TRUE,TRUE,TRUE,TRUE,TRUE,TRUE,FALSE,0,0,2.284996776275816,0.34496584096326666,TRUE,TRUE,0.6274328047141381,1.2639459862296092,1.742271644273846e-5,FALSE,FALSE,CR1_sandwich_cluster_study_ID,single_derivation,two_derivations
MA06_01.csv,SMD,MA06,FALSE,33,9,1,0.4768783513958681,0.3274709092381255,-0.19015806264446644,1.1439147654362025,-0.41921355180281944,-0.21643106922967614,0.7970928021787914,-1.8443117442353936,1.411449605776041,-0.21643106922967614,TRUE,FALSE,FALSE,0.5,0.4317185414030304,0.2582141274428463,0.24344661401733866,0.2867776140738425,0.3189799120280946,0.30073714514313876,9,8,0,0,-2.321,3.383,TRUE,TRUE,TRUE,TRUE,TRUE,TRUE,TRUE,TRUE,0.26044728216619195,0.6933094206255442,0.6609169337612673,0.27152555968148073,TRUE,TRUE,0.10134903585881716,3.667036808355907,0.04326774792111114,FALSE,FALSE,CR1_sandwich_cluster_study_ID,single_derivation,two_derivations
MA06_02.csv,SMD,MA06,FALSE,13,6,1,0.8227067818908614,0.2609280870176003,0.2541933182763868,1.3912202455053362,-0.5610487028611961,-0.07400659041018796,0.47831135096686056,-1.1397506948454925,0.9917375140251167,-0.07400659041018796,TRUE,FALSE,FALSE,0.5,0.6717744862411751,0.18256530035573054,0.16665855537089924,0.6516846916320689,0.19413145910819662,0.17721696545825172,6,5,0,0,-1.023,1.925,TRUE,TRUE,TRUE,FALSE,FALSE,TRUE,TRUE,TRUE,0.7487001914806735,0.8967133723010494,0.2836283025567731,0.15472472116873398,TRUE,FALSE,0.059265552710052516,8.319220964319745,0.20972255244532492,FALSE,FALSE,CR1_sandwich_cluster_study_ID,single_derivation,two_derivations
MA08.csv,SMD,MA08,FALSE,531,176,3,0.3359196369889882,0.044021597346625585,0.2494414086183071,0.4223978653596693,-0.49895079812480775,-0.121409316140895,0.08130217282632993,-0.2811240632664531,0.038305430984663144,-0.121409316140895,TRUE,TRUE,FALSE,0.5,0.23811966554452196,0.03368310176466559,0.03358727482293696,0.22593843047518467,0.03292884220787349,0.032835161101380045,176,175,20,0.03766478342749529,-2.88,5.62,TRUE,TRUE,TRUE,FALSE,FALSE,TRUE,TRUE,TRUE,0.21451032084809318,0.4573289531298832,2.7579489036919616,1.4933096117890745,TRUE,FALSE,0.7875615705188355,1.133586710400818,1.5127482253143698e-6,FALSE,FALSE,CR1_sandwich_cluster_study_ID,single_derivation,two_derivations
MA10.csv,SMD,MA10,FALSE,32,32,1,0.48156202247916413,0.17093178929323732,0.132944339799009,0.8301797051593193,-0.5338244186047466,-0.10170890059521101,0.3813945287759163,-0.8817482961949494,0.6783304950045275,-0.10170890059521101,TRUE,FALSE,FALSE,0.5,0.3856950980061035,0.13696866552865591,0.13481154385819083,0.3856950980061035,0.13696866552865591,0.13481154385819083,32,31,0,0,-2.529,2.841,TRUE,TRUE,TRUE,FALSE,FALSE,TRUE,TRUE,TRUE,0.37985312188395315,0.5832709230743751,0.5950262441863702,0.26667634934786605,TRUE,FALSE,0.09144584850906934,4.0525804286881515,0.05806211033879964,FALSE,FALSE,CR1_sandwich_cluster_study_ID,single_derivation,two_derivations
MA12.csv,SMD,MA12,FALSE,70,16,3,0.44106767832673593,0.11559108233824683,0.21046977858876717,0.6716655780647047,-2.0305124068603297,-0.7555042724162083,0.2847731420397317,-1.323760229862151,-0.18724831497026573,0.44106767832673593,FALSE,TRUE,FALSE,0.5,0.2988582460938461,0.14720820758224532,0.14253373409777012,0.3231280300834984,0.11563667810500598,0.111964732127859,16,15,13,0.18571428571428572,-1.083333333,2.388888889,TRUE,TRUE,TRUE,TRUE,FALSE,TRUE,TRUE,FALSE,0,0,3.815758702181433,1.5488387534285026,FALSE,FALSE,0.9682585919331121,1.0192969336761295,3.956767601646892e-9,FALSE,FALSE,CR1_sandwich_cluster_study_ID,single_derivation,two_derivations
MA13_01.csv,SMD,MA13,FALSE,43,24,1,-1.384663257257386,0.47510100393490606,-2.3434559002890936,-0.4258706142256784,1.7971823352638725,-0.5168501599308614,0.5752966600741919,-1.6795680817322043,0.6458677618704814,-0.5168501599308614,TRUE,TRUE,FALSE,0.5,-0.7058559976175514,0.2554804533379319,0.2501013150428883,-0.8663723158925489,0.310116385564923,0.3035868882835546,24,23,5,0.11627906976744186,-20.18390805,2.022988506,TRUE,TRUE,TRUE,FALSE,FALSE,TRUE,FALSE,FALSE,0.8678130973265247,0.8678130973265247,1.087874274417815,0.8984063280746439,TRUE,FALSE,0.19273218935917225,2.307183142998837,0.005979643346504744,FALSE,FALSE,CR1_sandwich_cluster_study_ID,single_derivation,two_derivations
MA13_02.csv,SMD,MA13,FALSE,37,20,1,-0.379111087425584,0.2538934343668182,-0.8940308385532518,0.13580866370208383,0.7824896724245397,0.3714883561877102,0.593288891828895,-0.8342197366707558,1.5771964490461763,0.3714883561877102,TRUE,FALSE,FALSE,0.5,-0.3607838934200846,0.1581985605306744,0.1541928835137296,-0.3789833466959041,0.17539138367210644,0.17095037465035062,20,19,2,0.05405405405405406,-3.704485488,2.100263852,TRUE,TRUE,TRUE,FALSE,FALSE,TRUE,TRUE,TRUE,0.0076227312378738254,0.7505994436132942,1.4631664545172685,0.626150870687206,TRUE,TRUE,0.309975440416302,1.7780047146738833,9.98536591534373e-4,FALSE,FALSE,CR1_sandwich_cluster_study_ID,single_derivation,two_derivations
MA13_03.csv,SMD,MA13,FALSE,14,9,3,1.0976514123708025,0.313139329336432,0.421155020166595,1.77414780457501,-1.7327000405231325,-0.029895716331059006,0.4934682983062198,-1.1050707757147058,1.045279343052588,-0.029895716331059006,TRUE,TRUE,FALSE,0.5,0.8394222389158493,0.23144934546759355,0.21821253557509776,0.8798308499433414,0.24963951458492867,0.23536239148682814,9,8,0,0,-0.696629213,3.168539326,TRUE,TRUE,TRUE,FALSE,FALSE,TRUE,TRUE,TRUE,1.0677556960397436,1.1275471287018615,0.09547097259999403,0.060582850881552144,TRUE,FALSE,0.05104475698962996,24.515598451628403,0.3902164915880232,FALSE,FALSE,CR1_sandwich_cluster_study_ID,single_derivation,two_derivations
MA15_01.csv,SMD,MA15,FALSE,5,3,3,-0.5790574364484041,0.3385515056999909,-1.519027107306487,0.3609122344096787,0.011450314728050788,0.10584858895219851,1.5586090165933217,-4.854340917287093,5.066038095191491,0.10584858895219851,TRUE,FALSE,FALSE,0.5,-0.6348814481088605,0.295884805813888,0.24158893229550368,-0.7168624485333441,0.23076642094772684,0.18841999369674733,3,2,0,0,-1.36,0.27,TRUE,TRUE,TRUE,TRUE,TRUE,TRUE,TRUE,TRUE,0.4732088474962056,0.6849060254006026,0.3126513607828901,0.06791221391978956,TRUE,TRUE,0.061271587282247686,7.5601198416717645,0.18809183101559113,FALSE,FALSE,CR1_sandwich_cluster_study_ID,single_derivation,two_derivations
MA15_02.csv,SMD,MA15,FALSE,9,4,3,-1.1925594205990069,0.1499454447888904,-1.538334236337216,-0.8467846048607977,-1.4500669588713715,0.23147502248453422,1.0560867698377812,-2.265773365260171,2.7287234102292395,0.23147502248453422,TRUE,FALSE,FALSE,0.5,-1.1411922556996148,0.18304427982212879,0.15852099634339084,-1.1944816705647263,0.14426895006741644,0.12494057573569134,4,3,0,0,-1.8,-0.61,TRUE,TRUE,FALSE,FALSE,FALSE,FALSE,TRUE,TRUE,0.9610843981144727,1.4240344430835412,1.5437282727089847,0.21918182207707199,TRUE,FALSE,0.33884819267695976,1.6996720778169745,6.770809251062552e-4,FALSE,FALSE,CR1_sandwich_cluster_study_ID,single_derivation,two_derivations
MA15_03.csv,SMD,MA15,FALSE,11,5,3,-0.9161862177754302,0.17390106443802117,-1.3036619358515538,-0.5287104996993066,-1.8505752301871,-1.309453648959127,1.05379002733961,-3.6932923073907418,1.0743850094724878,-0.9161862177754302,FALSE,FALSE,FALSE,0.5,-0.8949985406326008,0.21623889709809058,0.19340994931636502,-0.9297257314358126,0.1836543821652248,0.1642654731548671,5,4,0,0,-1.51,0.09,TRUE,TRUE,TRUE,FALSE,FALSE,FALSE,FALSE,FALSE,0,0,5.268433639185466,0.86942008749924,TRUE,FALSE,0.9995309632492754,1.000318086178302,2.444776888451191e-13,FALSE,FALSE,CR1_sandwich_cluster_study_ID,single_derivation,two_derivations
MA15_04.csv,SMD,MA15,FALSE,11,5,3,-0.12124755262038935,0.6552343227724959,-1.5812006043447024,1.3387054991039238,3.773693063665803,1.8279633486149174,0.4282945369078834,0.8590937941614089,2.796832903068426,-0.12124755262038935,FALSE,TRUE,FALSE,0.5,0.3029241000845503,0.23345237441309644,0.2088061514785665,0.4042859439963559,0.14228858803843308,0.12726678211055995,5,4,0,0,-3.31,1.18,TRUE,TRUE,TRUE,TRUE,FALSE,TRUE,TRUE,FALSE,0,0,0.18504456864737187,0.2830938575489395,FALSE,TRUE,0.0539316785204883,12.687025813993051,0.2962281539428636,TRUE,TRUE,CR1_sandwich_cluster_study_ID,single_derivation,two_derivations
MA21.csv,SMD,MA21,FALSE,11,6,4,-0.2275942098163718,0.29999162847927996,-0.8960172125016875,0.44082879286894394,-0.2275942098163718,-0.2275942098163718,0.29999162847927996,-0.8960172125016875,0.44082879286894394,-0.2275942098163718,FALSE,FALSE,FALSE,0.5,-0.2585414372588214,0.22717533963576636,0.20738176337901112,-0.10719300548278024,0.32709651199079354,0.29859689683102775,6,5,0,0,-1.58,1.55,TRUE,TRUE,TRUE,TRUE,TRUE,FALSE,FALSE,FALSE,0,0,0.7586685367524896,0.7586685367524896,TRUE,TRUE,0.11809592736322583,3.219068680120767,0.02775387443861699,FALSE,FALSE,CR1_sandwich_cluster_study_ID,single_derivation,two_derivations
MA23.csv,SMD,MA23,FALSE,24,22,3,-0.941060831414486,0.3036103430977167,-1.569126678265516,-0.312994984563456,1.7798983587866066,0.18617969575533128,0.16761469502734413,-0.1614319060468246,0.5337912975574872,0.18617969575533128,TRUE,TRUE,FALSE,0.5,-0.509965353263902,0.12976138826431347,0.12677796904429559,-0.5087582694102231,0.12322159998474852,0.12038854082413719,22,21,0,0,-6.233868,0.32839215,TRUE,TRUE,TRUE,FALSE,FALSE,TRUE,TRUE,TRUE,0.7548811356591547,1.1272405271698174,0.6132192133369104,1.110759982738736,TRUE,FALSE,0.09406961644090739,3.9378048947041413,0.05356025511606163,FALSE,FALSE,CR1_sandwich_cluster_study_ID,single_derivation,two_derivations
MA24.csv,SMD,MA24,FALSE,139,54,1,0.40570264732023553,0.07514051802349016,0.2571270348825966,0.5542782597578745,-0.036248543238119824,0.17687127092279167,0.14578947676997844,-0.11143627997256642,0.46517882181814973,0.17687127092279167,TRUE,TRUE,FALSE,0.5,0.30632072363658036,0.06079923755293644,0.06023365095716153,0.34800345224543505,0.07468198294622357,0.07398725172589375,54,53,13,0.09352517985611511,-1.5,3.58,TRUE,TRUE,TRUE,FALSE,FALSE,TRUE,FALSE,FALSE,0.22883137639744386,0.22883137639744386,2.353873457027523,1.213196417474308,TRUE,FALSE,0.6531840839467097,1.2401021566691417,1.2281755193063664e-5,FALSE,FALSE,CR1_sandwich_cluster_study_ID,single_derivation,two_derivations
MA25.csv,SMD,MA25,FALSE,43,22,1,0.6633060148621823,0.1414042911143753,0.3779406022642488,0.9486714274601158,-0.761170828299214,-0.16554493208247015,0.3723544762820647,-0.918101400566532,0.5870115364015918,-0.16554493208247015,TRUE,TRUE,FALSE,0.5,0.5681442160056683,0.14352261582015138,0.14022280424852346,0.6322531290590482,0.1743202604983375,0.17031236244356387,22,21,2,0.046511627906976744,-1.27,3.16,TRUE,TRUE,TRUE,FALSE,FALSE,TRUE,TRUE,TRUE,0.4977610827797122,0.8288509469446524,1.1707207099434387,0.4445896118543426,TRUE,FALSE,0.21585691336309154,2.159857992331138,0.004039696795276183,FALSE,FALSE,CR1_sandwich_cluster_study_ID,single_derivation,two_derivations
MA26.csv,SMD,MA26,FALSE,459,71,1,0.22589965288436858,0.05823647930865843,0.11145582219223606,0.3403434835765011,-0.27824208433771425,-0.0017570516382645024,0.13248570740740892,-0.26211530545694317,0.25860120218041416,-0.0017570516382645024,TRUE,TRUE,FALSE,0.5,0.1261713256704681,0.04300273865154501,0.04269882856316342,0.19975353102888058,0.04462268885894363,0.04430733021574572,71,70,54,0.11764705882352941,-3.62100228,7.866652772,TRUE,TRUE,TRUE,FALSE,FALSE,TRUE,TRUE,TRUE,0.22414260124610408,0.2276567045226331,0.03017097975569531,0.013262197656245022,TRUE,FALSE,0.050104280357511355,77.4942835516681,0.4647913291434031,FALSE,FALSE,CR1_sandwich_cluster_study_ID,single_derivation,two_derivations
MA28_01.csv,SMD,MA28,FALSE,84,42,1,-0.7030139163060111,0.08151513644934394,-0.8651442441792466,-0.5408835884327755,0.9637004137445521,0.18056401554316504,0.24734115805972948,-0.31156730387627085,0.6726953349626009,0.18056401554316504,TRUE,TRUE,FALSE,0.5,-0.6565015394081448,0.08367174402374085,0.08266965105984163,-0.5952560685887879,0.08744310197140918,0.08639584141470072,42,41,2,0.023809523809523808,-1.957,0.83,TRUE,TRUE,TRUE,FALSE,FALSE,TRUE,TRUE,TRUE,0.522449900762846,0.8835779318491761,2.215097997846979,0.730020094349042,TRUE,FALSE,0.6007050980397393,1.2902153183532892,2.4796271286170446e-5,FALSE,FALSE,CR1_sandwich_cluster_study_ID,single_derivation,two_derivations
MA28_02.csv,SMD,MA28,FALSE,84,41,1,-0.7054960206833235,0.08369249085694046,-0.8719570189004556,-0.5390350224661914,0.9379371653022254,0.15484791475285717,0.2436728335146741,-0.3299845894892808,0.6396804189949951,0.15484791475285717,TRUE,TRUE,FALSE,0.5,-0.6559782566368503,0.08480065846087127,0.08376012017717599,-0.594060160056392,0.09100710965008456,0.08989041570692301,41,40,2,0.023809523809523808,-1.957,0.758,TRUE,TRUE,TRUE,FALSE,FALSE,TRUE,TRUE,TRUE,0.5506481059304663,0.8603439354361807,1.8502008145216522,0.63547467528230694,TRUE,FALSE,0.4563680373797482,1.4696626240381157,1.5215152780937997e-4,FALSE,FALSE,CR1_sandwich_cluster_study_ID,single_derivation,two_derivations
MA31.csv,SMD,MA31,FALSE,734,212,3,0.3279277286373822,0.04600530787934395,0.2376098491685717,0.41824560810619266,-0.38234465452514493,0.32445799014650084,0.0686166573127309,0.18974907779162398,0.4591669025013777,0.32445799014650084,TRUE,TRUE,FALSE,0.5,0.2481806442302342,0.03979385809265028,0.03969989371572648,0.18872222150191176,0.042624887631735144,0.04252423840595669,212,211,44,0.05994550408719346,-20.63251861,6.102189737,TRUE,TRUE,TRUE,FALSE,FALSE,TRUE,FALSE,FALSE,0.0034697384908813356,0.0034697384908813356,7.052620775790529,4.72856013180202,FALSE,FALSE,0.9999998234597456,1.0000001320725767,1.0062806136567166e-19,FALSE,FALSE,CR1_sandwich_cluster_study_ID,single_derivation,two_derivations
MA32.csv,SMD,MA32,FALSE,13,7,1,1.2905504034916613,0.28544754390376886,0.6686136326371301,1.9124871743461924,-13.881926216400217,-6.771002703580544,1.6426025069717258,-10.430949167734301,-3.111056239426787,1.2905504034916613,FALSE,TRUE,FALSE,0.5,1.1740011911431116,0.24410459426042508,0.22599693981312494,1.2062738980798524,0.20599827422548347,0.19071734279641053,7,6,0,0,0.03,3.12,TRUE,TRUE,FALSE,FALSE,FALSE,TRUE,TRUE,FALSE,0,0,4.521147338814505,0.7856741956828607,FALSE,FALSE,0.9947841857732664,1.0033382620183458,4.576342285544541e-11,FALSE,FALSE,CR1_sandwich_cluster_study_ID,single_derivation,two_derivations
MA14_01.csv,SMD,MA14,TRUE,104,20,2,-0.2735896277052463,0.06417018668242591,-0.40085605811592084,-0.1463231972945718,-0.2513902545652648,-0.2513902545652648,0.09676146302362292,-0.4433161576842283,-0.05946435144630138,-0.2513902545652648,TRUE,FALSE,FALSE,0.5,-0.2646476965342758,0.0606971775374245,0.05916029067676348,-0.27904900788693476,0.06427203629877866,0.06264463199262922,20,19,4,0.038461538461538464,-1.8751913955312964,1.7743106008991543,TRUE,TRUE,TRUE,FALSE,FALSE,FALSE,FALSE,FALSE,0.022199373139981493,0.022199373139981493,3.9175552941645453,2.5980410662444355,FALSE,FALSE,0.9748610081262011,1.0153747626847125,2.1359979713834632e-9,FALSE,FALSE,CR1_sandwich_cluster_study_ID,single_derivation,two_derivations
MA14_02.csv,SMD,MA14,TRUE,167,17,2,-0.23607219737444507,0.04459940983192463,-0.32412738843067157,-0.14801700631821857,-0.2570426403510175,-0.2570426403510175,0.06330352665919836,-0.38203201193270814,-0.13205326876932683,-0.23607219737444507,FALSE,FALSE,FALSE,0.5,-0.23033060722423032,0.03483279155373671,0.03379277148498333,-0.24626830801922392,0.028040159190891464,0.027202950141924552,17,16,15,0.08982035928143713,-1.1475719928324004,0.8032059218498642,TRUE,TRUE,TRUE,FALSE,FALSE,FALSE,FALSE,FALSE,0,0,5.293168637524495,3.7292108328397915,FALSE,FALSE,0.9995707411634385,1.0002916217812952,2.0370792797041127e-13,FALSE,FALSE,CR1_sandwich_cluster_study_ID,single_derivation,two_derivations
MA18.csv,SMD,MA18,TRUE,23,23,1,1.1628671993528081,0.16735016199267433,0.8158042054868249,1.5099301932187914,-0.10426664604229756,0.5382261059102695,0.6225385723465219,-0.7603666005176513,1.8368188123381903,0.5382261059102695,TRUE,FALSE,FALSE,0.5,1.0409638825024343,0.17417654292005158,0.1703480195107973,1.0409638825024343,0.17417654292005158,0.1703480195107973,23,22,0,0,-0.250374212011523,3.847736143148781,TRUE,TRUE,TRUE,FALSE,FALSE,TRUE,FALSE,FALSE,0.6246410934425386,0.6246410934425386,3.2161672238705696,0.8645666787867375,TRUE,FALSE,0.895478966967122,1.0629284887383792,1.2648771320960268e-7,FALSE,FALSE,CR1_sandwich_cluster_study_ID,single_derivation,two_derivations
MA39_1.csv,SMD,MA39,TRUE,37,21,2,-0.11816493551417973,0.11829107731418058,-0.358070359784584,0.12174048875622459,6.49213943645363e-5,6.49213943645363e-5,0.22686961600090164,-0.46050488472817674,0.4606347275169058,6.49213943645363e-5,TRUE,FALSE,FALSE,0.5,-0.06775623379617997,0.10090688747290898,0.09847503884582129,-0.15662802832839764,0.11661228242429593,0.11380193492456535,21,20,0,0,-1.8278968973436456,3.0172216928249767,TRUE,TRUE,TRUE,TRUE,TRUE,TRUE,TRUE,TRUE,0.11810001411981519,0.11822985690854426,5.488274841905901e-4,2.8616169722911814e-4,TRUE,TRUE,0.05000003450386037,4259.631579854067,0.4993584751387011,FALSE,FALSE,CR1_sandwich_cluster_study_ID,single_derivation,two_derivations
MA39_2.csv,SMD,MA39,TRUE,15,11,3,0.052008863240549645,0.2519697603594166,-0.48841252453616624,0.5924302510172655,-0.581464963736083,-0.2216528591861602,1.0387248689542936,-2.4656815087634376,2.0223757903911173,0.052008863240549645,FALSE,FALSE,FALSE,0.5,-0.05881185847052301,0.15163825712980278,0.14458140527167065,-0.07298753090518058,0.13325024284916,0.12704912156456405,11,10,0,0,-0.9074908665728929,5.47691420757774,TRUE,TRUE,TRUE,TRUE,TRUE,TRUE,TRUE,FALSE,0,0,0.20640914674190575,0.05006991244265488,TRUE,TRUE,0.054894750365632516,11.384810283199581,0.2758249671651442,TRUE,TRUE,CR1_sandwich_cluster_study_ID,single_derivation,two_derivations
MA17.csv,Zr,MA17,FALSE,66,22,1,0.07359859190408709,0.04475894647980437,-0.015791196850419062,0.16298838065859322,-0.11741411116013852,-0.05101777113436367,0.08973414508252797,-0.23033715130121754,0.1283016090324902,-0.05101777113436367,TRUE,FALSE,FALSE,0.5,0.07427262557204263,0.05680217025873952,0.05549619866922889,0.06146325216148728,0.035973846047838175,0.0351467505215598,22,21,4,0.06060606060606061,-0.606,1.099,TRUE,TRUE,TRUE,TRUE,TRUE,TRUE,TRUE,TRUE,0.02258082076972342,0.12461636303845075,1.1398340476441584,0.5685435693118035,TRUE,TRUE,0.2070392820314224,2.212199759388985,0.004676712566881118,FALSE,FALSE,CR1_sandwich_cluster_study_ID,single_derivation,two_derivations
MA34.csv,Zr,MA34,FALSE,555,23,1,0.18344269148767187,0.029696176692393834,0.1251118198036518,0.24177356317169194,0.033965128840929566,0.06792939745298551,0.05469312566809585,-0.0395027153009779,0.17536151020694893,0.06792939745298551,TRUE,TRUE,FALSE,0.5,0.15455189430386945,0.050831746388212515,0.04971442870743919,0.14511265722883634,0.017947641955344814,0.017553140111325027,23,22,137,0.24684684684684685,-0.726631158,2.14573682,TRUE,TRUE,TRUE,FALSE,FALSE,FALSE,FALSE,FALSE,0.11551329403468635,0.11551329403468635,2.287479568721197,1.2420097886746082,TRUE,FALSE,0.6283718322406802,1.263052307306847,1.7205069277396342e-5,FALSE,FALSE,CR1_sandwich_cluster_study_ID,single_derivation,two_derivations
MA41_01.csv,Zr,MA41,FALSE,110,24,1,0.20862061601753856,0.06352594507633753,0.0827142581214522,0.33452697391362496,-0.4225839731273877,-0.1309901103404929,0.11944594866164472,-0.36777777260219674,0.10579755192121093,-0.1309901103404929,TRUE,TRUE,FALSE,0.5,0.1545591620608431,0.05804780551557922,0.056825609572553094,0.11391487446374109,0.06913514121188089,0.06767950153077319,24,23,8,0.07272727272727272,-1.125263741,1.821935425,TRUE,TRUE,TRUE,FALSE,TRUE,TRUE,TRUE,TRUE,0.07763050567704566,0.33961072635803147,2.0619938858538096,1.0966475783247316,TRUE,FALSE,0.5406623876361755,1.3559917063833162,5.3375622323992296e-5,FALSE,FALSE,CR1_sandwich_cluster_study_ID,single_derivation,two_derivations
MA41_02.csv,Zr,MA41,FALSE,184,27,1,0.1607852566099663,0.09617534534788813,-0.028969845703762126,0.35054035892369473,-0.16722506220257782,-0.07534470339803352,0.15689730121026962,-0.3849277181768435,0.2342383113807765,-0.07534470339803352,TRUE,FALSE,FALSE,0.5,0.1047967813375701,0.10112882682886094,0.09923840169386441,0.020824859408681895,0.1545283242632472,0.1516396896630407,27,26,40,0.21739130434782608,-1.200245713,1.950984293,TRUE,TRUE,TRUE,TRUE,TRUE,TRUE,TRUE,TRUE,0.08544055321193277,0.2361299600079998,0.7834097514856283,0.4802166947222281,TRUE,TRUE,0.12272730852092184,3.123532988996782,0.024775019696792206,FALSE,FALSE,CR1_sandwich_cluster_study_ID,single_derivation,two_derivations
MA41_03.csv,Zr,MA41,FALSE,129,36,2,0.18584626471612667,0.0743938830795319,0.038645256860413646,0.3330472725718397,-0.059005582817953074,-0.059005582817953074,0.1249924236281245,-0.30634303238313876,0.1883318667472326,-0.059005582817953074,TRUE,FALSE,TRUE,0.5,0.20381732808908465,0.06570464798294688,0.06478565659793149,0.28889114662206705,0.0920921246980587,0.09080405951814566,36,35,14,0.10852713178294573,-1.163496006,1.351183368,TRUE,TRUE,TRUE,FALSE,FALSE,TRUE,TRUE,TRUE,0.1268406818981736,0.24485184753407974,0.7931510008003247,0.4720732753651178,TRUE,FALSE,0.12459450918611914,3.087567082904254,0.023689309945104597,FALSE,FALSE,CR1_sandwich_cluster_study_ID,single_derivation,two_derivations
MA41_04.csv,Zr,MA41,FALSE,104,20,3,0.24512817572299164,0.07304969491028543,0.10025133502078246,0.3900050164252008,0.2839992253464888,0.27686724011738756,0.09125641087364529,0.09586058183604612,0.457873898398729,0.24512817572299164,FALSE,FALSE,FALSE,0.5,0.2525229716707218,0.07099956668847465,0.06920181750831116,0.17949963151596868,0.0653567364770152,0.06370186694893416,20,19,0,0,-1.66235145,1.293700357,TRUE,TRUE,TRUE,FALSE,FALSE,FALSE,FALSE,FALSE,0,0,3.355635858904559,2.686147453929555,FALSE,FALSE,0.918593389341217,1.0488686824468862,5.786376228083103e-8,FALSE,FALSE,CR1_sandwich_cluster_study_ID,single_derivation,two_derivations
MA43.csv,Zr,MA43,FALSE,13,8,3,0.08173653449350099,0.08404385229021741,-0.10137928913108221,0.26485235811808416,-0.1111191086685107,0.04881817145103004,0.0765752771467921,-0.1197228771789638,0.21735922008102387,0.04881817145103004,TRUE,FALSE,FALSE,0.5,0.08359503029017488,0.061667738367533496,0.05768488719713112,0.0651961700062466,0.0647942114122716,0.060609434937729606,8,7,1,0.07692307692307693,-0.207946366,2.646652412,TRUE,TRUE,TRUE,TRUE,TRUE,TRUE,FALSE,FALSE,0.03291836304247095,0.03291836304247095,0.5808654663098113,0.6375187040779144,TRUE,TRUE,0.0894616828249919,4.146919356338748,0.06180850079187572,FALSE,FALSE,CR1_sandwich_cluster_study_ID,single_derivation,two_derivations
MA45_01.csv,Zr,MA45,FALSE,28,25,1,0.6550095383508181,0.03551654778484713,0.5821356017658385,0.7278834749357977,0.38823133418537376,0.49366752420765586,0.0509104265214703,0.3888155380495738,0.5985195103657379,0.49366752420765586,TRUE,TRUE,TRUE,0.5,0.621237526429446,0.04204972304342653,0.04120014611269869,0.6271707858018328,0.043327301517850386,0.042451912260179414,25,24,0,0,0.45,1.05,TRUE,TRUE,FALSE,FALSE,FALSE,FALSE,FALSE,FALSE,0.16134201414316224,0.16134201414316224,13.899648332889928,9.69678625653358,FALSE,FALSE,1,1,6.031812924633213e-57,FALSE,FALSE,CR1_sandwich_cluster_study_ID,single_derivation,two_derivations
MA45_02.csv,Zr,MA45,FALSE,11,10,1,0.9856311968197567,0.17386793342332124,0.5982292992446918,1.3730330943948217,0.11874784466863862,0.2811670354303105,0.3125120477545397,-0.43948703899277997,1.0018211098534011,0.2811670354303105,TRUE,FALSE,TRUE,0.5,1.1253054900947717,0.24702923767074045,0.23435251190838224,1.1030766991968988,0.24590793381125528,0.2332887496648491,10,9,0,0,0.51,1.95,TRUE,TRUE,FALSE,FALSE,FALSE,FALSE,FALSE,FALSE,0.7044641613894462,0.7044641613894462,1.6171299094338751,0.8996998274164172,TRUE,FALSE,0.36603536246746604,1.6356791412736023,4.745926707531935e-4,FALSE,FALSE,CR1_sandwich_cluster_study_ID,single_derivation,two_derivations
MA47_1.csv,Zr,MA47,FALSE,65,25,1,0.09574666360048853,0.05010860887758607,-0.0043567902908719924,0.19585011749184905,-0.05869655749438599,0.008735408090999191,0.0926155921786396,-0.17640052270728077,0.19387133888927913,0.008735408090999191,TRUE,FALSE,FALSE,0.5,0.04888019510515651,0.04612574736977468,0.045193818024188495,0.02565909879586108,0.03448015257770742,0.03378351202747731,25,24,17,0.26153846153846155,-0.63,1.46,TRUE,TRUE,TRUE,TRUE,TRUE,TRUE,FALSE,FALSE,0.08701125550948934,0.08701125550948934,0.17432948722123873,0.09431897897008623,TRUE,TRUE,0.053488611411264264,13.460746050968273,0.30678273809086426,FALSE,FALSE,CR1_sandwich_cluster_study_ID,single_derivation,two_derivations
MA47_2.csv,Zr,MA47,FALSE,38,26,3,0.32194966265729363,0.07460581772359097,0.17078391708763008,0.4731154082269572,0.28054055493352764,0.31697858256479317,0.09300932455353997,0.12834692940251502,0.5056102357270713,0.31697858256479317,TRUE,FALSE,FALSE,0.5,0.3022545315892349,0.06803265222870722,0.06671150409147111,0.2906909477993496,0.060807409993829414,0.059626571178764055,26,25,1,0.02631578947368421,-0.9,1.86,TRUE,TRUE,TRUE,FALSE,FALSE,FALSE,FALSE,FALSE,0.004971080092500468,0.004971080092500468,4.248711323548189,3.4080301527437427,FALSE,FALSE,0.9889529818723396,1.0069180041185029,2.701498154394226e-10,FALSE,FALSE,CR1_sandwich_cluster_study_ID,single_derivation,two_derivations
